name,address,phone,longitude,latitude,place_id,business_status,google_maps_url,source
"""Waves on the Beach"" a Seafood Restaurant","UdaySamudra Beach Hotel & Spa, CX2C+HP9, G.V.Raja Road, Samudra Beach, Kovalam, Thiruvananthapuram, Kerala 695527, India",+91 471 248 1654,76.97186099999999,8.401413,ChIJPbhh6walBTsRxIYxs_rpztQ,CLOSED_TEMPORARILY,https://www.google.com/maps/place/?q=place_id:ChIJPbhh6walBTsRxIYxs_rpztQ,restaurants.csv
7day's Hotel,"Ambalathara near, bus stop, near ambalathara, Karimbuvila, Beemapally, Thiruvananthapuram, Kerala 695026, India",,76.94739229999999,8.4483795,ChIJ98nCzTC7BTsRYxrs1F2CXF0,OPERATIONAL,https://www.google.com/maps/place/?q=place_id:ChIJ98nCzTC7BTsRYxrs1F2CXF0,restaurants.csv
A K Hotel,"GV5W+64H, Madhavapuram Colony, Kochuveli, Thiruvananthapuram, Kerala 695021, India",+91 98958 99818,76.8953681,8.5080715,ChIJ_abYDAC9BTsRMGJgBYWLoNQ,OPERATIONAL,https://www.google.com/maps/place/?q=place_id:ChIJ_abYDAC9BTsRMGJgBYWLoNQ,restaurants.csv
A M JUICE CORNER,"A M JUICE CORNER, Amballoor, Thiruvananthapuram, Kerala 695585, India",+91 77367 71273,76.8750326,8.5877862,ChIJAZ8CLVO_BTsRG95pgNQmTnQ,OPERATIONAL,https://www.google.com/maps/place/?q=place_id:ChIJAZ8CLVO_BTsRG95pgNQmTnQ,restaurants.csv
A one Family Restaurant &Cool bar,"92WF+6J8, Junction, uchakkada, Vizhinjam, Venganoor, Kerala 695501, India",,77.02407819999999,8.3955492,ChIJzx6bRQCvBTsR9f1j372EAL0,OPERATIONAL,https://www.google.com/maps/place/?q=place_id:ChIJzx6bRQCvBTsR9f1j372EAL0,restaurants.csv
A1 Bakery and Hotel,"Venchavode, Junction, Chempazhanthy, Sreekaryam, Thiruvananthapuram, Kerala 695017, India",,76.9126276,8.5600445,ChIJxU7a_be_BTsRpX_xgfbDhUo,OPERATIONAL,https://www.google.com/maps/place/?q=place_id:ChIJxU7a_be_BTsRpX_xgfbDhUo,restaurants.csv
Aami Hot Chips & Bakery,"GX7H+QQ9, Maruthumkuzhi, Thiruvananthapuram, Kerala 695030, India",+91 98957 42310,76.97949559999999,8.514405499999999,ChIJEQP_SDu6BTsRE9ODz4tcDnc,OPERATIONAL,https://www.google.com/maps/place/?q=place_id:ChIJEQP_SDu6BTsRE9ODz4tcDnc,restaurants.csv
Aarya Hotel,"GWCH+HX2, Medical College Murinjapalam Rd, Murinjapalam, Thiruvananthapuram, Kerala 695011, India",,76.9298838,8.521398099999999,ChIJV3rxMuO7BTsR7_XU9vQaRH8,OPERATIONAL,https://www.google.com/maps/place/?q=place_id:ChIJV3rxMuO7BTsR7_XU9vQaRH8,restaurants.csv
Aasife Biriyani - Eanchakkal (Trivandrum) Now Open Till 3:00 A.M,"SS Plaza, NH Bypass Service Rd, Eanchakkal, Thiruvananthapuram, Kerala 695008, India",+91 91691 60329,76.9334739,8.4809893,ChIJFwS7WwC7BTsRzJ56ncOVYn0,OPERATIONAL,https://www.google.com/maps/place/?q=place_id:ChIJFwS7WwC7BTsRzJ56ncOVYn0,restaurants.csv
Aasife Biriyani - Kesavadasapuram (Trivandrum),"The Vintage by Favourite Homes TC 14/4227(1, 2/3/4, Ulloor - Akkulam Rd, near by Ideal Home Appliance, Aiswarya Nagar, Kesavadasapuram, Thiruvananthapuram, Kerala 695004, India",+91 91291 21277,76.93256199999999,8.5292123,ChIJUUgOuYe5BTsRQZN90aJ64O8,OPERATIONAL,https://www.google.com/maps/place/?q=place_id:ChIJUUgOuYe5BTsRQZN90aJ64O8,restaurants.csv
Aasife Biriyani - Thampanoor (Trivandrum),"Teekay Palace Building, Aristo Junction, Aristo, Thampanoor, Thiruvananthapuram, Kerala 695001, India",+91 95262 14926,76.9537592,8.4895132,ChIJ_xws7i67BTsR2Wc7nUCg7eQ,OPERATIONAL,https://www.google.com/maps/place/?q=place_id:ChIJ_xws7i67BTsR2Wc7nUCg7eQ,restaurants.csv
Aasife Biriyani - Vellayambalam (Trivandrum),"Bus Stand, Vellayambalam - Sasthamangalam Rd, Althara Nagar, Vellayambalam, Thiruvananthapuram, Kerala 695010, India",+91 91691 60293,76.9634511,8.5120569,ChIJE614OQC7BTsR_ge1poRt2p4,OPERATIONAL,https://www.google.com/maps/place/?q=place_id:ChIJE614OQC7BTsR_ge1poRt2p4,restaurants.csv
Aavi Restaurant,"Near Infosys, thampuran nada, Kulathoor, Thiruvananthapuram, Kerala 695583, India",+91 98950 81688,76.8850844,8.530582299999999,ChIJxRj6iLG_BTsRojDn-pX9Fnk,OPERATIONAL,https://www.google.com/maps/place/?q=place_id:ChIJxRj6iLG_BTsRojDn-pX9Fnk,restaurants.csv
Abhikar Pure Vegetarian Restaurant,"FXGC+WR6, Main Road, Neeramankara, Karamana, Thiruvananthapuram, Kerala 695018, India",+91 70122 40078,76.9720048,8.4772759,ChIJmRCY3Pu6BTsRUNS5uWgL2K4,OPERATIONAL,https://www.google.com/maps/place/?q=place_id:ChIJmRCY3Pu6BTsRUNS5uWgL2K4,restaurants.csv
Abraca Dabra Juice & Foods,"Bypass road, Kumarichantha, Poonthura, Thiruvananthapuram, Kerala 695026, India",+91 70127 32207,76.94841199999999,8.449671,ChIJK8Vg64u7BTsRYyuJHzFs7nc,OPERATIONAL,https://www.google.com/maps/place/?q=place_id:ChIJK8Vg64u7BTsRYyuJHzFs7nc,restaurants.csv
Abrar Family Restaurant,"FW2W+MMF, NH Bypass Service Rd, Karimbuvila, Beemapally, Thiruvananthapuram, Kerala 695026, India",+91 90741 39595,76.94666769999999,8.4516752,ChIJKVEmI4q7BTsRiuiQZX35Jcg,OPERATIONAL,https://www.google.com/maps/place/?q=place_id:ChIJKVEmI4q7BTsRiuiQZX35Jcg,restaurants.csv
Absolut Kitchen,"Pipinmoodu, Sasthamangalam, Thiruvananthapuram, Kerala 695010, India",+91 90746 68017,76.9723195,8.5198475,ChIJWc-DzRW7BTsRbTDkVkA4qEk,OPERATIONAL,https://www.google.com/maps/place/?q=place_id:ChIJWc-DzRW7BTsRbTDkVkA4qEk,restaurants.csv
Agastya Farm Pure Veg Restaurant,"Aristo Junction, Aristo, Thampanoor, Thiruvananthapuram, Kerala 695001, India",+91 94009 40017,76.95376449999999,8.489743899999999,ChIJB3JVdM27BTsRhArhufcxeNw,OPERATIONAL,https://www.google.com/maps/place/?q=place_id:ChIJB3JVdM27BTsRhArhufcxeNw,restaurants.csv
Agrahaara Restaurant,"Sreevaraham, Muttathara, Thiruvananthapuram, Kerala 695009, India",+91 98463 29692,76.9426727,8.476951099999999,ChIJUQ-CXwu7BTsRH2bQZfIYwFQ,OPERATIONAL,https://www.google.com/maps/place/?q=place_id:ChIJUQ-CXwu7BTsRH2bQZfIYwFQ,restaurants.csv
Aishwarya hotel,"GX7H+44X, Maruthumkuzhi, Thiruvananthapuram, Kerala 695030, India",,76.9778029,8.5128323,ChIJ9WMYCQC7BTsRTVglsktuekI,OPERATIONAL,https://www.google.com/maps/place/?q=place_id:ChIJ9WMYCQC7BTsRTVglsktuekI,restaurants.csv
Aiswarya Fast Food,"GXWP+VPC, Vazhayila Mukkola Rd, Mukkola, Nettayam, Thiruvananthapuram, Kerala 695564, India",,76.9867582,8.5471831,ChIJmxjUGTm5BTsRu-GYCU8NKYQ,OPERATIONAL,https://www.google.com/maps/place/?q=place_id:ChIJmxjUGTm5BTsRu-GYCU8NKYQ,restaurants.csv
Aiswarya Hotel,"FXFG+CVW, Kaimanam, Pappanamcode, Thiruvananthapuram, Kerala 695018, India",,76.9772134,8.4736108,ChIJMQiWVZm7BTsR8i4crewUM_U,OPERATIONAL,https://www.google.com/maps/place/?q=place_id:ChIJMQiWVZm7BTsR8i4crewUM_U,restaurants.csv
Aiswarya Hotel,"ASOKA BUILDING, Ambady Nagar, Amadi Nagar, Sreekaryam, Thiruvananthapuram, Kerala 695017, India",,76.9083648,8.548929099999999,ChIJgRz4KQC_BTsRFrcWIdeOS8g,OPERATIONAL,https://www.google.com/maps/place/?q=place_id:ChIJgRz4KQC_BTsRFrcWIdeOS8g,restaurants.csv
Aiswarya Hotel & Family Restaurant,"Peringammala, Pallichal, Venganoor, Kerala 695042, India",+91 95260 60901,77.0183459,8.4140071,ChIJ_-drkY6vBTsRCzvvYYd3Zzw,OPERATIONAL,https://www.google.com/maps/place/?q=place_id:ChIJ_-drkY6vBTsRCzvvYYd3Zzw,restaurants.csv
Aiswarya Restaurant,"Vattiyoorkavu, Thiruvananthapuram, Kerala 695013, India",+91 97447 09840,76.9886927,8.5247073,ChIJU0oEV627BTsRLKrIMJ34VdI,OPERATIONAL,https://www.google.com/maps/place/?q=place_id:ChIJU0oEV627BTsRLKrIMJ34VdI,restaurants.csv
AISWARYA RESTAURANT,"Shop No 1, Aiswarya Restaurant, Trivandrum Road, opposite Optima Battery Shop, Vattappara, Thiruvananthapuram, Kerala 695028, India",+91 90746 42772,76.9505573,8.5921102,ChIJFfcxzVG5BTsRf-iaRrvuINw,OPERATIONAL,https://www.google.com/maps/place/?q=place_id:ChIJFfcxzVG5BTsRf-iaRrvuINw,restaurants.csv
Ajith Family Restaurant,"HWRX+2WG, Vattappara, Thiruvananthapuram, Vattappara, Kerala 695028, India",+91 95448 83956,76.949837,8.5900749,ChIJydu7KpO4BTsRcIprP1Do9n0,OPERATIONAL,https://www.google.com/maps/place/?q=place_id:ChIJydu7KpO4BTsRcIprP1Do9n0,restaurants.csv
Ajwa Biriyani,"No-114 Kalabhavan Mani Road, Near, Women's College Rd, Panavila, Thycaud, Thiruvananthapuram, Kerala 695014, India",+91 95679 02777,76.9558284,8.4978819,ChIJRdsdIbG7BTsRUks02N9A5tM,OPERATIONAL,https://www.google.com/maps/place/?q=place_id:ChIJRdsdIbG7BTsRUks02N9A5tM,restaurants.csv
AK Caters & Restaurant,"2nd, Pravachambalam - Ooruttambalam Rd, Pallichal, Kerala 695020, India",+91 94951 54574,77.02051399999999,8.4493521,ChIJLQb3WDGxBTsRfIiWvYFqYOs,OPERATIONAL,https://www.google.com/maps/place/?q=place_id:ChIJLQb3WDGxBTsRfIiWvYFqYOs,restaurants.csv
AK RESTAURANT,"F234+75H, Ganapathy Kovil Rd, Nemom, Kerala 695020, India",,77.0054736,8.4531752,ChIJQT4WGuu7BTsR6EjC1FIBtNM,OPERATIONAL,https://www.google.com/maps/place/?q=place_id:ChIJQT4WGuu7BTsR6EjC1FIBtNM,restaurants.csv
Akash Hotel,"GVVV+FQV, Manvila Industrial Estate, Manvila, Thiruvananthapuram, Kerala 695583, India",,76.89442559999999,8.5437294,ChIJfyw0uZy_BTsRnvTe-rlmmdA,OPERATIONAL,https://www.google.com/maps/place/?q=place_id:ChIJfyw0uZy_BTsRnvTe-rlmmdA,restaurants.csv
Akash Restaurant,"Arashumoodu jn, Anayara Rd, near Mahadeva temple, Anayara, Thiruvananthapuram, Kerala 695029, India",+91 81291 09519,76.9174269,8.5046283,ChIJTekoa_K9BTsRQy3iqbYXgrg,OPERATIONAL,https://www.google.com/maps/place/?q=place_id:ChIJTekoa_K9BTsRQy3iqbYXgrg,restaurants.csv
Akhila's kitchen,"Tvra 54, V P Thampi Rd, Kudappanakunnu, Thiruvananthapuram, Kerala 695043, India",+91 99951 52496,76.9572558,8.553339,ChIJi0FvQNm5BTsRalBdqc0Rs-8,OPERATIONAL,https://www.google.com/maps/place/?q=place_id:ChIJi0FvQNm5BTsRalBdqc0Rs-8,restaurants.csv
Akshayam Pure Vegetarian Restaurant,"GXF3+F77, Kuravankonam, Thiruvananthapuram, Kerala 695003, India",,76.9531662,8.5236618,ChIJqxLiT9S7BTsRUgqfznJEqfc,OPERATIONAL,https://www.google.com/maps/place/?q=place_id:ChIJqxLiT9S7BTsRUgqfznJEqfc,restaurants.csv
Al Ameen Fast Food & Sea Food,"Vizhinjam - Balaramapuram Rd, Balaramapuram, Kerala 695501, India",,77.0432417,8.4203644,ChIJnSO2E5OvBTsRi7Ctpg9BCzA,OPERATIONAL,https://www.google.com/maps/place/?q=place_id:ChIJnSO2E5OvBTsRi7Ctpg9BCzA,restaurants.csv
Al Arabia Family Restaurant,"HXGW+G9H, Azhicode, Kerala 695564, India",,76.9959775,8.5763041,ChIJQ3bwJUa5BTsRsV--ND_hW0A,CLOSED_TEMPORARILY,https://www.google.com/maps/place/?q=place_id:ChIJQ3bwJUa5BTsRsV--ND_hW0A,restaurants.csv
Al Azhaar Family Restaurant,"junction, Sasthamangalam Rd, Valiyavila, Thiruvananthapuram, Kerala 695013, India",+91 98959 29387,76.99835019999999,8.5072637,ChIJh9P2nNy7BTsRdktDC2MIC5I,OPERATIONAL,https://www.google.com/maps/place/?q=place_id:ChIJh9P2nNy7BTsRdktDC2MIC5I,restaurants.csv
Al Baike Fried Chicken Restaurant,"Kazhakuttom, Kulathoor, Thiruvananthapuram, Kerala 695583, India",+91 95672 28222,76.87743499999999,8.545812,ChIJlyw8ovS-BTsRp8Fj4QBiYho,OPERATIONAL,https://www.google.com/maps/place/?q=place_id:ChIJlyw8ovS-BTsRp8Fj4QBiYho,restaurants.csv
AL FARAH RESTAURANT,"AL FARAH KURISHADI, Karyavattom, Thiruvananthapuram, Kerala 695582, India",+91 75610 07099,76.890746,8.5745947,ChIJoUIBpHC_BTsRW8BuIpBijW0,OPERATIONAL,https://www.google.com/maps/place/?q=place_id:ChIJoUIBpHC_BTsRW8BuIpBijW0,restaurants.csv
Al Hassan Family Restaurant - Manacaud,"FWGX+R66, Trivandrum Vizhinjam Rd, opposite SBI Branch Manacaud, Attakulangara, Thiruvananthapuram, Kerala 695009, India",+91 471 401 0444,76.94787149999999,8.476875099999999,ChIJkaq7tg67BTsRzJwH08O5hNY,OPERATIONAL,https://www.google.com/maps/place/?q=place_id:ChIJkaq7tg67BTsRzJwH08O5hNY,restaurants.csv
Al Maaz Grill House,"Kachani Aruvikkara Rd, near csi church, Nedumangadu, Kachani, Thiruvananthapuram, Kerala 695564, India",+91 89210 12123,76.9945212,8.5535976,ChIJxzI1XAC5BTsRoPZZA-CsDnE,OPERATIONAL,https://www.google.com/maps/place/?q=place_id:ChIJxzI1XAC5BTsRoPZZA-CsDnE,restaurants.csv
Al Mina Restaurant,"near Pick And Pay Super Market, Kurisadimukku, Thiruvananthapuram, Kerala 695582, India",+91 62380 58499,76.8905446,8.574411099999999,ChIJN3aDAzy_BTsRNGi7hyha124,OPERATIONAL,https://www.google.com/maps/place/?q=place_id:ChIJN3aDAzy_BTsRNGi7hyha124,restaurants.csv
Al Mubarak Family Restaurant,"FW4M+CC5, Valiyathura - Beemapally - Poonthura Rd, Beemapally, Thiruvananthapuram, Kerala 695008, India",,76.9336053,8.4560046,ChIJ-7-ekUO7BTsRleQ9qivOo9M,OPERATIONAL,https://www.google.com/maps/place/?q=place_id:ChIJ-7-ekUO7BTsRleQ9qivOo9M,restaurants.csv
Al Naztha Halal Fast Food,"GXGQ+8MX, Vattiyoorkavu, Thiruvananthapuram, Kerala 695013, India",,76.98922739999999,8.5258687,ChIJg1dpxWW7BTsRQyWCKshZexo,OPERATIONAL,https://www.google.com/maps/place/?q=place_id:ChIJg1dpxWW7BTsRQyWCKshZexo,restaurants.csv
Al Noor Restaurant & Fast Food,"HWCW+R4G, Junction, near Market, Maruthoor, Thiruvananthapuram, Kerala 695028, India",+91 97470 05868,76.945328,8.572058,ChIJvXKKE-G4BTsRnKmwEHnYNvo,OPERATIONAL,https://www.google.com/maps/place/?q=place_id:ChIJvXKKE-G4BTsRnKmwEHnYNvo,restaurants.csv
AL SANA HALAL HOTEL,"GWXV+G43, Step Junction, Thiruvananthapuram, Kerala 695015, India",,76.9427924,8.5487652,ChIJYSsTdAC5BTsRXHGtH028oys,OPERATIONAL,https://www.google.com/maps/place/?q=place_id:ChIJYSsTdAC5BTsRXHGtH028oys,restaurants.csv
AL SANAS FAST FOOD,"SHOP NO1, AL SANAS FOOD COURT, M C ROAD, opp. CANARA BANK, Nalanchira, Thiruvananthapuram, Kerala 695015, India",+91 70259 06675,76.9430958,8.5510983,ChIJBdD8NEO5BTsRdu4ruWtgVsU,OPERATIONAL,https://www.google.com/maps/place/?q=place_id:ChIJBdD8NEO5BTsRdu4ruWtgVsU,restaurants.csv
Al Shais Kitchen Indo Arabic Chinese Family Restaurant,"Elamkulam Ln, Gowari Nagar, Sreekaryam, Thiruvananthapuram, Kerala 695017, India",+91 79070 13515,76.92152779999999,8.5475116,ChIJuWRVqDy5BTsRvE5ZOXJOAGg,OPERATIONAL,https://www.google.com/maps/place/?q=place_id:ChIJuWRVqDy5BTsRvE5ZOXJOAGg,restaurants.csv
Al Sousan Fast Food,"1, Pachalloor Punkulam Rd, Thiruvallam, Thiruvananthapuram, Kerala 695027, India",,76.96391899999999,8.433872599999999,ChIJ24eNG9akBTsRhFn5YdiV65Y,OPERATIONAL,https://www.google.com/maps/place/?q=place_id:ChIJ24eNG9akBTsRhFn5YdiV65Y,hotels.csv (food business)
Al Tawa Broast & Grill,"GXHQ+FW2, Mannarakonam Junction, Nettayam, Thiruvananthapuram, Kerala 695013, India",,76.9897551,8.528636299999999,ChIJBV45QwC5BTsR5sYr-vPfoDY,OPERATIONAL,https://www.google.com/maps/place/?q=place_id:ChIJBV45QwC5BTsR5sYr-vPfoDY,restaurants.csv
Al Tawa Kuzhi Mandi,"Mannarakonam - Thoppumukku Rd, Vattiyoorkavu, Maruthankuzhi, Thiruvananthapuram, Kerala 695013, India",+91 92888 88885,76.99107,8.5259155,ChIJwfuoMB66BTsRUCuJDdAAzK8,OPERATIONAL,https://www.google.com/maps/place/?q=place_id:ChIJwfuoMB66BTsRUCuJDdAAzK8,restaurants.csv
Al Thaj Restaurant,"G277+5J2, Pallimukku, Peyad, Thiruvananthapuram, Kerala 695573, India",+91 94967 07903,77.0140224,8.5128759,ChIJV3jewqawBTsR0Y96_1qRTFI,OPERATIONAL,https://www.google.com/maps/place/?q=place_id:ChIJV3jewqawBTsR0Y96_1qRTFI,restaurants.csv
ALAAKAT SEA FOOD RESTAURANT,"Chacka, Thiruvananthapuram, Kerala 695024, India",+91 79076 34053,76.924418,8.4906265,ChIJ1V6Biry7BTsRfTCCxKFUezQ,CLOSED_TEMPORARILY,https://www.google.com/maps/place/?q=place_id:ChIJ1V6Biry7BTsRfTCCxKFUezQ,restaurants.csv
Alfa RESTAURANT,"FX3X+6H6, Nemom Punnamoodu Rd, Santhivila, Kerala 695020, India",,76.9988995,8.453025400000001,ChIJqz5VS6W6BTsRaNTa4fztVgA,OPERATIONAL,https://www.google.com/maps/place/?q=place_id:ChIJqz5VS6W6BTsRaNTa4fztVgA,restaurants.csv
ALFIYA Fast Food,"Vellayani Junction, Nemom, Kerala 695020, India",+91 97463 55231,76.999906,8.45731,ChIJgeEvp6S6BTsRExYBn8XqS4Y,OPERATIONAL,https://www.google.com/maps/place/?q=place_id:ChIJgeEvp6S6BTsRExYBn8XqS4Y,restaurants.csv
Alif Mandi House,"3, Service Road, opposite Technopark Phase 3, Karippottu Vilakom, Kulathoor, Thiruvananthapuram, Kerala 695582, India",+91 99468 09008,76.87691500000001,8.5475844,ChIJlaBsni6_BTsRo2AiwPD-okE,OPERATIONAL,https://www.google.com/maps/place/?q=place_id:ChIJlaBsni6_BTsRo2AiwPD-okE,restaurants.csv
Alis kitchen,"KTDC, Kovalam, Thiruvananthapuram, Kerala 695527, India",,76.9731401,8.398875199999999,ChIJ5cexcAClBTsR9WiJj5_Ue0g,OPERATIONAL,https://www.google.com/maps/place/?q=place_id:ChIJ5cexcAClBTsR9WiJj5_Ue0g,restaurants.csv
Allus Kitchen,"Allus Kitchen, near Vj Hospital, Vattappara, Thiruvananthapuram, Kerala 695028, India",+91 96054 21376,76.950972,8.591586399999999,ChIJFVSblKu5BTsRXUnzGgmdsWA,CLOSED_TEMPORARILY,https://www.google.com/maps/place/?q=place_id:ChIJFVSblKu5BTsRXUnzGgmdsWA,restaurants.csv
Althaf Bakery And Stores,"H2F7+RVX, Aruvikkara, Kerala 695564, India",,77.01471939999999,8.5746105,ChIJyy8qFYG3BTsRCmoYnkfyQfs,CLOSED_TEMPORARILY,https://www.google.com/maps/place/?q=place_id:ChIJyy8qFYG3BTsRCmoYnkfyQfs,restaurants.csv
AM Restaurant,"FWVG+GQG, Palayam Airport Rd, Pettah, Thiruvananthapuram, Kerala 695024, India",+91 98956 31205,76.9269465,8.4938214,ChIJ4cFkoI-7BTsRAhQRzROFYzY,OPERATIONAL,https://www.google.com/maps/place/?q=place_id:ChIJ4cFkoI-7BTsRAhQRzROFYzY,restaurants.csv
Amaram Restaurant,"Jagathy, DPI, Junction, Thiruvananthapuram, Kerala 695014, India",,76.9613568,8.49588,ChIJd6Fl4E67BTsRmh16YAZiQE0,OPERATIONAL,https://www.google.com/maps/place/?q=place_id:ChIJd6Fl4E67BTsRmh16YAZiQE0,restaurants.csv
Ambadi Hotel and Family Restaurant,"Pazhavadi, Nedumangad, Kerala 695541, India",+91 81389 01445,77.0031872,8.6066129,ChIJ7Rr3EOy5BTsReXEQtHhczDM,OPERATIONAL,https://www.google.com/maps/place/?q=place_id:ChIJ7Rr3EOy5BTsReXEQtHhczDM,restaurants.csv
Ambadi Kannan Restaurant,"GWCH+JVG, Medical College Murinjapalam Rd, Murinjapalam, Thiruvananthapuram, Kerala 695011, India",,76.9297051,8.5215699,ChIJ6T2mLeO7BTsRVCZq42dWqz8,OPERATIONAL,https://www.google.com/maps/place/?q=place_id:ChIJ6T2mLeO7BTsRVCZq42dWqz8,restaurants.csv
Ambady Hotel And Tea Shop,"HWCF+694, Mukkilkada, Thiruvananthapuram, Kerala 695587, India",,76.9234592,8.5705168,ChIJfxlOLNS4BTsRwnQv-bkuOeA,OPERATIONAL,https://www.google.com/maps/place/?q=place_id:ChIJfxlOLNS4BTsRwnQv-bkuOeA,restaurants.csv
Ambalapatt Restaurant,"GWCR+X8F, Opposite Life Insurance Corporation of India, Pattom, Pattom, Thiruvananthapuram, Kerala 695004, India",+91 94470 66647,76.9408041,8.5224472,ChIJdYUUh-C7BTsRg-s4D6jUNdE,OPERATIONAL,https://www.google.com/maps/place/?q=place_id:ChIJdYUUh-C7BTsRg-s4D6jUNdE,restaurants.csv
Ambis Kitchen,"Panachi, Niranjan Squre, Manacaud, Thiruvananthapuram, Kerala 695009, India",+91 73562 22234,76.94785739999999,8.4754963,ChIJAXRYspy7BTsRR_Ry6J44Wh8,OPERATIONAL,https://www.google.com/maps/place/?q=place_id:ChIJAXRYspy7BTsRR_Ry6J44Wh8,restaurants.csv
AMIYA Restaurant,"G2QV+MCV, Kadambanad Cheriyakonni Road, Nedumkuzhi, Vilappilsala, Vilappil, Kerala 695543, India",,77.0435516,8.5392488,ChIJgy47CzC3BTsRGeGJ6KCPcAw,OPERATIONAL,https://www.google.com/maps/place/?q=place_id:ChIJgy47CzC3BTsRGeGJ6KCPcAw,restaurants.csv
AMMA RESTAURANT,"CV Raman Pillai Rd, Althara Junction, Nandavanam, Vellayambalam, Thiruvananthapuram, Kerala 695010, India",+91 93493 13329,76.96238009999999,8.5087248,ChIJH3UtE8u7BTsRkmwfJ3RgHCA,OPERATIONAL,https://www.google.com/maps/place/?q=place_id:ChIJH3UtE8u7BTsRkmwfJ3RgHCA,restaurants.csv
Amma Royal Family Restaurant,"opposite public health lab, Ayyankali Nagar, Pattoor, Thiruvananthapuram, Kerala 695035, India",+91 95448 23029,76.9393666,8.4996662,ChIJM_gRE9u7BTsRy5yFjIHvyC4,OPERATIONAL,https://www.google.com/maps/place/?q=place_id:ChIJM_gRE9u7BTsRy5yFjIHvyC4,restaurants.csv
Amma ruchi Restaurant,"GWHG+8XJ, Ulloor - Akkulam Rd, Ulloor, Thiruvananthapuram, Kerala 695011, India",,76.9274018,8.528328499999999,ChIJhdKNPAC5BTsRvU3Zsf-OLzU,OPERATIONAL,https://www.google.com/maps/place/?q=place_id:ChIJhdKNPAC5BTsRvU3Zsf-OLzU,restaurants.csv
Amma Veedu Family Restaurant,"to, Vazhuthacaud - Poojappura Rd, near PWD Rest House and Police Training College, Thycaud, Thiruvananthapuram, Kerala 695014, India",+91 85900 88330,76.9587878,8.4918554,ChIJU84c6By7BTsRr2hxqic3X6M,OPERATIONAL,https://www.google.com/maps/place/?q=place_id:ChIJU84c6By7BTsRr2hxqic3X6M,restaurants.csv
Ammachi hotel,"Railway Station, near Pettah, Pallimukku, Pettah, Thiruvananthapuram, Kerala 695024, India",+91 87873 99439,76.9315458,8.495183899999999,ChIJeVfUYDa7BTsRkNct3PN3gJQ,OPERATIONAL,https://www.google.com/maps/place/?q=place_id:ChIJeVfUYDa7BTsRkNct3PN3gJQ,restaurants.csv
Ammas Kitchen (homely foods),"Panayil veedu, Durga Nagar, 65, poomalliyoorkonam, Peroorkada, Thiruvananthapuram, Kerala 695005, India",+91 95620 35441,76.9574057,8.5424483,ChIJMZqsQtG5BTsR-e7Ix6cAzPo,OPERATIONAL,https://www.google.com/maps/place/?q=place_id:ChIJMZqsQtG5BTsR-e7Ix6cAzPo,restaurants.csv
Amma’s kitchen,"EVRA185, Vazhuthacaud, Thiruvananthapuram, Kerala 695014, India",+91 79074 19523,76.9665614,8.503325,ChIJ7fn2QJy7BTsRk7vyZr9WdOo,OPERATIONAL,https://www.google.com/maps/place/?q=place_id:ChIJ7fn2QJy7BTsRk7vyZr9WdOo,restaurants.csv
AMRITHA HOTEL,"AMRITHA HOTEL Near SREEKARIYAM JUNCTION Ulloor, Road, Sreekaryam, Thiruvananthapuram, Kerala 695017, India",+91 99956 53625,76.9182175,8.5487567,ChIJ4aqxqZO5BTsRZPmbJDis45k,OPERATIONAL,https://www.google.com/maps/place/?q=place_id:ChIJ4aqxqZO5BTsRZPmbJDis45k,restaurants.csv
Amrutam Vegetarian Restaurant,"Devaswom Board Jct, Nanthancodu, Thiruvananthapuram, Kerala 695003, India",+91 96331 44544,76.95693589999999,8.5174076,ChIJw6CtXgC7BTsRn8JTn4Co3JQ,OPERATIONAL,https://www.google.com/maps/place/?q=place_id:ChIJw6CtXgC7BTsRn8JTn4Co3JQ,restaurants.csv
Anagha hot chipps and bakery,"Peringammala, Trivandrum, Pallichal, Kerala 695042, India",+91 98955 88248,77.0207278,8.4172754,ChIJFRBx_JSvBTsR7D2ps01SS6U,OPERATIONAL,https://www.google.com/maps/place/?q=place_id:ChIJFRBx_JSvBTsR7D2ps01SS6U,restaurants.csv
ANANDHAAS VEG RESTAURANT,"Pravachambalam Near SBI Thiruvanthapuram, Pravachambalam, Nemom, Kerala 695020, India",+91 85473 33031,77.01054719999999,8.4498588,ChIJpXipgQewBTsRJmzKrGaYS1Y,OPERATIONAL,https://www.google.com/maps/place/?q=place_id:ChIJpXipgQewBTsRJmzKrGaYS1Y,restaurants.csv
Ananthapuri Hospital Restaurant,"Ananthapuri Hospital Chackai, FWPG+FR6, Eanchakkal, Thiruvananthapuram, Kerala 695024, India",,76.92701579999999,8.4861572,ChIJX1eKVGi7BTsRx3B1iQxNndo,OPERATIONAL,https://www.google.com/maps/place/?q=place_id:ChIJX1eKVGi7BTsRx3B1iQxNndo,restaurants.csv
"ANANTHU HOTEL, അനന്ദു ഹോട്ടൽ","C29C+G93, Peringammala, Pallichal, Kerala 695042, India",,77.02092689999999,8.418759099999999,ChIJIZIZZUivBTsR-FDSYcHfJz8,OPERATIONAL,https://www.google.com/maps/place/?q=place_id:ChIJIZIZZUivBTsR-FDSYcHfJz8,restaurants.csv
Anas Hotel,"Puthenpalam, Subhash Nagar, Vallakkadavu, Thiruvananthapuram, Kerala 695008, India",+91 98473 35711,76.9321868,8.4785787,ChIJEXg7QHe7BTsRIJ5t9d1nKd4,OPERATIONAL,https://www.google.com/maps/place/?q=place_id:ChIJEXg7QHe7BTsRIJ5t9d1nKd4,restaurants.csv
Anchor66 Cloud Kitchen,"Santhosh Nagar Rd, Santhosh Nagar, Muttada, Nalanchira, Thiruvananthapuram, Kerala 695025, India",+91 94000 64410,76.9462141,8.536353799999999,ChIJ2bQxVQC5BTsRHi082jObtDg,OPERATIONAL,https://www.google.com/maps/place/?q=place_id:ChIJ2bQxVQC5BTsRHi082jObtDg,restaurants.csv
Anishma hotel,"C2C6+3M3, Kaakkamoola - Poonkulam Rd, Kakkakuzhi, Kerala 695042, India",,77.011662,8.420143,ChIJMeliCtqvBTsRtS-98SzYGcY,OPERATIONAL,https://www.google.com/maps/place/?q=place_id:ChIJMeliCtqvBTsRtS-98SzYGcY,restaurants.csv
ANJANA HOTEL,"Venniyoor, Venniyoor Rd, Veniyoor, Thiruvananthapuram, Venganoor, Kerala 695523, India",+91 86067 42940,77.0021192,8.412300199999999,ChIJ0Q4cBOalBTsR1P7KCvfXy_4,CLOSED_TEMPORARILY,https://www.google.com/maps/place/?q=place_id:ChIJ0Q4cBOalBTsR1P7KCvfXy_4,restaurants.csv
Anjana Hotel,"FWFC+P2V, Vallakkadavu, Thiruvananthapuram, Kerala 695008, India",,76.9200315,8.4743628,ChIJu1mAu327BTsRgBU3BfxATEY,CLOSED_TEMPORARILY,https://www.google.com/maps/place/?q=place_id:ChIJu1mAu327BTsRgBU3BfxATEY,restaurants.csv
Anju's kitchen,"Oruvathilkotta, Venpalavattom opposite to State Bank ATM Venpalavattom, Anayara, Venpalavattom, Thiruvananthapuram, Kerala 695029, India",+91 86081 33322,76.9085065,8.5107914,ChIJfU7L6Vq9BTsRx05RpYmxlPM,OPERATIONAL,https://www.google.com/maps/place/?q=place_id:ChIJfU7L6Vq9BTsRx05RpYmxlPM,restaurants.csv
Anna Bhavan Veg Restaurant,"FWVX+22P, Mahatma Gandhi Rd, Santhi Nagar, Pulimoodu, Thiruvananthapuram, Kerala 695001, India",+91 97470 39777,76.9475368,8.4924883,ChIJvROvI0K7BTsRxAOWMoq_lTY,OPERATIONAL,https://www.google.com/maps/place/?q=place_id:ChIJvROvI0K7BTsRxAOWMoq_lTY,restaurants.csv
Annapurnashvari Hotel,"10, Vattiyoorkkav Puliyarakkonam Rd, Puliyarakonam, Vilappil, Kerala 695573, India",,77.0218202,8.5383422,ChIJ5c5yAlC3BTsRhbbTTeZ2kVE,OPERATIONAL,https://www.google.com/maps/place/?q=place_id:ChIJ5c5yAlC3BTsRhbbTTeZ2kVE,restaurants.csv
APM Hotel,"FXCJ+663, Opposite KSRTC Dippo, CTO Colony, Pappanamcode, Thiruvananthapuram, Kerala 695018, India",+91 99959 69506,76.98054909999999,8.4705145,ChIJacBLYu66BTsRz_f1GYk52Lo,OPERATIONAL,https://www.google.com/maps/place/?q=place_id:ChIJacBLYu66BTsRz_f1GYk52Lo,restaurants.csv
Apoos Hotel,"HVQH+FGX, Kazhakoottam - Kilimanoor Rd, Thiruvananthapuram, Chanthavila, Kerala 695585, India",,76.87899519999999,8.5887177,ChIJmcVbJQC_BTsRBs8l01_Ta3M,OPERATIONAL,https://www.google.com/maps/place/?q=place_id:ChIJmcVbJQC_BTsRBs8l01_Ta3M,restaurants.csv
APPU’s fast food,"G26C+XHP, Thirumala Peyad Malayinkeezhu Rd, Peyad, Kerala 695573, India",,77.02146359999999,8.51249,ChIJTc45xOmxBTsRoTq6V7LzRbI,OPERATIONAL,https://www.google.com/maps/place/?q=place_id:ChIJTc45xOmxBTsRoTq6V7LzRbI,restaurants.csv
AR restaurant,"AR restaurant, Nellikadu, Santhamoola, Malayinkeezh, Kerala 695571, India",+91 99955 50137,77.0360338,8.4902257,ChIJd5yMrPmxBTsRq-i9qKkc4s0,OPERATIONAL,https://www.google.com/maps/place/?q=place_id:ChIJd5yMrPmxBTsRq-i9qKkc4s0,restaurants.csv
ARABIAN GRILL Restaurant,"Peroorkada Junction, AKG Nagar, Peroorkada, Thiruvananthapuram, Kerala 695005, India",+91 87149 68175,76.96669179999999,8.537762299999999,ChIJh-VVr8a5BTsRD0zQt1cWKfA,CLOSED_TEMPORARILY,https://www.google.com/maps/place/?q=place_id:ChIJh-VVr8a5BTsRD0zQt1cWKfA,restaurants.csv
Arabian Tasty Cafe,"Attakulangara - Enchakkal Rd, Sreevaraham, East Fort, Pazhavangadi, Thiruvananthapuram, Kerala 695009, India",+91 99958 83886,76.9429837,8.4789266,ChIJk6k3Fwu7BTsR5MzofhnFRQI,OPERATIONAL,https://www.google.com/maps/place/?q=place_id:ChIJk6k3Fwu7BTsR5MzofhnFRQI,restaurants.csv
Aramam Family Restaurant,"HX3G+WWW, Thiruvananthapuram, Kerala 695564, India",,76.9773214,8.5548608,ChIJp2-fFbu5BTsRhYDW1df6xjA,CLOSED_TEMPORARILY,https://www.google.com/maps/place/?q=place_id:ChIJp2-fFbu5BTsRhYDW1df6xjA,restaurants.csv
Ariya Jyothi Vegetarian Restaurant,"Pattom Square, Near One, Lekshmi Nagar, Pattom, Thiruvananthapuram, Kerala 695004, India",+91 471 254 5645,76.94023,8.5237677,ChIJkZ-eFOC7BTsR03qxG925FOw,OPERATIONAL,https://www.google.com/maps/place/?q=place_id:ChIJkZ-eFOC7BTsR03qxG925FOw,restaurants.csv
Ariya Nivaas - A Vegetarian Hotel,"Aristo Junction, Manorama Rd, near Thampanoor, Aristo Junction, Near, Thampanoor, Thiruvananthapuram, Kerala 695014, India",+91 94460 80678,76.95377260000001,8.488702900000002,ChIJ7aX6ja-7BTsRLX7_rZTnWFo,OPERATIONAL,https://www.google.com/maps/place/?q=place_id:ChIJ7aX6ja-7BTsRLX7_rZTnWFo,hotels.csv (food business)
Ariya Nivaas Restaurant,"Manorama Rd, near Thampanoor, Aristo Junction, Thampanoor, Thiruvananthapuram, Kerala 695014, India",+91 94000 00769,76.9537565,8.4887508,ChIJ2e5EuZO7BTsR85kL8-6DfCo,OPERATIONAL,https://www.google.com/maps/place/?q=place_id:ChIJ2e5EuZO7BTsR85kL8-6DfCo,restaurants.csv
Aroma Hotel,"ground floor, Co-Operative Society, Prasanth Nagar, Aakkulam, Thiruvananthapuram, Kerala 695011, India",+91 89438 22045,76.914041,8.5229737,ChIJc7qiPaW-BTsRB4Smqhh0zwg,OPERATIONAL,https://www.google.com/maps/place/?q=place_id:ChIJc7qiPaW-BTsRB4Smqhh0zwg,restaurants.csv
Arowna Family Restaurant,"F2QQ+H27, Pappanamcode Malayinkeezhu Rd, Malayinkeezh, Kerala 695571, India",+91 94469 71250,77.03755439999999,8.488918,ChIJ3-hERqSwBTsRaLzsf683lEA,CLOSED_TEMPORARILY,https://www.google.com/maps/place/?q=place_id:ChIJ3-hERqSwBTsRaLzsf683lEA,restaurants.csv
Arunima Restaurant,"Arunima Restaurant, junction, Prasanthnagar, Vattappara, Kerala 695028, India",+91 472 258 6716,76.95185169999999,8.5928223,ChIJSXhdYpK4BTsRZKVBujsVf-k,OPERATIONAL,https://www.google.com/maps/place/?q=place_id:ChIJSXhdYpK4BTsRZKVBujsVf-k,restaurants.csv
Aryaas Elite Veg Restaurant,"G Nath Building, Old NH Rd, Ambalathinkara, Pavithram, Thiruvananthapuram, Kerala 695582, India",+91 90722 10753,76.87881229999999,8.5652165,ChIJkUjHWI2_BTsRMTkpEKnzOpg,OPERATIONAL,https://www.google.com/maps/place/?q=place_id:ChIJkUjHWI2_BTsRMTkpEKnzOpg,restaurants.csv
Aryaas Park Veg Restaurant,"FXQ2+634, Theatre Station Road, near Apollo Dimora & Sreekumar, Overbridge, Thampanoor, Thiruvananthapuram, Kerala 695001, India",+91 90728 63449,76.9503149,8.4881785,ChIJZ13V1aW7BTsRHr1XJDaJkTI,OPERATIONAL,https://www.google.com/maps/place/?q=place_id:ChIJZ13V1aW7BTsRHr1XJDaJkTI,restaurants.csv
Aryaas Pure Veg. Family Restaurant,"GW7H+32X AJ Hall, Kumarapuram, Thiruvananthapuram, Kerala 695011, India",,76.92762309999999,8.5127344,ChIJf1r3OIy7BTsRnpiwcZCMheg,OPERATIONAL,https://www.google.com/maps/place/?q=place_id:ChIJf1r3OIy7BTsRnpiwcZCMheg,restaurants.csv
ARYAAS PURE VEGETARIAN HOTEL,"GWPR+VM3, Pananvila Jnunction, Nalanchira P.O, Tilak Nagar, Parottukonam, Thiruvananthapuram, Kerala 695015, India",,76.9416703,8.5371261,ChIJp4uIPAC5BTsRbby_Jm5k6Ks,OPERATIONAL,https://www.google.com/maps/place/?q=place_id:ChIJp4uIPAC5BTsRbby_Jm5k6Ks,restaurants.csv
Aryaas Vegetarian Restaurant,"Medical College, opposite to police station, Murinjapalam, Thiruvananthapuram, Kerala 695011, India",,76.92961129999999,8.521493699999999,ChIJAWE3dGW7BTsRa7PjoN-AtOA,OPERATIONAL,https://www.google.com/maps/place/?q=place_id:ChIJAWE3dGW7BTsRa7PjoN-AtOA,restaurants.csv
ARYANS FOOD CASTLE,"C268+QP3, Pullannimukku, Venganoor, Kerala 695042, India",,77.016787,8.411877900000002,ChIJQQSOEQCvBTsRhH6aW4FjZoY,OPERATIONAL,https://www.google.com/maps/place/?q=place_id:ChIJQQSOEQCvBTsRhH6aW4FjZoY,restaurants.csv
asquare biriyani,"22/3717/1, Sasthamangalam Rd, near KPCC Office, Althara Nagar, Vellayambalam, Thiruvananthapuram, Kerala 695010, India",+91 87144 91782,76.9662706,8.511447,ChIJtxGQKAW7BTsRS143G_B_-WM,OPERATIONAL,https://www.google.com/maps/place/?q=place_id:ChIJtxGQKAW7BTsRS143G_B_-WM,restaurants.csv
Aswathi Hotel,"Pachalloor Rd, Pachalloor, Thiruvananthapuram, Kerala 695027, India",+91 95268 31826,76.9636213,8.4233459,ChIJb8wERd-kBTsR_daQti-6IWs,OPERATIONAL,https://www.google.com/maps/place/?q=place_id:ChIJb8wERd-kBTsR_daQti-6IWs,restaurants.csv
Aswathy fast food,"F2Q8+V92, Pottayil - Vizhavoor - Perukavu Rd, Perukavu, Pottayil, Perukavu, Kerala 695571, India",,77.01587769999999,8.48965,ChIJW-VmUgCxBTsRyrvslLlbQcY,OPERATIONAL,https://www.google.com/maps/place/?q=place_id:ChIJW-VmUgCxBTsRyrvslLlbQcY,hotels.csv (food business)
Aswathy Hotel,"JW37+XCJ, Ayiroopara, Thiruvananthapuram, Kerala 695584, India",,76.913526,8.604975,ChIJJ_m2DQC_BTsR1ozpk-zUXNA,CLOSED_TEMPORARILY,https://www.google.com/maps/place/?q=place_id:ChIJJ_m2DQC_BTsR1ozpk-zUXNA,restaurants.csv
ASWATHY HOTEL & TEASHOP,"HX7P+M8Q, Karakulam Palam - Kachani Rd, Karakulam, Thiruvananthapuram, Kerala 695564, India",,76.9858666,8.5642117,ChIJk2wodba5BTsRDJpJBiylbEo,OPERATIONAL,https://www.google.com/maps/place/?q=place_id:ChIJk2wodba5BTsRDJpJBiylbEo,restaurants.csv
Aswin Fast Food,"G254+WRC, കുണ്ടമൺകടവ്, Peyad, Kerala 695573, India",,77.00698950000002,8.5098053,ChIJr5VUYgC7BTsRAUB89WnlzCY,OPERATIONAL,https://www.google.com/maps/place/?q=place_id:ChIJr5VUYgC7BTsRAUB89WnlzCY,restaurants.csv
Attakulangara kethel chicken Rahmaniya Restaurant,"Attakulangara - Enchakkal Rd, East Fort, Attakulangara, Thiruvananthapuram, Kerala 695036, India",+91 95394 33207,76.94762639999999,8.4792291,ChIJMybEw3G7BTsRb3Zv2BMm4XM,OPERATIONAL,https://www.google.com/maps/place/?q=place_id:ChIJMybEw3G7BTsRb3Zv2BMm4XM,restaurants.csv
Attukal Fast Food,"Maruthunkuzhi Kachani Road, GXGQ+WW8, Thiruvananthapuram, Kerala 695013, India",+91 96455 44242,76.9898144,8.5272782,ChIJ48Xve_W5BTsRFGqXNLAXrmI,OPERATIONAL,https://www.google.com/maps/place/?q=place_id:ChIJ48Xve_W5BTsRFGqXNLAXrmI,restaurants.csv
Attukal Hotel,"FX93+JCH, Medamukku Rd, Attukal, Manacaud, Thiruvananthapuram, Kerala 695009, India",+91 471 246 4649,76.9536194,8.4690627,ChIJCWusfBq7BTsRQ4KAavRw5tI,OPERATIONAL,https://www.google.com/maps/place/?q=place_id:ChIJCWusfBq7BTsRQ4KAavRw5tI,restaurants.csv
Ayswariya Hotel & Lodge,"Thakaraparambu, Nalumukku, Pazhavangadi, Thiruvananthapuram, Kerala 695023, India",+91 99618 34848,76.9471682,8.486084,ChIJfybxzKa7BTsRCMJ7C0_zk-8,OPERATIONAL,https://www.google.com/maps/place/?q=place_id:ChIJfybxzKa7BTsRCMJ7C0_zk-8,restaurants.csv
Azad Restaurant,"Medical Collge, P.O, Medical College Ulloor Rd, near Sree Narayana Guru Mandir, Ulloor, Thiruvananthapuram, Kerala 695011, India",+91 97458 97454,76.9284284,8.5256036,ChIJf3fVv1e5BTsRB6hlsuM9crM,OPERATIONAL,https://www.google.com/maps/place/?q=place_id:ChIJf3fVv1e5BTsRB6hlsuM9crM,restaurants.csv
Azad Restaurant at Over Bridge,"Overbridge, Mele, Pazhavangadi, Thiruvananthapuram, Kerala 695036, India",+91 97458 97450,76.9478707,8.487247,ChIJoXPUuqa7BTsRSSujVeNeaiE,OPERATIONAL,https://www.google.com/maps/place/?q=place_id:ChIJoXPUuqa7BTsRSSujVeNeaiE,restaurants.csv
"Azeez Restaurant, Poojapura","Poojappura Main Rd, Poojapura, Thiruvananthapuram, Kerala 695012, India",+91 77362 28166,76.97439279999999,8.492731599999999,ChIJm36aalC6BTsRZIFRBfFwbRQ,OPERATIONAL,https://www.google.com/maps/place/?q=place_id:ChIJm36aalC6BTsRZIFRBfFwbRQ,restaurants.csv
Azhakadal hotel,"10th Stone Bus Stop, SH 2, Kerala 695541, India",,76.99529489999999,8.5875831,ChIJ9w6Fo0q5BTsRFypKByEtMQ0,CLOSED_TEMPORARILY,https://www.google.com/maps/place/?q=place_id:ChIJ9w6Fo0q5BTsRFypKByEtMQ0,restaurants.csv
Babu Hotel,"GW6H+M4X J. Hall, A, Junction, Kumarapuram, Thiruvananthapuram, Kerala 695011, India",+91 99959 12980,76.9279154,8.511724899999999,ChIJc5CMmKK7BTsRPnF2177u2sA,OPERATIONAL,https://www.google.com/maps/place/?q=place_id:ChIJc5CMmKK7BTsRPnF2177u2sA,restaurants.csv
Baker's Arch Garden Cafe,"18/1400-1, Vikramapuram Hill Rd, Kowdiar P.O, Kuravankonam, Thiruvananthapuram, Kerala 695004, India",+91 87146 42900,76.9501258,8.5231929,ChIJPROsmAS7BTsRe5QY7UCdiyU,OPERATIONAL,https://www.google.com/maps/place/?q=place_id:ChIJPROsmAS7BTsRe5QY7UCdiyU,restaurants.csv
Balaji Cafe,"Vazhapally Junction, Fort, East Fort, Pazhavangadi, Thiruvananthapuram, Kerala 695023, India",+91 94446 81468,76.9421019,8.4806086,ChIJeSPbxQq7BTsRIWvkMzrHe60,OPERATIONAL,https://www.google.com/maps/place/?q=place_id:ChIJeSPbxQq7BTsRIWvkMzrHe60,restaurants.csv
Balaji Hotel,"92WF+HW9, uchakkada, Vizhinjam, Venganoor, Kerala 695501, India",+91 86064 61887,77.0248561,8.3964082,ChIJ7QHN7TWvBTsRkVPe92PU4-A,OPERATIONAL,https://www.google.com/maps/place/?q=place_id:ChIJ7QHN7TWvBTsRkVPe92PU4-A,restaurants.csv
Balan's Kamalam Restaurant,"Kaithamukku Petta Rd, Nalumukku, Kaithamukku, Thiruvananthapuram, Kerala 695023, India",+91 471 247 6841,76.9402377,8.489412399999999,ChIJ0yxjkZi7BTsRe0aGaypU0NQ,OPERATIONAL,https://www.google.com/maps/place/?q=place_id:ChIJ0yxjkZi7BTsRe0aGaypU0NQ,restaurants.csv
Banyan Tree Pure Veg Restaurant,"Banyan Tree Samudra, GV Raja Rd, near KTDC Samudra, Kovalam, Thiruvananthapuram, Kerala 695527, India",,76.97293959999999,8.4009135,ChIJ87hQOaqlBTsR-Xxqg6fHPcc,OPERATIONAL,https://www.google.com/maps/place/?q=place_id:ChIJ87hQOaqlBTsR-Xxqg6fHPcc,restaurants.csv
Barbecue Space,"Ed Heights, Salem - Kochi Hwy, Pattom, Thiruvananthapuram, Kerala 695004, India",+91 95395 25555,76.94112059999999,8.521737600000002,ChIJL6BTm4m7BTsRxBlASUhfXvI,OPERATIONAL,https://www.google.com/maps/place/?q=place_id:ChIJL6BTm4m7BTsRxBlASUhfXvI,restaurants.csv
Barbecue Space,"SPENCER JN, Spencer Junction, Statue, Palayam, Thiruvananthapuram, Kerala 695001, India",+91 95390 65555,76.9489761,8.5003742,ChIJ83HdbZW7BTsRULbZrobuCNQ,OPERATIONAL,https://www.google.com/maps/place/?q=place_id:ChIJ83HdbZW7BTsRULbZrobuCNQ,restaurants.csv
Barbecue SPACE Restaurant,"All India Radio Vazhuthacaud, Jagathy NK Achari Rd, DPI, Vazhuthacaud, Thiruvananthapuram, Kerala 695014, India",+91 95392 65555,76.95983300000002,8.499458200000001,ChIJiwOuP7q_BTsRHO8Whc_i1k8,OPERATIONAL,https://www.google.com/maps/place/?q=place_id:ChIJiwOuP7q_BTsRHO8Whc_i1k8,restaurants.csv
"Barbeque Nation - Lulu Mall, Thiruvananthapuram","2nd floor, Barbeque Nation Hospitallity Limited, Lulu International Shopping Mall, TC 91, Akkulam Bridge, Anayara Post, Thiruvananthapuram, Kerala 695029, India",+91 80 6405 8006,76.8976919,8.515362099999999,ChIJiWfiida9BTsRPwNqvbhCWXQ,OPERATIONAL,https://www.google.com/maps/place/?q=place_id:ChIJiWfiida9BTsRPwNqvbhCWXQ,restaurants.csv
Barbeque Space Technovalley,"GVPJ+M5H Technovalley, Kulathoor, Thiruvananthapuram, Kerala 695583, India",+91 95390 68888,76.88119069999999,8.535513,ChIJ4SctdIC_BTsRoVvKJNhmOI0,OPERATIONAL,https://www.google.com/maps/place/?q=place_id:ChIJ4SctdIC_BTsRoVvKJNhmOI0,restaurants.csv
Beevi’s noodles hub & Fast food,"C24M+3C3, Vizhinjam - Balaramapuram Rd, Mangalathukonam, Kattachalkuzhi, Kottukal, Kerala 695501, India",,77.033349,8.405014999999999,ChIJD-myKgCvBTsRcAVBaLFQscQ,CLOSED_TEMPORARILY,https://www.google.com/maps/place/?q=place_id:ChIJD-myKgCvBTsRcAVBaLFQscQ,restaurants.csv
Behrouz Biryani Medical college,"Pazhaya Rd First Floor, T.C 6/1367, Bhagavathy Plaza Pongummoodu Medical College, Ulloor, Thiruvananthapuram, Kerala 695011, India",+91 77000 50050,76.9258842,8.5384019,ChIJgQ1cg2u5BTsRZR7mgF0b48o,OPERATIONAL,https://www.google.com/maps/place/?q=place_id:ChIJgQ1cg2u5BTsRZR7mgF0b48o,restaurants.csv
Bhagavathi Restaurant,"FX9Q+QCQ, Pappanamcode Malayinkeezhu Rd, Vishnu Nagar, Pappanamcode, Thiruvananthapuram, Kerala 695019, India",+91 81294 76067,76.98862230000002,8.469455900000002,ChIJ02p4PpO6BTsRLuHS4pXCxZg,OPERATIONAL,https://www.google.com/maps/place/?q=place_id:ChIJ02p4PpO6BTsRLuHS4pXCxZg,restaurants.csv
BHAGYAM FAMILY RESTAURANT,"GW76+8P9, Poonthi Rd, Aakkulam, Thiruvananthapuram, Kerala 695029, India",,76.91184830000002,8.5132854,ChIJkRMoJAC9BTsRZlxH3ay2oAE,OPERATIONAL,https://www.google.com/maps/place/?q=place_id:ChIJkRMoJAC9BTsRZlxH3ay2oAE,restaurants.csv
BHANDARIS KITCHEN,"BHANDARIS KITCHEN PENKAVILA, VEMBAYAM ROAD, Pazhavadi, Thiruvananthapuram, Nedumangad, Kerala 695541, India",+91 90612 88845,77.0023989,8.610950599999999,ChIJj2bT_K65BTsRZ0XT2u_Kp3w,OPERATIONAL,https://www.google.com/maps/place/?q=place_id:ChIJj2bT_K65BTsRZ0XT2u_Kp3w,restaurants.csv
BHASKARA HOTEL,"Kalliyoor, Kerala 695042, India",,77.0182059,8.4320979,ChIJPYVpi2GvBTsR06z66kEzFLs,OPERATIONAL,https://www.google.com/maps/place/?q=place_id:ChIJPYVpi2GvBTsR06z66kEzFLs,restaurants.csv
Biji's Food Service,"Vattiyoorkkav Puliyarakkonam Rd, Thiruvananthapuram, Kerala 695013, India",,76.9987633,8.5308983,ChIJgyoXYlm5BTsRu5mnA2SoVjk,OPERATIONAL,https://www.google.com/maps/place/?q=place_id:ChIJgyoXYlm5BTsRu5mnA2SoVjk,restaurants.csv
Bijus Kitchen,"GWPG+RGW, Bhasi Nagar, Ulloor, Thiruvananthapuram, Kerala 695011, India",,76.9263364,8.5370931,ChIJA3ONNQC5BTsRv7ZsQvmyr3g,OPERATIONAL,https://www.google.com/maps/place/?q=place_id:ChIJA3ONNQC5BTsRv7ZsQvmyr3g,restaurants.csv
Binny’s kitchen restaurant,"tc 17, Karthika Nivas, 1919, Mudavanmugal Rd, Kesari Nagar, Poojapura, Thiruvananthapuram, Kerala 695012, India",+91 90612 11178,76.97943830000001,8.4886261,ChIJR3VBNWO7BTsR1-Rcj48-JlU,OPERATIONAL,https://www.google.com/maps/place/?q=place_id:ChIJR3VBNWO7BTsR1-Rcj48-JlU,restaurants.csv
Biriyani Capital,"NH66.Near Thaykavu Masjid,Amadi Nagar, Muttampuram, Chavadimukku, Thiuvananthapuram, Sreekaryam, Thiruvananthapuram, Kerala 695017, India",+91 97782 64748,76.9131979,8.5505365,ChIJq02Sllq_BTsRshme5ixOkPs,CLOSED_TEMPORARILY,https://www.google.com/maps/place/?q=place_id:ChIJq02Sllq_BTsRshme5ixOkPs,restaurants.csv
Biriyani Castle,"CVRA 73 VAYALIKADA JUNCTION Kuravankonam - Maruthoor Road, Muttada - Paruthippara Rd, Ambala Nagar Colony, Ambalamukku, Thiruvananthapuram, Kerala 695003, India",+91 77360 31230,76.95385809999999,8.5326562,ChIJ4QMxNFq5BTsRzj_GrvG4ocs,OPERATIONAL,https://www.google.com/maps/place/?q=place_id:ChIJ4QMxNFq5BTsRzj_GrvG4ocs,restaurants.csv
Biriyani Counter,"T.C.93/2247, Pettah Jn, Pettah, Thiruvananthapuram, Kerala 695024, India",,76.9293648,8.495184,ChIJuTry-4y7BTsR1oc2qwEI3mE,OPERATIONAL,https://www.google.com/maps/place/?q=place_id:ChIJuTry-4y7BTsR1oc2qwEI3mE,restaurants.csv
Biriyani Hut,"1, Pachalloor Punkulam Rd, Thiruvallam, Thiruvananthapuram, Kerala 695027, India",+91 97466 71678,76.95822989999999,8.4405396,ChIJsba7qCy7BTsRO0RO4Xk3XCc,OPERATIONAL,https://www.google.com/maps/place/?q=place_id:ChIJsba7qCy7BTsRO0RO4Xk3XCc,restaurants.csv
Biriyani hut,"FWWJ+RX4, Pallimukku, Pettah, Thiruvananthapuram, Kerala 695024, India",,76.93245019999999,8.497011,ChIJLYxJXQC7BTsRFUx9IG0qx8U,OPERATIONAL,https://www.google.com/maps/place/?q=place_id:ChIJLYxJXQC7BTsRFUx9IG0qx8U,restaurants.csv
Biriyani hut,"near Cosmopolitan Hospital, Veerabhadra Gardens, Pottakkuzhi, Thiruvananthapuram, Kerala 695004, India",+91 62825 10038,76.9367415,8.5149217,ChIJV-O3KsW7BTsRsUbJFDHEDiM,OPERATIONAL,https://www.google.com/maps/place/?q=place_id:ChIJV-O3KsW7BTsRsUbJFDHEDiM,restaurants.csv
Biriyani Hut,"Nalanda Ln, Pushpa Nagar, Plamoodu Thekkumoodu Residents Association, Plammoodu, Thiruvananthapuram, Kerala 695004, India",+91 90371 61419,76.9460897,8.5137735,ChIJzYqRRcO7BTsRfQD-BVV9Iio,OPERATIONAL,https://www.google.com/maps/place/?q=place_id:ChIJzYqRRcO7BTsRfQD-BVV9Iio,restaurants.csv
Biriyani Hut,"Bypass Junction, Kazhakkoottam, Thiruvananthapuram, Kerala 695582, India",+91 90484 81006,76.8756415,8.5650204,ChIJtxsFMQC_BTsR-jK1LGFGrlk,OPERATIONAL,https://www.google.com/maps/place/?q=place_id:ChIJtxsFMQC_BTsR-jK1LGFGrlk,restaurants.csv
Biriyani Manzil,"Biriyani Manzil, Kattakada Road, opposite Automax Car Showroom, Peyad, Kerala 695573, India",+91 86064 53481,77.0228284,8.5114812,ChIJeyf1KACxBTsRCERk5Kk3iEs,OPERATIONAL,https://www.google.com/maps/place/?q=place_id:ChIJeyf1KACxBTsRCERk5Kk3iEs,restaurants.csv
Bismi Family Restaurant,"Charummoottil, Thiruvallam, Thiruvananthapuram, Kerala 695027, India",+91 81388 33326,76.9551494,8.4410942,ChIJ_Y5hIS27BTsRvqJh3R4OuAU,OPERATIONAL,https://www.google.com/maps/place/?q=place_id:ChIJ_Y5hIS27BTsRvqJh3R4OuAU,restaurants.csv
Bismi Family Restaurant,"FX62+C5F, opposite QMart, Kallattumukku, Thiruvananthapuram, Kerala 695009, India",+91 99954 67823,76.95042219999999,8.4610673,ChIJu_yafj27BTsRAArwSk19JrY,OPERATIONAL,https://www.google.com/maps/place/?q=place_id:ChIJu_yafj27BTsRAArwSk19JrY,restaurants.csv
BISMI FAST FOOD,"BISMI FAST FOOD, MUSLIM JAMATH, Pothencode - Pallippuram Rd, near ANDURKONAM, Thiruvananthapuram, Andoorkonam, Kerala 695584, India",+91 99950 60607,76.8755825,8.601822700000001,ChIJQaSer_K_BTsRyoSi6Bc7hxg,CLOSED_TEMPORARILY,https://www.google.com/maps/place/?q=place_id:ChIJQaSer_K_BTsRyoSi6Bc7hxg,restaurants.csv
Bismi Hotel,"Oppossite to police aid post, Vizhinjam - Balaramapuram Rd, Pazhayakadalane, Balaramapuram, Kerala 695501, India",+91 94469 96786,77.04562039999999,8.4249941,ChIJ87ZzmsivBTsRHtaPlBsc9EI,OPERATIONAL,https://www.google.com/maps/place/?q=place_id:ChIJ87ZzmsivBTsRHtaPlBsc9EI,restaurants.csv
Bismi Hotel,"GV5W+V46, Veli - Perumathura Rd, Madhavapuram Colony, Kochuveli, Thiruvananthapuram, Kerala 695021, India",+91 98470 07154,76.89526939999999,8.5096543,ChIJDzvogD28BTsRctd966BrNzE,OPERATIONAL,https://www.google.com/maps/place/?q=place_id:ChIJDzvogD28BTsRctd966BrNzE,restaurants.csv
BISMI HOTEL,"Shop No 1 Bismi Hotel Near Ambalamukku Girls School Peroorkada, Road, Devapalan Nagar, Perorkada, Kowdiar, Thiruvananthapuram, Kerala 695005, India",+91 77362 56365,76.963745,8.5341416,ChIJ02H3Wum5BTsRogWN4jWo85E,OPERATIONAL,https://www.google.com/maps/place/?q=place_id:ChIJ02H3Wum5BTsRogWN4jWo85E,restaurants.csv
Bismi Restaurant,"Kuthukallumoodu, FX73+GPM, Konchiravila, Manacaud, Thiruvananthapuram, Kerala 695009, India",+91 98951 49971,76.9543104,8.4638264,ChIJ6ZvXyBm7BTsRviN1jZnw7kI,OPERATIONAL,https://www.google.com/maps/place/?q=place_id:ChIJ6ZvXyBm7BTsRviN1jZnw7kI,restaurants.csv
Bismillah Family Restaurant,"TC 79, 2144, vallakadavu, rd, Attakulangara - Enchakkal Rd, Subhash Nagar, Thiruvananthapuram, Kerala 695008, India",+91 90741 33596,76.9339935,8.479707399999999,ChIJXaGJXna7BTsRjbn2zsjAf8g,CLOSED_TEMPORARILY,https://www.google.com/maps/place/?q=place_id:ChIJXaGJXna7BTsRjbn2zsjAf8g,restaurants.csv
Biverah Hotel & Suites,"P O, Medical College, Pattom Kumarapuram Rd, Kumarapuram, Thiruvananthapuram, Kerala 695011, India",+91 471 421 1111,76.9295781,8.5137729,ChIJs5ViA_C7BTsRJkZg55Kqd-Q,OPERATIONAL,https://www.google.com/maps/place/?q=place_id:ChIJs5ViA_C7BTsRJkZg55Kqd-Q,restaurants.csv
Blue Star Cafe,"455, Edan House, Peyad - Vellanad Rd, Nedumkuzhi, Vilappilsala, Thiruvananthapuram, Kerala 695543, India",+91 90375 78294,77.0436508,8.5391485,ChIJbZr-bcK3BTsRS0DDd3hN_7M,OPERATIONAL,https://www.google.com/maps/place/?q=place_id:ChIJbZr-bcK3BTsRS0DDd3hN_7M,restaurants.csv
BRANDED restaurant,"HXR2+RRX, Prasanthnagar, Vattappara, Kerala 695028, India",+91 96565 33958,76.9520979,8.592113099999999,ChIJEcZFrqi5BTsR302lcEFFqc4,OPERATIONAL,https://www.google.com/maps/place/?q=place_id:ChIJEcZFrqi5BTsR302lcEFFqc4,restaurants.csv
Break Time Restro Cafe - Thiruvallam,"THIRUVALLOM, Thiruvallam Bridge, Thiruvallam, Thiruvananthapuram, Kerala 695027, India",,76.9574803,8.4410185,ChIJUSk5AAC7BTsRY5zE-rPe6u8,OPERATIONAL,https://www.google.com/maps/place/?q=place_id:ChIJUSk5AAC7BTsRY5zE-rPe6u8,restaurants.csv
Break Time Restro Cafe-Thirumala,"Break Time Cafeteria, PO, Thirumala Junction, Thirumala, Thiruvananthapuram, Kerala 695006, India",+91 70122 22143,76.99183579999999,8.5019434,ChIJo6F8fQC7BTsRrCgAF-Y63iA,OPERATIONAL,https://www.google.com/maps/place/?q=place_id:ChIJo6F8fQC7BTsRrCgAF-Y63iA,restaurants.csv
Breeze Restaurant,"GWWV+9W2, Post Office Rd, Nalanchira, Paruthippara, Thiruvananthapuram, Kerala 695015, India",,76.94481429999999,8.5458652,ChIJL-vJaAC5BTsRqHC0Zg23y7k,OPERATIONAL,https://www.google.com/maps/place/?q=place_id:ChIJL-vJaAC5BTsRqHC0Zg23y7k,restaurants.csv
Bro.Co Kulathoor (The Midnight Food Hub),"Vilayil Veedu, Kulathoor, Thiruvananthapuram, Kerala 695583, India",+91 80757 69890,76.8807008,8.5362481,ChIJsxcxc7S_BTsRglIaJsZRNOw,OPERATIONAL,https://www.google.com/maps/place/?q=place_id:ChIJsxcxc7S_BTsRglIaJsZRNOw,restaurants.csv
Brothers family restaurant,"HW26+7CJ, Chavadimukku, Amadi Nagar, Sreekaryam, Thiruvananthapuram, Kerala 695016, India",+91 80868 35404,76.9110547,8.5506508,ChIJOQXgy4a_BTsRuqQ1IX_EJa4,OPERATIONAL,https://www.google.com/maps/place/?q=place_id:ChIJOQXgy4a_BTsRuqQ1IX_EJa4,restaurants.csv
Brothers Kitchen,"JV8W+XXG, Pothencode, Kerala 695584, India",,76.8974527,8.6174223,ChIJ50jCcwDBBTsRrNAX9MYhrkc,CLOSED_TEMPORARILY,https://www.google.com/maps/place/?q=place_id:ChIJ50jCcwDBBTsRrNAX9MYhrkc,restaurants.csv
Broun Resto Cafe,"Broun Resto Cafe, Kachani, Thiruvananthapuram, Kerala 695564, India",+91 97471 98325,76.99395109999999,8.552924599999999,ChIJGWQwdQC5BTsRb8XbJevr0eY,OPERATIONAL,https://www.google.com/maps/place/?q=place_id:ChIJGWQwdQC5BTsRb8XbJevr0eY,restaurants.csv
Buhari Hotel,"FWHW+HWX, Attakkulangara - Killippalam Bypass Rd, East Fort, Attakulangara, Thiruvananthapuram, Kerala 695009, India",+91 99955 50048,76.9473648,8.4789999,ChIJfd92lOa7BTsRQSMewpu6QAw,OPERATIONAL,https://www.google.com/maps/place/?q=place_id:ChIJfd92lOa7BTsRQSMewpu6QAw,restaurants.csv
Burj Al Mandi Restaurant,"Opposite Fort Police Station, Attakulangara, Thiruvananthapuram, Kerala 695009, India",+91 62358 44402,76.9476378,8.4780441,ChIJJbvreq27BTsRygEwY9T2uDs,OPERATIONAL,https://www.google.com/maps/place/?q=place_id:ChIJJbvreq27BTsRygEwY9T2uDs,restaurants.csv
Cafe,"FWH6+PR4, Next to Coffee House, Shangumukham, Vallakkadavu, Thiruvananthapuram, Kerala 695007, India",,76.91206629999999,8.479268,ChIJO5dzCIy9BTsRUwLZ0LduGbM,CLOSED_TEMPORARILY,https://www.google.com/maps/place/?q=place_id:ChIJO5dzCIy9BTsRUwLZ0LduGbM,restaurants.csv
CAFE 1961,"KRA 24, Kattu Rd, Kesari Nagar, Poojapura, Thiruvananthapuram, Kerala 695012, India",+91 99477 00633,76.97639629999999,8.4938415,ChIJcTP9sd67BTsR0BtqSTv4EKY,OPERATIONAL,https://www.google.com/maps/place/?q=place_id:ChIJcTP9sd67BTsR0BtqSTv4EKY,restaurants.csv
Cafe Boba Queen,"near Arya Central School, Pattom, Thiruvananthapuram, Kerala 695004, India",+91 62382 48324,76.937612,8.5157626,ChIJd0dTdgC7BTsRa2LRpkBnGLk,OPERATIONAL,https://www.google.com/maps/place/?q=place_id:ChIJd0dTdgC7BTsRa2LRpkBnGLk,restaurants.csv
Cafe Devour - 1950 The London cafe,"YMR Devaswom Board Rd, Pandits Colony Extension, Kowdiar, Thiruvananthapuram, Kerala 695003, India",+91 70129 90577,76.9546503,8.5197343,ChIJhZs8xo-7BTsR9D1uIF7_NPc,CLOSED_TEMPORARILY,https://www.google.com/maps/place/?q=place_id:ChIJhZs8xo-7BTsR9D1uIF7_NPc,hotels.csv (food business)
CAFE FRANCISCO RESTO CAFE,"CAFE FRANCISCO, CHANDIKA YAGA TEMPLE, Road, opposite SARANGA SAHASRA, Oruvathilkotta, Thiruvananthapuram, Kerala 695029, India",+91 88483 23051,76.9086398,8.5110295,ChIJ6X7d3529BTsRwDoNWpQYpQQ,OPERATIONAL,https://www.google.com/maps/place/?q=place_id:ChIJ6X7d3529BTsRwDoNWpQYpQQ,restaurants.csv
Cafe Jade - All Day Dining (24X7),"Hycinth Hotels, Manorama Office, Manorama Rd, near Malayala Manorama, Aristo, Thampanoor, Thiruvananthapuram, Kerala 695001, India",+91 471 255 2999,76.95336859999999,8.4919531,ChIJ7UB_kq-7BTsRgD8-oW6durU,OPERATIONAL,https://www.google.com/maps/place/?q=place_id:ChIJ7UB_kq-7BTsRgD8-oW6durU,restaurants.csv
Cafe Kerala,"Durga Tower malayinkeezhu karipor, P O, Malayinkeezh, Kerala 695571, India",+91 80863 48000,77.0299387,8.498952599999999,ChIJS80ovJyxBTsR7uM0yllBoT0,OPERATIONAL,https://www.google.com/maps/place/?q=place_id:ChIJS80ovJyxBTsR7uM0yllBoT0,restaurants.csv
Cafe Malabaricus,"Cafe Malabaricus, Karyavattom, Thiruvananthapuram, Kerala 695581, India",+91 96334 44112,76.890832,8.567844,ChIJV5Rbu-6_BTsRn0SIMMe9zFY,OPERATIONAL,https://www.google.com/maps/place/?q=place_id:ChIJV5Rbu-6_BTsRn0SIMMe9zFY,restaurants.csv
Cafe Shubhangam,"Kuravankonam YMR Rd, Vickramapuram, Kuravankonam, Thiruvananthapuram, Kerala 695003, India",+91 97783 42507,76.9523973,8.5229137,ChIJT_l5YgC7BTsRnByhscROMPQ,OPERATIONAL,https://www.google.com/maps/place/?q=place_id:ChIJT_l5YgC7BTsRnByhscROMPQ,restaurants.csv
Cafe'96 By Team 96,"near Reliance Petrol Pump, Valicode, Nedumangad, Kerala 695541, India",+91 96260 69656,76.9954138,8.5987224,ChIJfS9OEwC5BTsRj-u2gX8U4S0,CLOSED_TEMPORARILY,https://www.google.com/maps/place/?q=place_id:ChIJfS9OEwC5BTsRj-u2gX8U4S0,restaurants.csv
Cafeteria - Food for Freedom,"FXRC+RF5, Vazhuthacaud - Poojappura Rd, Poojapura, Thiruvananthapuram, Kerala 695012, India",+91 471 234 2434,76.9712314,8.4920035,ChIJN5jomVG6BTsR24EPiOLDU0w,OPERATIONAL,https://www.google.com/maps/place/?q=place_id:ChIJN5jomVG6BTsR24EPiOLDU0w,restaurants.csv
Café Coffee Day,"Cordial Cyber Castle, Kulathoor, Thiruvananthapuram, Kerala 695583, India",+91 1800 102 5093,76.8773752,8.5493817,ChIJ88EubNK7BTsRAfqYPr4h2XI,OPERATIONAL,https://www.google.com/maps/place/?q=place_id:ChIJ88EubNK7BTsRAfqYPr4h2XI,restaurants.csv
Café Fish,"149B, Aircargo Shangumukham, Valiathope, Thiruvananthapuram, Kerala 695008, India",,76.91397289999999,8.4768975,ChIJTaBWcwC9BTsR76-nB0fZAUA,OPERATIONAL,https://www.google.com/maps/place/?q=place_id:ChIJTaBWcwC9BTsR76-nB0fZAUA,restaurants.csv
Café Francisco FAST FOODX,"Railway station, near Kochuveli, Madhavapuram Colony, Kochuveli, Thiruvananthapuram, Kerala 695021, India",,76.8962525,8.508645,ChIJV32MVAC9BTsRKxYnz6wmCTQ,CLOSED_TEMPORARILY,https://www.google.com/maps/place/?q=place_id:ChIJV32MVAC9BTsRKxYnz6wmCTQ,restaurants.csv
Café Mojo,"Shaheen Building Pattom Kowdiar Road Near Kuravankonam, Kowdiar, Thiruvananthapuram, Kerala 695003, India",+91 471 243 0437,76.953334,8.5239846,ChIJO7J8jte7BTsRMTYgCWwiul0,OPERATIONAL,https://www.google.com/maps/place/?q=place_id:ChIJO7J8jte7BTsRMTYgCWwiul0,restaurants.csv
Calicut Cuisine ( Authentic Malabar Dum Biriyani ),"TC 1, Al Rawda Tower, 3788/1, Circle, Kazhakuttam, P O, Kazhakkoottam, Thiruvananthapuram, Kerala 695582, India",+91 95671 87020,76.87579769999999,8.562543999999999,ChIJW-iN__u_BTsRt2BpF9fVBZg,OPERATIONAL,https://www.google.com/maps/place/?q=place_id:ChIJW-iN__u_BTsRt2BpF9fVBZg,restaurants.csv
Calicut stories family Restaurant,"HXV9+HR3, Vattappara Valikode Rd, Venkode, Kerala 695028, India",+91 79079 76185,76.9693897,8.5940611,ChIJ_bTOFgC5BTsRPvn0kBpjobw,OPERATIONAL,https://www.google.com/maps/place/?q=place_id:ChIJ_bTOFgC5BTsRPvn0kBpjobw,restaurants.csv
Canayil Fast Food,"FWF9+VQR, Vallakkadavu, Thiruvananthapuram, Kerala 695008, India",,76.9193906,8.4747433,ChIJxUPwlH27BTsRvG5s1SNzgDo,OPERATIONAL,https://www.google.com/maps/place/?q=place_id:ChIJxUPwlH27BTsRvG5s1SNzgDo,restaurants.csv
Capital Cafe,"Opp Lulu Mall, Oruvathilkotta, Thiruvananthapuram, Kerala 695029, India",,76.8987027,8.5158758,ChIJbWyH_sa9BTsRFoFbG2AYHxw,OPERATIONAL,https://www.google.com/maps/place/?q=place_id:ChIJbWyH_sa9BTsRFoFbG2AYHxw,restaurants.csv
CAPITAL MANDI HOUSE,"opp. Lulu Mall, Oruvathilkotta, Venpalavattom, Thiruvananthapuram, Kerala 695029, India",+91 97461 11258,76.8986955,8.5158648,ChIJW4PDiyC9BTsRbOm2EOhBXd8,OPERATIONAL,https://www.google.com/maps/place/?q=place_id:ChIJW4PDiyC9BTsRbOm2EOhBXd8,restaurants.csv
CAPITAL MANDI HOUSE,"near Federal Bank, Kazhakuttam, Kazhakkoottam, Thiruvananthapuram, Kerala 695582, India",+91 96333 34438,76.87519759999999,8.5657825,ChIJ5R3EVQC_BTsR3cv5ZRoGldY,OPERATIONAL,https://www.google.com/maps/place/?q=place_id:ChIJ5R3EVQC_BTsR3cv5ZRoGldY,restaurants.csv
Capitano kitchen,"Capitano kitchen, kattuvila, Peyad, Kerala 695573, India",,77.0246755,8.5191927,ChIJIeKFMQCxBTsRDYNi8pFVlJo,OPERATIONAL,https://www.google.com/maps/place/?q=place_id:ChIJIeKFMQCxBTsRDYNi8pFVlJo,restaurants.csv
Casa Kitchen,"Chacka, Thiruvananthapuram, Kerala 695007, India",+91 99959 97753,76.9192133,8.4890841,ChIJsVRd0AC7BTsRGGNUqlgJGlA,OPERATIONAL,https://www.google.com/maps/place/?q=place_id:ChIJsVRd0AC7BTsRGGNUqlgJGlA,restaurants.csv
Casamigo Restaurant,"Uppidammoodu Rd, Nalumukku, Ambalathumukku, Thiruvananthapuram, Kerala 695024, India",,76.9352917,8.493790599999999,ChIJPZN8u1O7BTsRMgDtPVbGJuI,OPERATIONAL,https://www.google.com/maps/place/?q=place_id:ChIJPZN8u1O7BTsRMgDtPVbGJuI,restaurants.csv
Central Restaurant,"F2RQ+335, Thirumala Peyad Malayinkeezhu Rd, Malayinkeezh, Kerala 695571, India",,77.0377259,8.490141,ChIJ6TIwbfSwBTsRP1Q3HF-Qhdo,CLOSED_TEMPORARILY,https://www.google.com/maps/place/?q=place_id:ChIJ6TIwbfSwBTsRP1Q3HF-Qhdo,restaurants.csv
Chaappi Restaurant,"Chenkottukonam, Thiruvananthapuram, Kerala 695587, India",+91 90482 74295,76.9048348,8.5800764,ChIJ4VutYQC_BTsR9BWpPdYyaXE,OPERATIONAL,https://www.google.com/maps/place/?q=place_id:ChIJ4VutYQC_BTsR9BWpPdYyaXE,restaurants.csv
Chaitanya a/c restaurant,"FWV4+7F9, Kannanthura, Thiruvananthapuram, Kerala 695007, India",,76.90622069999999,8.493165399999999,ChIJdaIPy_u9BTsR4rwbG2Sn0E0,CLOSED_TEMPORARILY,https://www.google.com/maps/place/?q=place_id:ChIJdaIPy_u9BTsR4rwbG2Sn0E0,restaurants.csv
CHANDHU RESTAURANT,"J234+56J, Kulavikonam, Nedumangad, Kerala 695541, India",,77.0055205,8.6029663,ChIJYRXkhCa5BTsRndK86sNHnGw,OPERATIONAL,https://www.google.com/maps/place/?q=place_id:ChIJYRXkhCa5BTsRndK86sNHnGw,restaurants.csv
Chandra Hotel,"GX2R+MGP, Thirumala Junction, Nareencheril, Thiruvananthapuram, Kerala 695006, India",+91 94471 11083,76.99132329999999,8.5017248,ChIJr_MvvGu6BTsReFC6_8oiuy8,OPERATIONAL,https://www.google.com/maps/place/?q=place_id:ChIJr_MvvGu6BTsReFC6_8oiuy8,restaurants.csv
Changathees restaurant,"FX7R+J88, Karakkamandapam, Nemom, Kerala 695020, India",+91 94964 07000,76.9908126,8.4640463,ChIJT8XxE0W7BTsR-Rv2nTrBJDU,OPERATIONAL,https://www.google.com/maps/place/?q=place_id:ChIJT8XxE0W7BTsR-Rv2nTrBJDU,restaurants.csv
Changathi Family Hotel,"F2QP+3VR, Malayinkeezh, Kerala 695571, India",+91 98479 49895,77.0371316,8.4877325,ChIJp9e7r_WwBTsRBouBC2nOlcY,OPERATIONAL,https://www.google.com/maps/place/?q=place_id:ChIJp9e7r_WwBTsRBouBC2nOlcY,restaurants.csv
Chembil Biriyani,"HW5V+QCW, Mannanthala Junction, Mannanthala, Thiruvananthapuram, Kerala 695015, India",,76.9435783,8.5594928,ChIJ9-YxZQC5BTsR0LP41TX_2Ik,OPERATIONAL,https://www.google.com/maps/place/?q=place_id:ChIJ9-YxZQC5BTsR0LP41TX_2Ik,restaurants.csv
Chennai Royal Biriyani,"near Law College Junction, opposite of Cordial Flat, Thekkumood, Barton Hill Colony, Kunnukuzhy, Thiruvananthapuram, Kerala 695035, India",+91 85904 07731,76.9439038,8.5096154,ChIJB1jZw3q7BTsRyMemU_NXrQ4,OPERATIONAL,https://www.google.com/maps/place/?q=place_id:ChIJB1jZw3q7BTsRyMemU_NXrQ4,restaurants.csv
CHIKKUZ RESTAURANT,"Kulangara sreekrishnaswamy temple road, Kazhakuttam, Kazhakkoottam, Thiruvananthapuram, Kerala 695582, India",,76.8744851,8.565801,ChIJUSul6cS_BTsRJxdjE84yaSM,CLOSED_TEMPORARILY,https://www.google.com/maps/place/?q=place_id:ChIJUSul6cS_BTsRJxdjE84yaSM,restaurants.csv
Chilly's Kuzhimanthi Restaurant,"Chilly's Kuzhimanthi Restaurant, Ambalathinkara, Kazhakkoottam, Thiruvananthapuram, Kerala 695582, India",+91 77360 42969,76.8818601,8.564605799999999,ChIJGfVChX6_BTsRHGLK_phm8VI,OPERATIONAL,https://www.google.com/maps/place/?q=place_id:ChIJGfVChX6_BTsRHGLK_phm8VI,restaurants.csv
Chinnu Fast Food,"Kadakileth House, SAGARA, 176, Madathunada-Pathirippally Road, Chenkallur, Thiruvananthapuram, Kerala 695043, India",+91 95621 40550,76.95235129999999,8.548490500000002,ChIJwTwNKBu5BTsRvzkAilpo_hU,OPERATIONAL,https://www.google.com/maps/place/?q=place_id:ChIJwTwNKBu5BTsRvzkAilpo_hU,restaurants.csv
Chinnu Hotel,"GWMX+VV3, Paruthippara Ambalamukku Rd, Muttada, Nalanchira, Paruthippara, Thiruvananthapuram, Kerala 695025, India",+91 471 254 4950,76.9496699,8.5346419,ChIJVZ7LpmW5BTsRzxPXFTbd7fk,OPERATIONAL,https://www.google.com/maps/place/?q=place_id:ChIJVZ7LpmW5BTsRzxPXFTbd7fk,restaurants.csv
Chithra cafe,"XI/27, Pallichal - Vizhinjam Rd, Thiruvananthapuram, Pallichal, Kerala 695020, India",+91 81295 28684,77.0181051,8.4413301,ChIJZdsjEACvBTsRpR7gYOMnjO4,OPERATIONAL,https://www.google.com/maps/place/?q=place_id:ChIJZdsjEACvBTsRpR7gYOMnjO4,restaurants.csv
Chithra hotel,"HXV3+9JW, Vattappara Valikode Rd, Vattappara, Kerala 695028, India",,76.9541452,8.5934528,ChIJffvtOAC5BTsRlXtynsFK4gk,OPERATIONAL,https://www.google.com/maps/place/?q=place_id:ChIJffvtOAC5BTsRlXtynsFK4gk,restaurants.csv
Choice Fast Food,"Kalung Bus Stop, Kalung, Nettayam, Thiruvananthapuram, Kerala 695013, India",+91 95677 76076,76.992537,8.54162,ChIJw_X4CBK5BTsRT2kriXhXgDM,OPERATIONAL,https://www.google.com/maps/place/?q=place_id:ChIJw_X4CBK5BTsRT2kriXhXgDM,restaurants.csv
Choice restaurant,"GXHR+J22, Mannarakonam, Maruthankuzhi, Thiruvananthapuram, Kerala 695013, India",+91 93888 83010,76.9900241,8.5290118,ChIJjVPWB_W5BTsRWCDpuJMhCFw,CLOSED_TEMPORARILY,https://www.google.com/maps/place/?q=place_id:ChIJjVPWB_W5BTsRWCDpuJMhCFw,restaurants.csv
City Palace Restaurant,"GX4V+6J7, Thirumala Peyad Malayinkeezhu Rd, Thirumala, Thiruvananthapuram, Kerala 695006, India",,76.9940453,8.505547199999999,ChIJszI_TRO6BTsRfsAYhTVHdUw,OPERATIONAL,https://www.google.com/maps/place/?q=place_id:ChIJszI_TRO6BTsRfsAYhTVHdUw,restaurants.csv
Claypot Restaurant,"FXX8+27H, Kochar Rd, Jagathy, Thiruvananthapuram, Kerala 695014, India",,76.9656523,8.4975879,ChIJRy_Kf6S7BTsR07pM55oo1QY,CLOSED_TEMPORARILY,https://www.google.com/maps/place/?q=place_id:ChIJRy_Kf6S7BTsR07pM55oo1QY,restaurants.csv
Coastal kitchen,"FWH6+MV9 shangumuham beach, Vallakkadavu, Thiruvananthapuram, Kerala 695008, India",+91 94470 70799,76.9119061,8.4784498,ChIJWaqmIAC9BTsR9k_ibS54EtI,OPERATIONAL,https://www.google.com/maps/place/?q=place_id:ChIJWaqmIAC9BTsR9k_ibS54EtI,restaurants.csv
Coonz cafe,"CHITHRANJALI STUDIO, Karinkadamugal, Thiruvananthapuram, Kerala 695027, India",+91 97470 14555,76.9623726,8.4422547,ChIJKXMa8EC7BTsRiWJvHXF2rww,OPERATIONAL,https://www.google.com/maps/place/?q=place_id:ChIJKXMa8EC7BTsRiWJvHXF2rww,restaurants.csv
Coral Reef Restaurant,"Beach Rd, junction, Kovalam Rd, Vizhinjam, Thiruvananthapuram, Kerala 695527, India",+91 98470 87155,76.9820763,8.3983785,ChIJQ2jdI3alBTsRAzRY0AtPplM,OPERATIONAL,https://www.google.com/maps/place/?q=place_id:ChIJQ2jdI3alBTsRAzRY0AtPplM,restaurants.csv
Corner Fast Food,"Church Rd, near SBI Kunjalumoodu, Kunjalumoodu, Shastri Nagar, Poojapura, Thiruvananthapuram, Kerala 695012, India",+91 94476 51323,76.9724102,8.487044,ChIJLb8D5la6BTsRqrlSYWIhK9E,OPERATIONAL,https://www.google.com/maps/place/?q=place_id:ChIJLb8D5la6BTsRqrlSYWIhK9E,restaurants.csv
Crave Multi Cuisine Restaurant,"Lakshmi's Arcade, opposite Pareeksha Bhavan, Shastri Nagar, Poojapura, Thiruvananthapuram, Kerala 695012, India",,76.9727328,8.488887100000001,ChIJGbNT-sa7BTsRKKs8qlreZhE,OPERATIONAL,https://www.google.com/maps/place/?q=place_id:ChIJGbNT-sa7BTsRKKs8qlreZhE,restaurants.csv
Crescent Hotel,"Thiruvananthapuram - Thenmala Rd, Winners Nagar, Peroorkada, Thiruvananthapuram, Kerala 695005, India",+91 99950 82499,76.970957,8.542630599999999,ChIJhfHdQ365BTsRTxgZ_-do9tw,OPERATIONAL,https://www.google.com/maps/place/?q=place_id:ChIJhfHdQ365BTsRTxgZ_-do9tw,restaurants.csv
Curry in GM Homemade Kitchen,"FX49+9W2, Maruthoorkadavu, Thiruvananthapuram, Kerala 695002, India",,76.9697156,8.4558305,ChIJAZZsdgC7BTsR9OQOKr3YV2k,CLOSED_TEMPORARILY,https://www.google.com/maps/place/?q=place_id:ChIJAZZsdgC7BTsR9OQOKr3YV2k,restaurants.csv
Curry Leaf Restaurant,"Kovalam Near Leela Hotel, Thiruvananthapuram, Kerala 695527, India",+91 97463 16102,76.97360909999999,8.398335099999999,ChIJq8hBmgelBTsR5cJG5GI-qqc,OPERATIONAL,https://www.google.com/maps/place/?q=place_id:ChIJq8hBmgelBTsR5cJG5GI-qqc,restaurants.csv
DAD FOOD FACTORY,"Tc 33, 2394/ 2, Mukkola, mukolakkal, Nettayam, Thiruvananthapuram, Kerala 695043, India",,76.9855717,8.546718,ChIJP3eojuC5BTsR8_eq5C0BtfU,OPERATIONAL,https://www.google.com/maps/place/?q=place_id:ChIJP3eojuC5BTsR8_eq5C0BtfU,restaurants.csv
Daisy's kitchen,"GX73+FCJ, Nalanda Ln, Nanthancodu, Thiruvananthapuram, Kerala 695003, India",,76.953514,8.513707,ChIJOZIUvW-7BTsRlWa17Iw0v5U,OPERATIONAL,https://www.google.com/maps/place/?q=place_id:ChIJOZIUvW-7BTsRlWa17Iw0v5U,hotels.csv (food business)
Dama Cafe Trivandrum (Cloud Kitchen - No dine in),"Chandrakala, Judges Paradise Ln, P.O, Kaimanam, Pappanamcode, Thiruvananthapuram, Kerala 695040, India",+91 88487 79395,76.97580769999999,8.471719799999999,ChIJZ31lpzi7BTsRGNEpb1WbK3E,OPERATIONAL,https://www.google.com/maps/place/?q=place_id:ChIJZ31lpzi7BTsRGNEpb1WbK3E,restaurants.csv
DANI'S KITCHEN PAPPANAMCODE,"Thulavila, Pappanamcode, Thiruvananthapuram, Kerala 695018, India",,76.97693509999999,8.4705684,ChIJPTcFi7a7BTsRQMGugLNYK8M,OPERATIONAL,https://www.google.com/maps/place/?q=place_id:ChIJPTcFi7a7BTsRQMGugLNYK8M,hotels.csv (food business)
DARBAR KITCHEN,"juma masjid, SM Lock Rd, near Puthenpalli, Puthanpally, Poonthura, Thiruvananthapuram, Kerala 695026, India",+91 72930 36364,76.94747219999999,8.4482795,ChIJm2PzhPW7BTsRABFkQtSfyA4,OPERATIONAL,https://www.google.com/maps/place/?q=place_id:ChIJm2PzhPW7BTsRABFkQtSfyA4,restaurants.csv
Dark Knight Family Restaurant,"Valiya, Veli, Thiruvananthapuram, Kerala 695021, India",+91 94477 27848,76.8833075,8.5126888,ChIJJbKuOHe9BTsRpKoC2JBLsyo,OPERATIONAL,https://www.google.com/maps/place/?q=place_id:ChIJJbKuOHe9BTsRpKoC2JBLsyo,restaurants.csv
DAYAN HOTEL,"Kollamkavu, Nedumangad, Kerala 695561, India",,76.9976136,8.6189688,ChIJjQv1tvDHBTsRsYQyp5D-qvo,OPERATIONAL,https://www.google.com/maps/place/?q=place_id:ChIJjQv1tvDHBTsRsYQyp5D-qvo,restaurants.csv
De Grill Station Pothencode,"near MT CINEPLEX, Pothencode Junction, Pothencode, Kerala 695584, India",+91 97784 66913,76.89858009999999,8.6181947,ChIJ71wSdVPBBTsR2duFrRJRIhs,CLOSED_TEMPORARILY,https://www.google.com/maps/place/?q=place_id:ChIJ71wSdVPBBTsR2duFrRJRIhs,restaurants.csv
Debbey's Home Kitchen,"F2G8+QF3, Malayam, Kerala 695571, India",,77.0159955,8.475757699999999,ChIJITNNAQCxBTsRK2STRbvO88w,CLOSED_TEMPORARILY,https://www.google.com/maps/place/?q=place_id:ChIJITNNAQCxBTsRK2STRbvO88w,restaurants.csv
Devi Fast Food,"9XXJ+MQ5, Kovalam, Thiruvananthapuram, Kerala 695527, India",+91 93497 77899,76.9819741,8.3991252,ChIJg4X4GAqlBTsRj7UDbC8xr2w,OPERATIONAL,https://www.google.com/maps/place/?q=place_id:ChIJg4X4GAqlBTsRj7UDbC8xr2w,restaurants.csv
Devi Hotel,"Salem - Kochi, FXCJ+96G, Panvel - Kochi - Kanyakumari Hwy, Kaimanam, Pappanamcode, Thiruvananthapuram, Kerala 695018, India",+91 471 249 2450,76.98058329999999,8.470949599999999,ChIJ____T-66BTsRU-qlQUxc2Do,OPERATIONAL,https://www.google.com/maps/place/?q=place_id:ChIJ____T-66BTsRU-qlQUxc2Do,restaurants.csv
Devi Hotel,"FX87+R78, Thaliyil Kalady Kulathara Maruthoorkadavu Rd, Kalady, Soman Nagar, Thiruvananthapuram, Kerala 695002, India",,76.96319319999999,8.4670355,ChIJ0fDH4R27BTsRyFIwE5DQsEo,CLOSED_TEMPORARILY,https://www.google.com/maps/place/?q=place_id:ChIJ0fDH4R27BTsRyFIwE5DQsEo,restaurants.csv
Devi hotel,"9XXJ+MPW, Vizhinjam, Kovalam, Thiruvananthapuram, Kerala 695527, India",,76.98184359999999,8.3992464,ChIJG4blYAClBTsRV5NRcHjmM68,OPERATIONAL,https://www.google.com/maps/place/?q=place_id:ChIJG4blYAClBTsRV5NRcHjmM68,restaurants.csv
Devu hotel,"CXJ9+HVG, Sivasoorya Rd, Thiruvananthapuram, Kerala 695027, India",,76.9696934,8.4314333,ChIJBXdWNwClBTsR8_VGn26CHoY,OPERATIONAL,https://www.google.com/maps/place/?q=place_id:ChIJBXdWNwClBTsR8_VGn26CHoY,restaurants.csv
Deyvee Restaurant,"Nalumukku-Kaithamukku Rd, Nalumukku, Kaithamukku, Thiruvananthapuram, Kerala 695008, India",+91 94976 89245,76.9398405,8.4884766,ChIJ8_mGuJi7BTsRK02DFinBd3Y,OPERATIONAL,https://www.google.com/maps/place/?q=place_id:ChIJ8_mGuJi7BTsRK02DFinBd3Y,restaurants.csv
DHANYA HOTEL,"Muttathara, Thiruvananthapuram, Kerala 695008, India",+91 62827 31727,76.9399827,8.4631489,ChIJ8yjGtBS7BTsRkzPSbzDIQHM,OPERATIONAL,https://www.google.com/maps/place/?q=place_id:ChIJ8yjGtBS7BTsRkzPSbzDIQHM,restaurants.csv
Dhe Ruchi Idam Hotel,"C226+PQW, Vizhinjam, Venganoor, Kerala 695523, India",,77.0119064,8.4018924,ChIJy0POGgCvBTsRS0knC4OqUJ8,OPERATIONAL,https://www.google.com/maps/place/?q=place_id:ChIJy0POGgCvBTsRS0knC4OqUJ8,restaurants.csv
Dildar Arabic Restaurant,"JV6W+VHW, Sreekariyam - Pothencode Rd, Pothencode, Kerala 695584, India",+91 96336 83976,76.8964622,8.6122359,ChIJ-ZzZQPfBBTsRhiDfKr0QZRM,OPERATIONAL,https://www.google.com/maps/place/?q=place_id:ChIJ-ZzZQPfBBTsRhiDfKr0QZRM,restaurants.csv
Dindigul Thalappakatti Restaurant,"91, LuLu Mall, 270, Akkulam Bridge, Anayara Post, Thiruvananthapuram, Kerala 695029, India",+91 78239 00094,76.8976919,8.515362099999999,ChIJ-wXnJT69BTsRDkz2jAIKd3o,OPERATIONAL,https://www.google.com/maps/place/?q=place_id:ChIJ-wXnJT69BTsRDkz2jAIKd3o,restaurants.csv
DINKU HOMELY FOOD,"Moni bhavan, Ara82, shivaji nagar, po, Kulathoor, arasumoodu, Thiruvananthapuram, Kerala 695583, India",+91 82816 52341,76.88800180000001,8.5450774,ChIJ3xtt3VG_BTsRzTu05iqNK4c,OPERATIONAL,https://www.google.com/maps/place/?q=place_id:ChIJ3xtt3VG_BTsRzTu05iqNK4c,restaurants.csv
DN Homely Cafe,"HWFG+6CP, Powdikonam, Uliyazhathura, Thiruvananthapuram, Kerala 695588, India",,76.9260765,8.573079,ChIJz2jafgC5BTsRX45IP39xmFE,OPERATIONAL,https://www.google.com/maps/place/?q=place_id:ChIJz2jafgC5BTsRX45IP39xmFE,restaurants.csv
Dosa Corner,"GXX6+V9M, Kudappanakunnu, Chenkallur, Thiruvananthapuram, Kerala 695043, India",,76.96092329999999,8.5497122,ChIJ552-08m5BTsRkYTyrYAHFLw,OPERATIONAL,https://www.google.com/maps/place/?q=place_id:ChIJ552-08m5BTsRkYTyrYAHFLw,restaurants.csv
Dosa Kada,"Oppt, SFS Church, Manjadimoodu, Vattiyoorkavu, Thiruvananthapuram, Kerala 695013, India",+91 80750 50774,76.9852071,8.523625,ChIJ4WlZc167BTsRBdlOxIoX3XQ,OPERATIONAL,https://www.google.com/maps/place/?q=place_id:ChIJ4WlZc167BTsRBdlOxIoX3XQ,restaurants.csv
DRONA FAST FOOD,"Thrikkannapuram, Pappanamcode, Thiruvananthapuram, Kerala 695019, India",+91 94463 40267,77.00066869999999,8.4715837,ChIJWRWBuUC7BTsRsRKQGF1gs58,OPERATIONAL,https://www.google.com/maps/place/?q=place_id:ChIJWRWBuUC7BTsRsRKQGF1gs58,restaurants.csv
"DUDE'S CAFE "" CHENNAI BIRIYANI","FW8P+X8V, Vishnu Vihar, Muttathara, Thiruvananthapuram, Kerala 695008, India",,76.9358082,8.467483099999999,ChIJc0L1XgC7BTsR4KWdhXzQ73U,CLOSED_TEMPORARILY,https://www.google.com/maps/place/?q=place_id:ChIJc0L1XgC7BTsR4KWdhXzQ73U,restaurants.csv
Dum and Dine Biriyani - karamana (Trivandrum),"near karamana market, Karamana Junction, Karamana, Thiruvananthapuram, Kerala 695002, India",+91 97466 56112,76.9672763,8.482101,ChIJb7BeslC7BTsRuOXwXuuOdB4,OPERATIONAL,https://www.google.com/maps/place/?q=place_id:ChIJb7BeslC7BTsRuOXwXuuOdB4,restaurants.csv
Eat & Drink Restaurant,"Eat and drink, NH Bypass Service Rd, near Masjid, Puthanpally, Poonthura, Thiruvananthapuram, Kerala 695026, India",+91 92079 92339,76.9485316,8.448532199999999,ChIJWUpwKAC7BTsRVylKmv2ib3k,OPERATIONAL,https://www.google.com/maps/place/?q=place_id:ChIJWUpwKAC7BTsRVylKmv2ib3k,restaurants.csv
Eden Cafe,"Eden Cafe, Zion Tower, PO, opposite Prathyasha Flat Cheriyathura, Vallakkadavu, Thiruvananthapuram, Kerala 695008, India",+91 88480 36618,76.9334555,8.4607748,ChIJFTtGxnK7BTsRzGF0pyuaT8I,OPERATIONAL,https://www.google.com/maps/place/?q=place_id:ChIJFTtGxnK7BTsRzGF0pyuaT8I,restaurants.csv
"Eggs & co. The juice,shake,Ice cream corner","Ground Floor, Ayyathuna Building, opp. New mobile showroom, Karamana Junction, Karamana, Thiruvananthapuram, Kerala 695002, India",+91 97463 28888,76.9679905,8.481869399999999,ChIJEYbREv-6BTsRhKi_-CQMRrQ,OPERATIONAL,https://www.google.com/maps/place/?q=place_id:ChIJEYbREv-6BTsRhKi_-CQMRrQ,restaurants.csv
ELAF RESTAURANT,"Technopark Trivandrum, Service Rd, Technopark Campus, Phase 1, Thiruvananthapuram, Kerala 695583, India",+91 99951 81855,76.877051,8.552717,ChIJIZ8MbwC_BTsRvwSlKH4wHP4,OPERATIONAL,https://www.google.com/maps/place/?q=place_id:ChIJIZ8MbwC_BTsRvwSlKH4wHP4,restaurants.csv
Elite Hotel,"C26Q+PG5, Kottukal, Kerala 695123, India",,77.0388521,8.4117652,ChIJYR0aoryvBTsRtRLCEHEjhP0,OPERATIONAL,https://www.google.com/maps/place/?q=place_id:ChIJYR0aoryvBTsRtRLCEHEjhP0,restaurants.csv
ELITE KITCHEN,"Elite Kitchen, 67/1327, Ambalathara, Thiruvananthapuram, Kerala 695026, India",+91 62823 48484,76.9504767,8.4551129,ChIJUZFmc8C7BTsRcNGeYgGOYQg,OPERATIONAL,https://www.google.com/maps/place/?q=place_id:ChIJUZFmc8C7BTsRcNGeYgGOYQg,restaurants.csv
Elysian Kitchen,"NCC Nagar, Durga Nagar, Peroorkada, Thiruvananthapuram, Kerala 695005, India",+91 90378 01004,76.9621535,8.5399035,ChIJES0MWQC5BTsR0tUbYedUsoU,OPERATIONAL,https://www.google.com/maps/place/?q=place_id:ChIJES0MWQC5BTsR0tUbYedUsoU,restaurants.csv
EMAAR KITCHEN,"9XXJ+GRC, Vizhinjam, Kovalam, Thiruvananthapuram, Kerala 695527, India",+91 95449 50003,76.9821904,8.399068999999999,ChIJdUILAXWlBTsRPPP6nlZrPog,OPERATIONAL,https://www.google.com/maps/place/?q=place_id:ChIJdUILAXWlBTsRPPP6nlZrPog,restaurants.csv
ENTE PEERUMETTILE CHAYA MRA BAKERY,"Peyad, Thiruvananthapuram, Kerala 695573, India",,77.0196287,8.5146693,ChIJCdH3H62xBTsR-U7ShnZIRLE,OPERATIONAL,https://www.google.com/maps/place/?q=place_id:ChIJCdH3H62xBTsR-U7ShnZIRLE,restaurants.csv
Esca Restaurant,"junction, Kalliyoor, Kerala 695042, India",+91 89214 03450,77.01692010000001,8.4323772,ChIJAwey48SvBTsRwumTeWrWPU8,OPERATIONAL,https://www.google.com/maps/place/?q=place_id:ChIJAwey48SvBTsRwumTeWrWPU8,restaurants.csv
Family Bakers & Restaurant,"G266+H8P, Pallimukku, Peyad, Kerala 695573, India",+91 80750 89825,77.01064339999999,8.511463299999999,ChIJ4cZ7mpSxBTsRuZB4BBrObKk,OPERATIONAL,https://www.google.com/maps/place/?q=place_id:ChIJ4cZ7mpSxBTsRuZB4BBrObKk,restaurants.csv
Family castle Hotel and Restaurant,"North, railway station, Kochuveli, Thiruvananthapuram, Kerala 695021, India",+91 94464 45171,76.89861560000001,8.5089018,ChIJew8kw9-9BTsR1qpthMPKi6E,OPERATIONAL,https://www.google.com/maps/place/?q=place_id:ChIJew8kw9-9BTsR1qpthMPKi6E,hotels.csv (food business)
Farm Fresh Restaurant By The Byke Hotels,"Samudra Beach, VP 1, GV Raja Rd, Kovalam, Thiruvananthapuram, Kerala 695527, India",+91 89289 36102,76.972726,8.401698999999999,ChIJUTGIv1elBTsRBv2awvI2oKE,OPERATIONAL,https://www.google.com/maps/place/?q=place_id:ChIJUTGIv1elBTsRBv2awvI2oKE,restaurants.csv
Farsana Fast Food,"Palayam Airport Rd, Vallakkadavu, Thiruvananthapuram, Kerala 695007, India",+91 80897 85855,76.9225912,8.4740513,ChIJeQu04US7BTsRvnt7yN1Oy0o,OPERATIONAL,https://www.google.com/maps/place/?q=place_id:ChIJeQu04US7BTsRvnt7yN1Oy0o,restaurants.csv
Fast Food,"Pathapur Pathapur, Karimanal, Kulathoor, Cuttack, Thiruvananthapuram, Odisha 754008, India",+91 70647 71024,76.8884899,8.524625,ChIJz9XoPIu_BTsRUP_IpgyUr4M,CLOSED_TEMPORARILY,https://www.google.com/maps/place/?q=place_id:ChIJz9XoPIu_BTsRUP_IpgyUr4M,restaurants.csv
Fathima Fast Food,"Airport Rd, Chithra Nagar, Vallakkadavu, Thiruvananthapuram, Kerala 695008, India",+91 98473 06166,76.9231152,8.473927399999999,ChIJP6tixc67BTsRiA9524pToHg,OPERATIONAL,https://www.google.com/maps/place/?q=place_id:ChIJP6tixc67BTsRiA9524pToHg,restaurants.csv
Fathima fast food tharatta road kallara,"J29F+FCF, Tharatta Rd, Nedumangad, Kerala 695541, India",+91 62822 71138,77.0235557,8.6186964,ChIJHcJnCgDJBTsR7j61haYkVnw,OPERATIONAL,https://www.google.com/maps/place/?q=place_id:ChIJHcJnCgDJBTsR7j61haYkVnw,hotels.csv (food business)
Fizza Family Restaurant,"Poonkavanam, near ISRO, Pazhavadi, Nedumangad, Kerala 695541, India",+91 95443 32301,77.004626,8.6080226,ChIJlUS8RX25BTsRgFvQd1MsRoY,CLOSED_TEMPORARILY,https://www.google.com/maps/place/?q=place_id:ChIJlUS8RX25BTsRgFvQd1MsRoY,restaurants.csv
Flora Family Restaurant,"9XXJ+PQ6, Kovalam Junction, Kovalam, Thiruvananthapuram, Kerala 695527, India",+91 471 248 2972,76.9818792,8.399283,ChIJ5UsqIAqlBTsRX_XFExHx3m4,OPERATIONAL,https://www.google.com/maps/place/?q=place_id:ChIJ5UsqIAqlBTsRX_XFExHx3m4,restaurants.csv
Food Bee,"z, 10, Nedumangad, Kerala 695541, India",,76.995744,8.586880899999999,ChIJDfz9QwC5BTsRg8QmyhpDblE,CLOSED_TEMPORARILY,https://www.google.com/maps/place/?q=place_id:ChIJDfz9QwC5BTsRg8QmyhpDblE,restaurants.csv
Food Factory,"Edathara Rd, P.O, Chenkottukonam, Thiruvananthapuram, Kerala 695587, India",+91 97477 12266,76.9024743,8.581818499999999,ChIJjVjd4KC_BTsRi5tMQR08v4U,OPERATIONAL,https://www.google.com/maps/place/?q=place_id:ChIJjVjd4KC_BTsRi5tMQR08v4U,restaurants.csv
Food in style,"NGO Quarters Junction, Museum - Nanthencode Rd, Nandavanam, Palayam, Thiruvananthapuram, Kerala 695033, India",+91 99473 22280,76.9563743,8.507273399999999,ChIJLaTOBcm7BTsRvVuHrvntD4Y,OPERATIONAL,https://www.google.com/maps/place/?q=place_id:ChIJLaTOBcm7BTsRvVuHrvntD4Y,restaurants.csv
Food on Wheels,"GX26+MHM, Thiruvananthapuram - Neyyar Dam Rd, Vazhuthacaud, Thiruvananthapuram, Kerala 695010, India",+91 94957 35292,76.961503,8.501718,ChIJn09Nk3q7BTsREwqdzI5g9gY,OPERATIONAL,https://www.google.com/maps/place/?q=place_id:ChIJn09Nk3q7BTsREwqdzI5g9gY,restaurants.csv
FOOD TEXT,"TC 29, 4294(3, Bakery Jct Rd, Oottukuzhy, Palayam, Thiruvananthapuram, Kerala 695001, India",+91 96451 51947,76.9538513,8.4999033,ChIJZ5hP0v-7BTsRbyJMk-xak5I,OPERATIONAL,https://www.google.com/maps/place/?q=place_id:ChIJZ5hP0v-7BTsRbyJMk-xak5I,restaurants.csv
Food Times Restaurant & Bakery,"near St' Thomas Church Valia, Veli, Thiruvananthapuram, Kerala 695021, India",,76.8847947,8.5128826,ChIJrX4GSyW8BTsRSOvCkxngiko,OPERATIONAL,https://www.google.com/maps/place/?q=place_id:ChIJrX4GSyW8BTsRSOvCkxngiko,restaurants.csv
Food venture,"HV6W+3JF, P.O, Pangappara, Thiruvananthapuram, Kerala 695581, India",+91 82101 29058,76.89653960000001,8.560176499999999,ChIJf4umMQC_BTsRjaD3vfoNxyM,OPERATIONAL,https://www.google.com/maps/place/?q=place_id:ChIJf4umMQC_BTsRjaD3vfoNxyM,restaurants.csv
Foodcourt cafe deccenuim,"Pms dentel college, Thiruvananthapuram, Vattappara, Kerala 695028, India",+91 97462 59003,76.95851789999999,8.5956691,ChIJP65nZeK5BTsR949MMNTX53w,CLOSED_TEMPORARILY,https://www.google.com/maps/place/?q=place_id:ChIJP65nZeK5BTsR949MMNTX53w,restaurants.csv
FOODIE CHEF RESTAURANT,"uchakkada, Vizhinjam, Venganoor, Kerala 695501, India",,77.0238893,8.3953176,ChIJl-KyF3evBTsR8OX4-HWj2NI,OPERATIONAL,https://www.google.com/maps/place/?q=place_id:ChIJl-KyF3evBTsR8OX4-HWj2NI,restaurants.csv
Fork and Spoon Live Kitchen,"GX5C+JCG, Sankar Rd, Sasthamangalam, Thiruvananthapuram, Kerala 695010, India",,76.97107199999999,8.509063099999999,ChIJFfEhdLq7BTsRmKbRFno_w4I,CLOSED_TEMPORARILY,https://www.google.com/maps/place/?q=place_id:ChIJFfEhdLq7BTsRmKbRFno_w4I,restaurants.csv
Fresco café,"Juma Masjid, Pallimukku, Peyad, Kerala 695573, India",+91 89436 20790,77.0133534,8.512358200000001,ChIJ7SZfTc6xBTsRV7q0SPHf5yE,OPERATIONAL,https://www.google.com/maps/place/?q=place_id:ChIJ7SZfTc6xBTsRV7q0SPHf5yE,restaurants.csv
Friends Fast Food,"Sunida Bulding, Arikkadamukku, Thiruvananthapuram, Pallichal, Kerala 695020, India",+91 98951 60687,77.01500279999999,8.449513099999999,ChIJ4f71v5-xBTsR2bGqS3Hh_c0,CLOSED_TEMPORARILY,https://www.google.com/maps/place/?q=place_id:ChIJ4f71v5-xBTsR2bGqS3Hh_c0,restaurants.csv
Friends Hotel,"Pravachambalam - Ooruttambalam Rd, Arikkadamukku, Pallichal, Kerala 695020, India",,77.01498939999999,8.4496342,ChIJiUIzjwawBTsRv0p-6oFi1b8,OPERATIONAL,https://www.google.com/maps/place/?q=place_id:ChIJiUIzjwawBTsRv0p-6oFi1b8,restaurants.csv
Friends Restaurant,"HW3V+Q87, Thiruvananthapuram, Kerala 695015, India",+91 98097 54717,76.9432989,8.554406499999999,ChIJG69FTha5BTsRKOGSeUvJ2s8,OPERATIONAL,https://www.google.com/maps/place/?q=place_id:ChIJG69FTha5BTsRKOGSeUvJ2s8,restaurants.csv
"Frozen Bottle - Milkshakes, Desserts and Ice Cream","Main Gate, Nalanchira, Paruthippara, Thiruvananthapuram, Kerala 695015, India",+91 86065 44023,76.9423399,8.5433212,ChIJh7U-fzm5BTsRSzvJ-tZ9YF8,OPERATIONAL,https://www.google.com/maps/place/?q=place_id:ChIJh7U-fzm5BTsRSzvJ-tZ9YF8,restaurants.csv
"Frozen Bottle - Milkshakes, Desserts And Ice Cream","Kulathoor, Salma Arcade, Near, Technopark Phase III Main Rd, Mukkolackal, Kazhakkoottam, Thiruvananthapuram, Kerala 695583, India",+91 81293 25282,76.87744239999999,8.547702,ChIJNz4ujeC_BTsR5m3y7jlBxhI,OPERATIONAL,https://www.google.com/maps/place/?q=place_id:ChIJNz4ujeC_BTsR5m3y7jlBxhI,restaurants.csv
FUMISH Restaurant,"FX5X+CF4, Nemom, Kerala 695020, India",+91 98953 60681,76.998364,8.4586727,ChIJRSg2mpW7BTsRUbUYvH-ZCxU,OPERATIONAL,https://www.google.com/maps/place/?q=place_id:ChIJRSg2mpW7BTsRUbUYvH-ZCxU,restaurants.csv
Ganga Hotel,"Manvila, Thiruvananthapuram, Kerala 695583, India",,76.892654,8.542985,ChIJbR6JA5W-BTsRRtv2_myaA4g,OPERATIONAL,https://www.google.com/maps/place/?q=place_id:ChIJbR6JA5W-BTsRRtv2_myaA4g,restaurants.csv
Garam Masala Restaurant,"Edapazhnji, Cotton Hill, Vazhuthacaud, Thiruvananthapuram, Kerala 695014, India",+91 471 409 9799,76.96691109999999,8.5037445,ChIJC83hWrO7BTsRfZW1qADcaqI,CLOSED_TEMPORARILY,https://www.google.com/maps/place/?q=place_id:ChIJC83hWrO7BTsRfZW1qADcaqI,restaurants.csv
Garden Restaurant,"HW26+98M, Chavadimukku, Sreekaryam, Thiruvananthapuram, Kerala 695017, India",+91 85471 90723,76.9108019,8.550953,ChIJAXznNMm-BTsRm0rjZnE3P-0,OPERATIONAL,https://www.google.com/maps/place/?q=place_id:ChIJAXznNMm-BTsRm0rjZnE3P-0,restaurants.csv
Gauri Shankar Hotel,"South Nada Fort, Fort, East Fort, Pazhavangadi, Thiruvananthapuram, Kerala 695023, India",,76.94352690000001,8.4811537,ChIJFTZYjQq7BTsRD5-8XUWApqQ,OPERATIONAL,https://www.google.com/maps/place/?q=place_id:ChIJFTZYjQq7BTsRD5-8XUWApqQ,restaurants.csv
Geethanjali Tiffin Centre,"GWCH+MRW, Medical College Kumarapuram Rd, Murinjapalam, Thiruvananthapuram, Kerala 695011, India",,76.9295824,8.5217353,ChIJl6nvy_y7BTsRvv6Vg_4ypCk,OPERATIONAL,https://www.google.com/maps/place/?q=place_id:ChIJl6nvy_y7BTsRvv6Vg_4ypCk,restaurants.csv
GG Restaurant,"GXGQ+2QW, Vattiyoorkavu, Thiruvananthapuram, Kerala 695013, India",+91 471 236 7624,76.98944879999999,8.5251217,ChIJectsuh-6BTsRJD9efD2oRA8,OPERATIONAL,https://www.google.com/maps/place/?q=place_id:ChIJectsuh-6BTsRJD9efD2oRA8,restaurants.csv
Good Morning Hotel,"next to State Bank of India P O, Karamana, Thiruvananthapuram, Kerala 695002, India",+91 94961 04021,76.9702695,8.4808451,ChIJS2zi_lW6BTsRNPTRck6fyZI,OPERATIONAL,https://www.google.com/maps/place/?q=place_id:ChIJS2zi_lW6BTsRNPTRck6fyZI,restaurants.csv
Gowris Kitchen,"Vaduvoth, Thiruvananthapuram, Kerala 695008, India",+91 83018 50783,76.93718729999999,8.4636894,ChIJX4bVegC7BTsRcCLiIOiDJUE,OPERATIONAL,https://www.google.com/maps/place/?q=place_id:ChIJX4bVegC7BTsRcCLiIOiDJUE,restaurants.csv
GP Hotel and Tea Shop,"GX7F+9H9, Sree Ramakrishna Mission Hospital Rd, Sasthamangalam, Thiruvananthapuram, Kerala 695010, India",+91 79946 32763,76.97398679999999,8.5134036,ChIJk92ZWzC6BTsRES9Ui-NdPrQ,OPERATIONAL,https://www.google.com/maps/place/?q=place_id:ChIJk92ZWzC6BTsRES9Ui-NdPrQ,restaurants.csv
Grace Restaurant,"Nalanchira, Thiruvananthapuram, Kerala 695015, India",+91 99959 38999,76.9426309,8.544407000000001,ChIJnw9ci2q5BTsRhy24TGkM0Hk,OPERATIONAL,https://www.google.com/maps/place/?q=place_id:ChIJnw9ci2q5BTsRhy24TGkM0Hk,restaurants.csv
Grand Duke Restaurant,"Kerala, Manava Nagar, Eanchakkal, Manava Nagar, Eanchakkal, Thiruvananthapuram, Kerala 695024, India",+91 471 300 3300,76.92953829999999,8.4851362,ChIJbUVvMoO7BTsRbK8GnLTdpfs,OPERATIONAL,https://www.google.com/maps/place/?q=place_id:ChIJbUVvMoO7BTsRbK8GnLTdpfs,restaurants.csv
Grandios Biriyani,"GW63+4RH, Venpalavattom, Thiruvananthapuram, Kerala 695029, India",+91 90724 74040,76.9049814,8.5105519,ChIJ3dk_vyO9BTsR5ZkfkfmrW8U,OPERATIONAL,https://www.google.com/maps/place/?q=place_id:ChIJ3dk_vyO9BTsR5ZkfkfmrW8U,restaurants.csv
Green chilly Family Restaurant,"Pallimukku, Peyad, Kerala 695573, India",,77.0148339,8.5128734,ChIJxwFEnQ-xBTsRYyhxNf-iXFA,OPERATIONAL,https://www.google.com/maps/place/?q=place_id:ChIJxwFEnQ-xBTsRYyhxNf-iXFA,restaurants.csv
Green City Restaurant,"1/923, Krishna Vihar, Kumarapuram, Thiruvananthapuram, Kerala 695011, India",+91 98958 61135,76.9274322,8.5152187,ChIJOTS2jfq7BTsRCsPjOXy23Ww,OPERATIONAL,https://www.google.com/maps/place/?q=place_id:ChIJOTS2jfq7BTsRCsPjOXy23Ww,restaurants.csv
Grill Shack,"Thiruvananthapuram - Neyyar Dam Rd, Cotton Hill, Vazhuthacaud, Thiruvananthapuram, Kerala 695014, India",+91 77366 51122,76.9621124,8.5015621,ChIJqwi_Bjm7BTsR6CpFAq3grDw,OPERATIONAL,https://www.google.com/maps/place/?q=place_id:ChIJqwi_Bjm7BTsR6CpFAq3grDw,restaurants.csv
Grill Zone,"NCC Rd, Samithy Nagar, Ambalamukku, Thiruvananthapuram, Kerala 695005, India",+91 99959 84499,76.9579116,8.5363949,ChIJ9VXGYAC5BTsR5grVSSJN1D8,OPERATIONAL,https://www.google.com/maps/place/?q=place_id:ChIJ9VXGYAC5BTsR5grVSSJN1D8,restaurants.csv
Gujju's Kitchen,"TC 14/3657, National Highway 47, Opp Smart Bazar Kesavadasapuram, Kailash Nagar, Vivekananda Nagar, Pattom, Thiruvananthapuram, Kerala 695004, India",,76.9389042,8.527622299999999,ChIJ42O3c_G5BTsRzwLo5pr5sLI,OPERATIONAL,https://www.google.com/maps/place/?q=place_id:ChIJ42O3c_G5BTsRzwLo5pr5sLI,restaurants.csv
Gulu's Kitchen,"Gowreesham, PRA-14, Prakrithi Gardens, Karipur, P.O, Malayinkeezh, Trivandrum, Kerala 695571, India",+91 95627 42820,77.027345,8.4997302,ChIJzzSqdCmxBTsRSOosNghsE7I,OPERATIONAL,https://www.google.com/maps/place/?q=place_id:ChIJzzSqdCmxBTsRSOosNghsE7I,restaurants.csv
Haappyy Belly Restaurant,"Pazhakutty, Kollamkavu, Nedumangad, Kerala 695561, India",+91 82818 86887,76.9972823,8.616319299999999,ChIJ_WYcv-jHBTsRlN1GUBMKqfM,OPERATIONAL,https://www.google.com/maps/place/?q=place_id:ChIJ_WYcv-jHBTsRlN1GUBMKqfM,restaurants.csv
Habibi shawarma hut,"road, Pazhakutty, Kollamkavu, Nedumangad, Thiruvananthapuram, Kerala 695561, India",+91 77360 30089,76.9973711,8.6150871,ChIJIe93SZnHBTsRgB5V7uyemM4,OPERATIONAL,https://www.google.com/maps/place/?q=place_id:ChIJIe93SZnHBTsRgB5V7uyemM4,restaurants.csv
Halais Dum Biryani,"Pazhaya Rd, Pangappara, Thiruvananthapuram, Kerala 695581, India",+91 70256 25152,76.8952639,8.5613613,ChIJS4ibAN6-BTsRJVbNUHbGbZ0,OPERATIONAL,https://www.google.com/maps/place/?q=place_id:ChIJS4ibAN6-BTsRJVbNUHbGbZ0,restaurants.csv
Halais Dum Biryani,"No-4, GVHP+W2, 269-3, NH 66, Near Infosys, Poundukadavu, Thiruvananthapuram, Kerala 695583, India",+91 93877 76644,76.88498299999999,8.529828000000002,ChIJheO_QZu-BTsRkN2Gpmld2ew,OPERATIONAL,https://www.google.com/maps/place/?q=place_id:ChIJheO_QZu-BTsRkN2Gpmld2ew,restaurants.csv
HANAMI PAN ASIAN RESTAURANT,"757/3, T.C. 34, Watts Ln, Shangumukham, Kannanthura, Thiruvananthapuram, Kerala 695007, India",+91 97451 93888,76.9112834,8.483633800000002,ChIJBUAb_JW9BTsRbSmGrM05pMI,OPERATIONAL,https://www.google.com/maps/place/?q=place_id:ChIJBUAb_JW9BTsRbSmGrM05pMI,restaurants.csv
Happy hotel take away,"FWVH+VRG, Kaithamukku Petta Rd, Pettah, Thiruvananthapuram, Kerala 695024, India",,76.9295764,8.494698099999999,ChIJU5uc14-7BTsRc-PiVseNKT0,OPERATIONAL,https://www.google.com/maps/place/?q=place_id:ChIJU5uc14-7BTsRc-PiVseNKT0,restaurants.csv
Harshad Veg Restaurant,"GV6W+2W5, Kochuveli, Thiruvananthapuram, Kerala 695021, India",,76.89736669999999,8.5100152,ChIJE7Fjsxe8BTsRCrurQRa5ghg,OPERATIONAL,https://www.google.com/maps/place/?q=place_id:ChIJE7Fjsxe8BTsRCrurQRa5ghg,restaurants.csv
Hayath family restaurant,"TV nagar, Kusakkode, Thirumala, Thiruvananthapuram, Kerala 695006, India",,76.993032,8.5032319,ChIJg-v-_Me7BTsRqC-Fh41Ab5E,OPERATIONAL,https://www.google.com/maps/place/?q=place_id:ChIJg-v-_Me7BTsRqC-Fh41Ab5E,restaurants.csv
HAYATH FAMILY RESTAURANT,"C2FV+3QG, വിഴിഞ്ഞം റോഡ്, പഴയകടലനെ, ബാലരാമപുരം, കേരള 695501, India",+91 96458 94919,77.0444503,8.4226874,ChIJqRVz58evBTsR16agtyOxFNA,OPERATIONAL,https://www.google.com/maps/place/?q=place_id:ChIJqRVz58evBTsR16agtyOxFNA,restaurants.csv
HEAVEN OF FOOD RESTAURANT,"Mottamoodu, Trivandrum, Pallichal, Kerala 695528, India",,77.0256346,8.4497532,ChIJw6vv9JCxBTsR9PWhpLeoHck,OPERATIONAL,https://www.google.com/maps/place/?q=place_id:ChIJw6vv9JCxBTsR9PWhpLeoHck,restaurants.csv
Heavenly's Kitchen,"GXHG+9F5, Mannammoola, Thiruvananthapuram, Kerala 695005, India",,76.9762196,8.528393399999999,ChIJ96ksVAC5BTsRAL2R8sE8i6w,CLOSED_TEMPORARILY,https://www.google.com/maps/place/?q=place_id:ChIJ96ksVAC5BTsRAL2R8sE8i6w,restaurants.csv
Highrange 2.0 A Techies Kitchen,"TC 1/4553/2, Ambalathinkara, Pavithram, Kazhakkoottam, Thiruvananthapuram, Kerala 695582, India",+91 80891 42438,76.8824248,8.5648777,ChIJoVMepM-_BTsR2yW7h38xCQo,OPERATIONAL,https://www.google.com/maps/place/?q=place_id:ChIJoVMepM-_BTsR2yW7h38xCQo,restaurants.csv
Highway Restaurant,"CXQ4+MQG, Thiruvallam, Thiruvananthapuram, Kerala 695027, India",,76.9569504,8.439185199999999,ChIJEd89SCelBTsRx2tx-ZvrL9w,CLOSED_TEMPORARILY,https://www.google.com/maps/place/?q=place_id:ChIJEd89SCelBTsRx2tx-ZvrL9w,restaurants.csv
Homely Circle Cafe,"Kunnuvila puthenveedu, Kattuvila, Peyad, Kerala 695573, India",+91 91884 41169,77.02507860000001,8.5209305,ChIJRfUYbvexBTsRqn8FWLf5RNs,OPERATIONAL,https://www.google.com/maps/place/?q=place_id:ChIJRfUYbvexBTsRqn8FWLf5RNs,restaurants.csv
Homely food,"Pulimoodu junction, Maruthankuzhi - Kachani Rd, Manjadimoodu, Thiruvananthapuram, Kerala 695013, India",,76.9860374,8.5238211,ChIJc0S7RQC7BTsR8yHMvQVt3OE,OPERATIONAL,https://www.google.com/maps/place/?q=place_id:ChIJc0S7RQC7BTsR8yHMvQVt3OE,restaurants.csv
HOMELY FOOD,"HXW5+6H7, Vattappara Valikode Rd, Vattappara, Kerala 695028, India",+91 94961 49369,76.9589311,8.5955491,ChIJoZ3T_Yu4BTsRYKah8yhBs7w,OPERATIONAL,https://www.google.com/maps/place/?q=place_id:ChIJoZ3T_Yu4BTsRYKah8yhBs7w,restaurants.csv
Homely food (Veettile oonu),"GWVF+93, Chenthi, Gowari Nagar, Sreekaryam, Thiruvananthapuram, Kerala 695011, India",,76.92260999999999,8.543407499999999,ChIJbfcmVVS5BTsRA5W_rUKkC5I,OPERATIONAL,https://www.google.com/maps/place/?q=place_id:ChIJbfcmVVS5BTsRA5W_rUKkC5I,restaurants.csv
Homely Kerala Food And Home Delivery,"Kulathoor, Thiruvananthapuram, Kerala 695583, India",+91 90370 43614,76.8891637,8.5347622,ChIJCdy7rZC-BTsR2RN3rj2Fkk4,OPERATIONAL,https://www.google.com/maps/place/?q=place_id:ChIJCdy7rZC-BTsR2RN3rj2Fkk4,restaurants.csv
Homies kitchen,"CXQ4+PQF, Thiruvallam, Thiruvananthapuram, Kerala 695027, India",,76.9569284,8.439237799999999,ChIJQxDW64mlBTsRnSbdacWaZRc,CLOSED_TEMPORARILY,https://www.google.com/maps/place/?q=place_id:ChIJQxDW64mlBTsRnSbdacWaZRc,restaurants.csv
Homies Restaurant,"NH bypass, Ulloor - Akkulam Rd, Akkulam, Thiruvananthapuram, Kerala 695583, India",+91 88489 00802,76.8915675,8.5241156,ChIJm1_-Zpe_BTsRguvJTUpW6tw,OPERATIONAL,https://www.google.com/maps/place/?q=place_id:ChIJm1_-Zpe_BTsRguvJTUpW6tw,restaurants.csv
honeys pot biriyani,"JV4W+GQQ, Sreekariyam - Pothencode Rd, Kattaikonam, Thiruvananthapuram, Kerala 695584, India",,76.8969839,8.606334,ChIJx4iNGee_BTsRYUbTTBmGk3s,CLOSED_TEMPORARILY,https://www.google.com/maps/place/?q=place_id:ChIJx4iNGee_BTsRYUbTTBmGk3s,restaurants.csv
Hot N Spicy Family Restaurant,"Kovalam Rd, Kumarichantha, Ambalathara, Thiruvananthapuram, Kerala 695026, India",+91 92070 34148,76.9486167,8.449354999999999,ChIJS_HpwMC7BTsRiACBGulpkZg,OPERATIONAL,https://www.google.com/maps/place/?q=place_id:ChIJS_HpwMC7BTsRiACBGulpkZg,restaurants.csv
Hotel,"FXQJ+49P, Shastri Nagar, Poojapura, Thiruvananthapuram, Kerala 695012, India",,76.980963,8.4878356,ChIJe_keGAC7BTsRQBLl_7RHbpg,CLOSED_TEMPORARILY,https://www.google.com/maps/place/?q=place_id:ChIJe_keGAC7BTsRQBLl_7RHbpg,restaurants.csv
Hotel Aadi,"J2CC+7R7, Nedumangad Karipoor Rd, near Karipoor, Pazhavadi, Nedumangad, Kerala 695541, India",,77.02207229999999,8.6206859,ChIJTUV5DQDJBTsRYb3OMT3nQIk,OPERATIONAL,https://www.google.com/maps/place/?q=place_id:ChIJTUV5DQDJBTsRYb3OMT3nQIk,restaurants.csv
Hotel Achoos,"HWC4+3WQ, Aniyoor Temple Ln Rd, Chempazhanthy, Thiruvananthapuram, Kerala 695587, India",,76.9073531,8.570217600000001,ChIJ7X0TOEC_BTsRv_mPOGqL1hA,OPERATIONAL,https://www.google.com/maps/place/?q=place_id:ChIJ7X0TOEC_BTsRv_mPOGqL1hA,restaurants.csv
Hotel Akash,"GXM7+VQ8, Ambalamukku Rd, Devapalan Nagar, Peroorkada, Thiruvananthapuram, Kerala 695005, India",+91 98953 95948,76.96443839999999,8.5346705,ChIJK5Ekg4K5BTsRyt_WOmtWf8k,OPERATIONAL,https://www.google.com/maps/place/?q=place_id:ChIJK5Ekg4K5BTsRyt_WOmtWf8k,restaurants.csv
Hotel Al Ameen,"Near Makayiram Complex Paravankunnu Thiruvananthapuram, Kerala 695026, Paravankunnu, Thiruvananthapuram, Kerala, India, Paravankunnu, Thiruvananthapuram, Kerala 695026, India",,76.9500265,8.4555397,ChIJz6wRfzu7BTsRmQrgK80IbBY,OPERATIONAL,https://www.google.com/maps/place/?q=place_id:ChIJz6wRfzu7BTsRmQrgK80IbBY,restaurants.csv
Hotel Al Barkath,"Palayam Airport Rd, Aishwarya Nagar, Vettukadu, Thiruvananthapuram, Kerala 695007, India",+91 97446 01664,76.9068906,8.4947299,ChIJh_Am1HG8BTsRfS-qttilAdI,OPERATIONAL,https://www.google.com/maps/place/?q=place_id:ChIJh_Am1HG8BTsRfS-qttilAdI,restaurants.csv
Hotel Al-ameen,"Kannammoola, Thiruvananthapuram, Kerala 695011, India",+91 98955 40041,76.93190249999999,8.5036579,ChIJL9KbMu27BTsR2SNANta3B5U,OPERATIONAL,https://www.google.com/maps/place/?q=place_id:ChIJL9KbMu27BTsR2SNANta3B5U,restaurants.csv
Hotel Ambadi,"HW38+6Q6, Chekkalamukku-Powdikonam Rd, Sreekaryam, Thiruvananthapuram, Kerala 695017, India",+91 98954 04581,76.9169015,8.5530288,ChIJQ6f-wsy-BTsRrSt89NEUQis,OPERATIONAL,https://www.google.com/maps/place/?q=place_id:ChIJQ6f-wsy-BTsRrSt89NEUQis,restaurants.csv
Hotel Ambady,"TC 21/308, Civil Station Road, Kudappanakunnu, Peroorkada, Thiruvananthapuram, Kerala 695043, India",,76.9607309,8.5497858,ChIJ8-F0Bgu5BTsRihxV7R2lBLM,OPERATIONAL,https://www.google.com/maps/place/?q=place_id:ChIJ8-F0Bgu5BTsRihxV7R2lBLM,restaurants.csv
Hotel Anand,"Kollam road, Sreekariyam Junction, Gowari Nagar, Sreekaryam, Thiruvananthapuram, Kerala 695017, India",+91 94463 09435,76.9175017,8.5485972,ChIJweDaJ8u-BTsR0OCiAUMPO_o,CLOSED_TEMPORARILY,https://www.google.com/maps/place/?q=place_id:ChIJweDaJ8u-BTsR0OCiAUMPO_o,restaurants.csv
HOTEL ANANDH,"HOTEL ANANDH, Maruthankuzhy Brg, PO, Maruthumkuzhi, Thiruvananthapuram, Kerala 695030, India",,76.9782881,8.5129694,ChIJT1DJQAC7BTsR0afYf8aBSUU,OPERATIONAL,https://www.google.com/maps/place/?q=place_id:ChIJT1DJQAC7BTsR0afYf8aBSUU,restaurants.csv
Hotel Ananthapuri,"Peroorkada Mannanthala Rd, Kudappanakunnu, Thiruvananthapuram, Kerala 695043, India",,76.96109489999999,8.550530799999999,ChIJmbgprAu5BTsRp9WrU2EZjlw,OPERATIONAL,https://www.google.com/maps/place/?q=place_id:ChIJmbgprAu5BTsRp9WrU2EZjlw,restaurants.csv
Hotel Annapoorna,"Annapoorna Resturant, Near PRS Hospital, Killipalam, Karamana, Thiruvananthapuram, Kerala 695002, India",+91 98958 31976,76.95883119999999,8.4816373,ChIJiQok5aq7BTsRWrmP2A0JeAw,OPERATIONAL,https://www.google.com/maps/place/?q=place_id:ChIJiQok5aq7BTsRWrmP2A0JeAw,restaurants.csv
Hotel Annapoorna (Pure Veg),"Pazhavangadi, Chalai Bazaar, Chalai, Thiruvananthapuram, Kerala 695036, India",+91 96339 99479,76.94794610000001,8.4850641,ChIJdYfhJqe7BTsRXL5lNaE6rhM,OPERATIONAL,https://www.google.com/maps/place/?q=place_id:ChIJdYfhJqe7BTsRXL5lNaE6rhM,restaurants.csv
Hotel Annapurna,"FXH9+W66, Thaliyal Rd, Mither Nagar, Karamana, Thiruvananthapuram, Kerala 695002, India",,76.9680064,8.4797928,ChIJd8uc5P66BTsRKxbpICVpx60,OPERATIONAL,https://www.google.com/maps/place/?q=place_id:ChIJd8uc5P66BTsRKxbpICVpx60,restaurants.csv
Hotel Ansari,"2,3,4,5,6,8,9, PP 6/666/1, Opposite Town Masjid, Jn, Pothencode, Thiruvananthapuram, Kerala 695584, India",+91 95627 45842,76.8992524,8.6194721,ChIJJRTPPqPABTsRshLqU98pz-o,OPERATIONAL,https://www.google.com/maps/place/?q=place_id:ChIJJRTPPqPABTsRshLqU98pz-o,restaurants.csv
Hotel APPA,"Near, CET Main Gate Entry Rd, Ambady Nagar, Thiruvananthapuram, Kerala 695017, India",,76.9082727,8.549123,ChIJhdyaJwC_BTsREce5Qw86OkE,OPERATIONAL,https://www.google.com/maps/place/?q=place_id:ChIJhdyaJwC_BTsREce5Qw86OkE,restaurants.csv
Hotel Appus,"Chaka Bypass, near IMA, Kallummoodu, Chacka, Thiruvananthapuram, Kerala 695029, India",+91 99471 63747,76.91379119999999,8.5015283,ChIJvZ_BlHS8BTsRsObRcKwkdPs,OPERATIONAL,https://www.google.com/maps/place/?q=place_id:ChIJvZ_BlHS8BTsRsObRcKwkdPs,restaurants.csv
Hotel Arshida.,"CWVV+7GH, Sree Shastha Nagar, Poonthura, Thiruvananthapuram, Kerala 695026, India",,76.9438461,8.4431774,ChIJ1WuYqgm7BTsRHk-nadli4NQ,CLOSED_TEMPORARILY,https://www.google.com/maps/place/?q=place_id:ChIJ1WuYqgm7BTsRHk-nadli4NQ,restaurants.csv
Hotel Aruna (Pure veg),"T.C.14/2345 MG Road Near VJT Hall, University of Kerala Senate House Campus, Palayam, Thiruvananthapuram, Kerala 695034, India",+91 471 247 5893,76.9500924,8.502792,ChIJVVVVlbi7BTsRVKy94DohV6s,OPERATIONAL,https://www.google.com/maps/place/?q=place_id:ChIJVVVVlbi7BTsRVKy94DohV6s,restaurants.csv
Hotel Aryaas,"FXFG+9QM, Salem-Kanyakumari Highway, Kaimanam, Pappanamcode, Thiruvananthapuram, Kerala 695040, India",,76.9769244,8.473457699999999,ChIJs_RTF_C6BTsRGzi3OlI-3RY,OPERATIONAL,https://www.google.com/maps/place/?q=place_id:ChIJs_RTF_C6BTsRGzi3OlI-3RY,restaurants.csv
Hotel Aryaas,"J233+J55, Market Rd, Pazhavadi, Nedumangad, Kerala 695541, India",+91 88381 54448,77.0029875,8.6040218,ChIJ92p7loK5BTsRZCiHp2-qxOM,OPERATIONAL,https://www.google.com/maps/place/?q=place_id:ChIJ92p7loK5BTsRZCiHp2-qxOM,restaurants.csv
Hotel Aswathy homely fish curry meals,"Titanium P.O, Veli Sanghumugham Rd, Balanagar, Vettukadu, Thiruvananthapuram, Kerala 695021, India",,76.8969151,8.4984372,ChIJP761Yra9BTsR2wKlDNkqoEQ,OPERATIONAL,https://www.google.com/maps/place/?q=place_id:ChIJP761Yra9BTsR2wKlDNkqoEQ,restaurants.csv
Hotel Aswathy Vegetarian,"Near, Attukal Temple, C Block, Attukal, Manacaud, Thiruvananthapuram, Kerala 695009, India",+91 96335 13798,76.9551073,8.4704535,ChIJzcRm5hq7BTsR3LOzPe1M1GI,OPERATIONAL,https://www.google.com/maps/place/?q=place_id:ChIJzcRm5hq7BTsR3LOzPe1M1GI,restaurants.csv
Hotel Azeez,"Thirumala Junction, Thirumala, Thiruvananthapuram, Kerala 695006, India",+91 97461 09686,76.99175579999999,8.5016768,ChIJobaSlWu6BTsRfHcbJpEZKZ4,OPERATIONAL,https://www.google.com/maps/place/?q=place_id:ChIJobaSlWu6BTsRfHcbJpEZKZ4,restaurants.csv
HOTEL BHADRA,"Malayam School Bus Stop, F2G8+M39, Pappanamcode Malayinkeezhu Rd, Kerala 695571, India",,77.0152323,8.4766547,ChIJF-WknXmwBTsRqEKyF3D_A_U,CLOSED_TEMPORARILY,https://www.google.com/maps/place/?q=place_id:ChIJF-WknXmwBTsRqEKyF3D_A_U,restaurants.csv
Hotel Chakkara,"FWPM+PGF, Maithri Nagar Rd, Palkulangara, Thiruvananthapuram, Kerala 695008, India",,76.9337925,8.486804,ChIJdXIqiIi7BTsR25FFSUpuTe8,OPERATIONAL,https://www.google.com/maps/place/?q=place_id:ChIJdXIqiIi7BTsR25FFSUpuTe8,restaurants.csv
Hotel Chinnus,"Medical College, Ulloor - Akkulam Rd, PO, Ulloor, Thiruvananthapuram, Kerala 695011, India",+91 88485 71965,76.9222709,8.5260628,ChIJozr0MwC5BTsRcXtORBlGQeE,OPERATIONAL,https://www.google.com/maps/place/?q=place_id:ChIJozr0MwC5BTsRcXtORBlGQeE,restaurants.csv
Hotel Chinnu’s,"Chinnu's Ln, NSP Nagar, Kesavadasapuram, Thiruvananthapuram, Kerala 695004, India",+91 471 254 0019,76.939149,8.530090999999999,ChIJOYEHzIS5BTsRf8ND_SwOr-w,OPERATIONAL,https://www.google.com/maps/place/?q=place_id:ChIJOYEHzIS5BTsRf8ND_SwOr-w,restaurants.csv
Hotel Choice,"FW7G+XH5, Valiyathura, Thiruvananthapuram, Kerala 695008, India",+91 82819 33055,76.9264769,8.4648869,ChIJjzUsj2a7BTsR08JBItBfaPI,OPERATIONAL,https://www.google.com/maps/place/?q=place_id:ChIJjzUsj2a7BTsR08JBItBfaPI,restaurants.csv
Hotel City Palace,"GW7P+XJ8, Veerabhadra Gardens, Pottakkuzhi, Thiruvananthapuram, Kerala 695004, India",+91 96050 60403,76.93657019999999,8.514905599999999,ChIJT08VGua7BTsRM5ZM8OTLNeM,OPERATIONAL,https://www.google.com/maps/place/?q=place_id:ChIJT08VGua7BTsRM5ZM8OTLNeM,restaurants.csv
Hotel De Paris Sasthamangalam,"Sasthamangalam Rd, opp. Flat, Jawahar Nagar, Sasthamangalam, Thiruvananthapuram, Kerala 695010, India",+91 471 231 2317,76.9693649,8.5122933,ChIJ83OMgTG6BTsRqmwTUd_bJhA,OPERATIONAL,https://www.google.com/maps/place/?q=place_id:ChIJ83OMgTG6BTsRqmwTUd_bJhA,restaurants.csv
Hotel Deluxe,"J243+234, Kacheri Jn, Pazhavadi, Nedumangad, Kerala 695541, India",+91 99460 46373,77.0026931,8.605024799999999,ChIJPdNr9wS4BTsReSffKmJCAnQ,OPERATIONAL,https://www.google.com/maps/place/?q=place_id:ChIJPdNr9wS4BTsReSffKmJCAnQ,restaurants.csv
Hotel Dimora Thiruvananthapuram,"Opp. Central Railway Station, Overbridge, Thampanoor, Thiruvananthapuram, Kerala 695001, India",+91 471 666 5333,76.9510104,8.4888903,ChIJ45D40KW7BTsRtP_CnoND3Pc,OPERATIONAL,https://www.google.com/maps/place/?q=place_id:ChIJ45D40KW7BTsRtP_CnoND3Pc,restaurants.csv
Hotel DJ,"T.C-51/3304 Plavila, Kunnapuzha, Jai Nagar, Thirumala, Thiruvananthapuram, Kerala 695032, India",+91 96776 41519,76.9968039,8.4936025,ChIJz4t9aWe7BTsRHWtjhcJLVRY,OPERATIONAL,https://www.google.com/maps/place/?q=place_id:ChIJz4t9aWe7BTsRHWtjhcJLVRY,restaurants.csv
Hotel Dwaraka,"Anappadu Bridge, Malayinkeezh, Kerala 695571, India",+91 88484 95822,77.0481626,8.477477799999999,ChIJa0L8JaCxBTsRKpTZ-HeeS0E,OPERATIONAL,https://www.google.com/maps/place/?q=place_id:ChIJa0L8JaCxBTsRKpTZ-HeeS0E,restaurants.csv
Hotel Food centre,"GW75+VQJ, Thiruvananthapuram, Kerala 695029, India",+91 95674 70154,76.90940119999999,8.5147095,ChIJwUfhIqG9BTsRHYH_ZfB0rGU,OPERATIONAL,https://www.google.com/maps/place/?q=place_id:ChIJwUfhIqG9BTsRHYH_ZfB0rGU,restaurants.csv
Hotel Horizon,"Aristo Road, Manorama Rd, Aristo, Thampanoor, Thiruvananthapuram, Kerala 695014, India",+91 82811 82811,76.95397799999999,8.4902397,ChIJ74CTcq-7BTsRiE4STDddvro,OPERATIONAL,https://www.google.com/maps/place/?q=place_id:ChIJ74CTcq-7BTsRiE4STDddvro,restaurants.csv
Hotel Kadumkaappi,"HVQV+V9M, Mangattukonam, Kerala 695584, India",,76.8934364,8.5897659,ChIJs9YYaQC_BTsRWaPOcA43biI,OPERATIONAL,https://www.google.com/maps/place/?q=place_id:ChIJs9YYaQC_BTsRWaPOcA43biI,restaurants.csv
Hotel Kailas,"Kesari Nagar, Poojapura, Thiruvananthapuram, Kerala 695012, India",+91 87148 30115,76.9785625,8.495687499999999,ChIJlQS8H0W6BTsRZmaBdb0xQaE,OPERATIONAL,https://www.google.com/maps/place/?q=place_id:ChIJlQS8H0W6BTsRZmaBdb0xQaE,restaurants.csv
Hotel Kalavara,"92VF+H39, Vizhinjam - Uchakkada Rd, Mukkola, uchakkada, Vizhinjam, Kovalam, Venganoor, Kerala 695523, India",,77.02272479999999,8.3939181,ChIJsX4MS9WvBTsRjKUExmRX7GE,OPERATIONAL,https://www.google.com/maps/place/?q=place_id:ChIJsX4MS9WvBTsRjKUExmRX7GE,restaurants.csv
Hotel Kanthari,"C28C+Q3Q, Kaakkamoola - Poonkulam Rd, Kaakkamoola, Peringammala, Pallichal, Kerala 695042, India",,77.02023799999999,8.416974,ChIJpTueuo2vBTsRQcK77a3ND6Q,OPERATIONAL,https://www.google.com/maps/place/?q=place_id:ChIJpTueuo2vBTsRQcK77a3ND6Q,restaurants.csv
Hotel Karthika,"FXV7+JQ8, Opposite Margin Free Market, Jagathy Junction, Thycaud, Thiruvananthapuram, Kerala 695014, India",+91 471 233 7508,76.9644563,8.4940457,ChIJ3832VE26BTsR5N--ZAc46b8,OPERATIONAL,https://www.google.com/maps/place/?q=place_id:ChIJ3832VE26BTsR5N--ZAc46b8,restaurants.csv
Hotel Karthika,"C2HW+4WH, Vizhinjam - Balaramapuram - Kattakkada Rd, Pazhayakadalane, Balaramapuram, Kerala 695501, India",,77.04736249999999,8.4278117,ChIJSZdrD7ivBTsRf214WzIXL2s,CLOSED_TEMPORARILY,https://www.google.com/maps/place/?q=place_id:ChIJSZdrD7ivBTsRf214WzIXL2s,restaurants.csv
Hotel Karthikeyan,"Pamamcode Pamamcode, Thiruvananthapuram, Kerala 695019, India",+91 62389 97416,77.0045098,8.4695217,ChIJK1wWVIG7BTsR8gzxFKhls5o,OPERATIONAL,https://www.google.com/maps/place/?q=place_id:ChIJK1wWVIG7BTsR8gzxFKhls5o,restaurants.csv
Hotel Kaveri,"GWCJ+F4J, Pazhaya Rd, Near Government Medical College, Thiruvananthapuram, Chalakkuzhi, Thiruvananthapuram, Kerala 695011, India",,76.9302637,8.5212592,ChIJXTPgOQC7BTsRBz-xxIoEqxE,OPERATIONAL,https://www.google.com/maps/place/?q=place_id:ChIJXTPgOQC7BTsRBz-xxIoEqxE,restaurants.csv
Hotel Kavitha,"DPI, Vazhuthacaud, Thiruvananthapuram, Kerala 695014, India",+91 80895 75562,76.9613589,8.4958802,ChIJU-HeVrK7BTsRA87gg7sgmhw,OPERATIONAL,https://www.google.com/maps/place/?q=place_id:ChIJU-HeVrK7BTsRA87gg7sgmhw,restaurants.csv
Hotel Kochar,"Jagathy, Thiruvananthapuram, Kerala 695014, India",+91 89213 86595,76.9645567,8.4953414,ChIJsw17NE26BTsRkNmszR_cjZg,OPERATIONAL,https://www.google.com/maps/place/?q=place_id:ChIJsw17NE26BTsRkNmszR_cjZg,restaurants.csv
Hotel Krishna,"CXR4+C56, Thiruvallam, Thiruvananthapuram, Kerala 695027, India",,76.95538239999999,8.441034499999999,ChIJfQtPTEC7BTsRkJmKFDvH11w,CLOSED_TEMPORARILY,https://www.google.com/maps/place/?q=place_id:ChIJfQtPTEC7BTsRkJmKFDvH11w,restaurants.csv
Hotel krishnadeepam,"Kalady, Sri Nagar, Thiruvananthapuram, Kerala 695002, India",+91 94004 44337,76.96318579999999,8.4667623,ChIJ0SPVCx67BTsRkQNt7OSInmk,OPERATIONAL,https://www.google.com/maps/place/?q=place_id:ChIJ0SPVCx67BTsRkQNt7OSInmk,restaurants.csv
Hotel Kunjatta,"FWXG+3F2, Pettah, Thiruvananthapuram, Kerala 695024, India",,76.9261561,8.4976342,ChIJkd7LSQC7BTsRookAqlpAnaY,OPERATIONAL,https://www.google.com/maps/place/?q=place_id:ChIJkd7LSQC7BTsRookAqlpAnaY,restaurants.csv
HOTEL KURUVI (ഇലയിലെ ഊണും കടലിലെ മീനും),"1st ward, Beach Rd, Beemapally, Thiruvananthapuram, Kerala 695008, India",,76.93281309999999,8.4562643,ChIJNziLnkO7BTsRz9H_s91emS0,OPERATIONAL,https://www.google.com/maps/place/?q=place_id:ChIJNziLnkO7BTsRz9H_s91emS0,restaurants.csv
Hotel Leejo and Cataring,"near PHED Pump House, Ulloor, Thiruvananthapuram, Kerala 695011, India",+91 96338 34888,76.9266421,8.536691099999999,ChIJ1wtXNE65BTsRz2TqszdPEMU,OPERATIONAL,https://www.google.com/maps/place/?q=place_id:ChIJ1wtXNE65BTsRz2TqszdPEMU,restaurants.csv
Hotel Maharaja,"near Indian Oil petrol Pump, Kovilnada, Mannanthala, Thiruvananthapuram, Kerala 695015, India",+91 97781 69136,76.9436355,8.555397899999999,ChIJjUTWXQC5BTsRtZdsb0GPwQA,OPERATIONAL,https://www.google.com/maps/place/?q=place_id:ChIJjUTWXQC5BTsRtZdsb0GPwQA,restaurants.csv
Hotel Marhaba,"CRP Camp Rd, Karimbuvila, Poonthura, Thiruvananthapuram, Kerala 695026, India",+91 95676 40164,76.9458087,8.4482672,ChIJgy_OPDe7BTsRvLVlE6NZEJA,OPERATIONAL,https://www.google.com/maps/place/?q=place_id:ChIJgy_OPDe7BTsRvLVlE6NZEJA,restaurants.csv
Hotel Mayoof King,"Near Police Station, S.M. Lock, CWXW+2H8, Karimbuvila, Poonthura, Thiruvananthapuram, Kerala 695026, India",+91 98958 23835,76.9464471,8.4475427,ChIJM0xL1ja7BTsR8I9In7zY68k,OPERATIONAL,https://www.google.com/maps/place/?q=place_id:ChIJM0xL1ja7BTsR8I9In7zY68k,restaurants.csv
Hotel Muneer,"FWPH+F5R, NH Bypass Service Rd, Eanchakkal, Thiruvananthapuram, Kerala 695024, India",,76.9278788,8.4862483,ChIJn9q2boO7BTsR72H26R74Qts,OPERATIONAL,https://www.google.com/maps/place/?q=place_id:ChIJn9q2boO7BTsR72H26R74Qts,restaurants.csv
Hotel Murukanantha,"FXRF+WJ9, Poojapura, Thiruvananthapuram, Kerala 695012, India",,76.97409429999999,8.4922797,ChIJy1rfCSq7BTsRspQhSU6ZAPQ,OPERATIONAL,https://www.google.com/maps/place/?q=place_id:ChIJy1rfCSq7BTsRspQhSU6ZAPQ,restaurants.csv
Hotel Narayani,"J227+68M, Nedumangad Hwy, Nedumangad, Kerala 695541, India",+91 80893 10066,77.01330180000001,8.6005834,ChIJH-jXGwC3BTsRw_Lm6ahzE24,OPERATIONAL,https://www.google.com/maps/place/?q=place_id:ChIJH-jXGwC3BTsRw_Lm6ahzE24,restaurants.csv
Hotel New Darbar,"FW4M+FF7, Beemapally, Thiruvananthapuram, Kerala 695008, India",+91 99952 63296,76.9336708,8.456151499999999,ChIJ3d1ckUO7BTsRllgFj2B2UaQ,OPERATIONAL,https://www.google.com/maps/place/?q=place_id:ChIJ3d1ckUO7BTsRllgFj2B2UaQ,restaurants.csv
HOTEL NIZAR,"SHOP NO1,NIZAR HOTEL, KATTUVILA, PEYADU PEYADU, ROAD, Vilappilsala, Peyad, Kerala 695573, India",+91 75106 56875,77.02378999999999,8.5214216,ChIJ6SK0EsaxBTsReLxaA9g6I4o,CLOSED_TEMPORARILY,https://www.google.com/maps/place/?q=place_id:ChIJ6SK0EsaxBTsReLxaA9g6I4o,restaurants.csv
Hotel Opalo Kailas,"Kovalam Beach Rd, opposite Bond Safari Scuba Diving, P.O, Kovalam, Thiruvananthapuram, Kerala 695527, India",+91 94970 45777,76.9781683,8.393531399999999,ChIJyxD2iqWlBTsR68af0Qf5RB8,OPERATIONAL,https://www.google.com/maps/place/?q=place_id:ChIJyxD2iqWlBTsR68af0Qf5RB8,restaurants.csv
Hotel Padma,"82, General Hospital Rd, Palayam, Thiruvananthapuram, Kerala 695001, India",,76.942453,8.4967416,ChIJZXmwlr27BTsRm4m-jIq4igo,OPERATIONAL,https://www.google.com/maps/place/?q=place_id:ChIJZXmwlr27BTsRm4m-jIq4igo,restaurants.csv
Hotel paradise,"HX2G+Q5W, Aramkallu, Thiruvananthapuram, Kerala 695564, India",,76.9754421,8.5519833,ChIJNTSELCO5BTsRiR45OPuYT38,OPERATIONAL,https://www.google.com/maps/place/?q=place_id:ChIJNTSELCO5BTsRiR45OPuYT38,restaurants.csv
Hotel Park Rajadhani Restaurant,"GWJH+2XH, Kesavadasapuram-Ulloor Rd, Ulloor, Ulloor Garden, Ulloor, Thiruvananthapuram, Kerala 695011, India",+91 471 244 7307,76.9299834,8.5300684,ChIJTTULklm5BTsREC4luW9-xqY,CLOSED_TEMPORARILY,https://www.google.com/maps/place/?q=place_id:ChIJTTULklm5BTsREC4luW9-xqY,restaurants.csv
Hotel Parthasarathy,"Thiruvananthapuram - Neyyar Dam Rd, Malayinkeezh, Kerala 695571, India",,77.0407805,8.4897183,ChIJMyy8kiOxBTsRmATZAkr1UBY,OPERATIONAL,https://www.google.com/maps/place/?q=place_id:ChIJMyy8kiOxBTsRmATZAkr1UBY,restaurants.csv
Hotel Priya,"F2HC+W9H, Vilavoorkal, Thiruvananthapuram, Vilavoorkal, Kerala 695571, India",+91 95393 53132,77.02099489999999,8.4798153,ChIJJ_1XpnywBTsRACHT0Q1-1rc,OPERATIONAL,https://www.google.com/maps/place/?q=place_id:ChIJJ_1XpnywBTsRACHT0Q1-1rc,restaurants.csv
HOTEL PSJ,"Block office, junction, Thiruvananthapuram, Malayinkeezh, Kerala 695571, India",,77.045873,8.4808755,ChIJEV1hgYmxBTsRlET76juFrF8,CLOSED_TEMPORARILY,https://www.google.com/maps/place/?q=place_id:ChIJEV1hgYmxBTsRlET76juFrF8,restaurants.csv
Hotel Rama,"1, Pachalloor Punkulam Road, Thiruvallam, Thiruvananthapuram, Kerala 695027, India",+91 97455 27884,76.9548736,8.441329699999999,ChIJD-ZOIi27BTsRo68kLvd23Kk,OPERATIONAL,https://www.google.com/maps/place/?q=place_id:ChIJD-ZOIi27BTsRo68kLvd23Kk,restaurants.csv
Hotel Reshma,"GWJH+XJJ, Ulloor Garden, Ulloor, Thiruvananthapuram, Kerala 695011, India",+91 99952 51601,76.929019,8.53247,ChIJwez2j1C5BTsR_mcekfVi5us,OPERATIONAL,https://www.google.com/maps/place/?q=place_id:ChIJwez2j1C5BTsR_mcekfVi5us,restaurants.csv
Hotel Residency Tower,"South Gate of Secretariat, Press Rd, Statue, Palayam, Thiruvananthapuram, Kerala 695001, India",+91 471 433 5555,76.9500953,8.4952204,ChIJ9XigwLq7BTsR8DaDQXVDxhs,OPERATIONAL,https://www.google.com/maps/place/?q=place_id:ChIJ9XigwLq7BTsR8DaDQXVDxhs,restaurants.csv
Hotel royal and cool bars,"H2F7+VQV, Aruvikkara, Kerala 695564, India",,77.0144364,8.5747422,ChIJRbZMLhG3BTsRffpcBCIeU4Q,OPERATIONAL,https://www.google.com/maps/place/?q=place_id:ChIJRbZMLhG3BTsRffpcBCIeU4Q,restaurants.csv
Hotel Royal Kuttanadan Park,"Opposite PRS Hospital, Prem Nagar, Karamana, Thiruvananthapuram, Kerala 695002, India",+91 94464 56410,76.9593301,8.481891,ChIJe5IjugC7BTsR5xBonRbvcbo,OPERATIONAL,https://www.google.com/maps/place/?q=place_id:ChIJe5IjugC7BTsR5xBonRbvcbo,restaurants.csv
Hotel Rozario,"FWV2+C3V, Veli Sanghumugham Rd, Balanagar, Vettukadu, Thiruvananthapuram, Kerala 695021, India",+91 96054 89948,76.9001796,8.493616,ChIJe3fqsEu9BTsRSPADXPCA9DY,OPERATIONAL,https://www.google.com/maps/place/?q=place_id:ChIJe3fqsEu9BTsRSPADXPCA9DY,restaurants.csv
Hotel RSN,"Kaakkamoola, Peringammala, Pallichal, Kerala 695042, India",+91 99950 34754,77.02022529999999,8.4169968,ChIJI-WMIu6vBTsREAsaTqvC_rc,CLOSED_TEMPORARILY,https://www.google.com/maps/place/?q=place_id:ChIJI-WMIu6vBTsREAsaTqvC_rc,restaurants.csv
Hotel safari.,"J233+6FQ, Nedumangad, Kerala 695541, India",+91 472 280 2377,77.003727,8.6030889,ChIJBdepsQS4BTsRLei8KUSlORA,OPERATIONAL,https://www.google.com/maps/place/?q=place_id:ChIJBdepsQS4BTsRLei8KUSlORA,restaurants.csv
Hotel Sainath,"HWFG+8MW, Powdikonam, Thiruvananthapuram, Kerala 695588, India",,76.92665149999999,8.573331999999999,ChIJKYcuN725BTsRqMlVjS2q0xU,OPERATIONAL,https://www.google.com/maps/place/?q=place_id:ChIJKYcuN725BTsRqMlVjS2q0xU,restaurants.csv
Hotel Samthripthi,"Thaliyal Rd, Killipalam, Karamana, Thiruvananthapuram, Kerala 695002, India",,76.9677365,8.4804701,ChIJ00chaAC7BTsRezbMHhFinLo,OPERATIONAL,https://www.google.com/maps/place/?q=place_id:ChIJ00chaAC7BTsRezbMHhFinLo,restaurants.csv
Hotel Samthripthi,"Kattakada Road, Thirumala Junction, Thirumala, Thiruvananthapuram, Kerala 695006, India",+91 80862 10435,76.9912848,8.5017167,ChIJj5VkuWu6BTsRMPj8B9gCXAM,OPERATIONAL,https://www.google.com/maps/place/?q=place_id:ChIJj5VkuWu6BTsRMPj8B9gCXAM,restaurants.csv
Hotel Saravana,"TC 44/1088, Kochar Rd, Jagathy, Thiruvananthapuram, Kerala 695014, India",+91 96053 00696,76.96688739999999,8.4991845,ChIJpQmA7-i7BTsRkj-POs_smKI,OPERATIONAL,https://www.google.com/maps/place/?q=place_id:ChIJpQmA7-i7BTsRkj-POs_smKI,restaurants.csv
Hotel Saravana bhavan,"Vellayambalam Jct, Althara Nagar, Vellayambalam, Thiruvananthapuram, Kerala 695010, India",+91 471 272 1207,76.9631322,8.512006999999999,ChIJUa2r3cy7BTsRJIn69zh-RIo,OPERATIONAL,https://www.google.com/maps/place/?q=place_id:ChIJUa2r3cy7BTsRJIn69zh-RIo,restaurants.csv
Hotel Saseendra,"G27C+P36, Peyad, Kerala 695573, India",+91 99952 66574,77.0201344,8.5142838,ChIJEZfY46SwBTsRvkLyGCOyzwQ,OPERATIONAL,https://www.google.com/maps/place/?q=place_id:ChIJEZfY46SwBTsRvkLyGCOyzwQ,restaurants.csv
Hotel Shalimar,"Market Junction, Nedumangad, Thiruvananthapuram, Nedumangad, Kerala 695541, India",+91 85907 76003,77.0029923,8.603819999999999,ChIJl3xJwAS4BTsRUNkkQmEmnaU,OPERATIONAL,https://www.google.com/maps/place/?q=place_id:ChIJl3xJwAS4BTsRUNkkQmEmnaU,restaurants.csv
Hotel Shambu,"GW86+426, Thiruvananthapuram, Kerala 695029, India",,76.9100059,8.5152904,ChIJiT1KpAW8BTsRU77y3l0yqcs,OPERATIONAL,https://www.google.com/maps/place/?q=place_id:ChIJiT1KpAW8BTsRU77y3l0yqcs,restaurants.csv
Hotel Silver Sand,"FXP3+6VX, Residency Rd Over Brg, Aristo, Valiyasalai, Thiruvananthapuram, Kerala 695036, India",+91 90482 59881,76.9548335,8.4856261,ChIJnb_K9qi7BTsRgQJg3Dl4Vg4,OPERATIONAL,https://www.google.com/maps/place/?q=place_id:ChIJnb_K9qi7BTsRgQJg3Dl4Vg4,restaurants.csv
Hotel Siva's,"Vazhayila - Kallayam Rd, Winners Nagar, Peroorkada, Thiruvananthapuram, Kerala 695005, India",+91 90200 22366,76.9702787,8.5415527,ChIJ88tl95u5BTsROMFkQ2Dow5I,CLOSED_TEMPORARILY,https://www.google.com/maps/place/?q=place_id:ChIJ88tl95u5BTsROMFkQ2Dow5I,restaurants.csv
Hotel Sneha,"CXGP+MC6, Pachalloor Punkulam Rd, Kerala 695522, India",,76.9860264,8.426665,ChIJdRjBkjilBTsR2b3kO7trHAM,OPERATIONAL,https://www.google.com/maps/place/?q=place_id:ChIJdRjBkjilBTsR2b3kO7trHAM,restaurants.csv
Hotel spicy,"G278+9P7, Thiruvananthapuram - Neyyar Dam Rd, Peyad, Kerala 695573, India",,77.0168554,8.513404099999999,ChIJd0FPiHixBTsRCDvj1teDuzs,OPERATIONAL,https://www.google.com/maps/place/?q=place_id:ChIJd0FPiHixBTsRCDvj1teDuzs,restaurants.csv
Hotel spicy restaurant,"HV8R+J9G, Junction, Karyavattom, Thiruvananthapuram, Kerala 695581, India",,76.89088439999999,8.566575199999999,ChIJkZk1TQC_BTsRwyeSm3JAKFM,OPERATIONAL,https://www.google.com/maps/place/?q=place_id:ChIJkZk1TQC_BTsRwyeSm3JAKFM,restaurants.csv
Hotel SPS Kingsway,"Chakai- NH Bypass Road, opposite International Airport Road, Manava Nagar, Eanchakkal, Thiruvananthapuram, Kerala 695024, India",+91 471 300 3300,76.929416,8.4854019,ChIJ____v4K7BTsREbBwmS5NR7Q,OPERATIONAL,https://www.google.com/maps/place/?q=place_id:ChIJ____v4K7BTsREbBwmS5NR7Q,restaurants.csv
Hotel Sree,"FX9R+PX2, Vishnu Nagar, Pappanamcode, Thiruvananthapuram, Kerala 695019, India",,76.9923984,8.4692743,ChIJM9TBNAC7BTsRZQpYyV5bdlo,OPERATIONAL,https://www.google.com/maps/place/?q=place_id:ChIJM9TBNAC7BTsRZQpYyV5bdlo,restaurants.csv
Hotel Sree Aryaas,"Chackai Bypass Opposite, IMA, Chacka, Thiruvananthapuram, Kerala 695029, India",+91 94476 86900,76.91510330000001,8.4995772,ChIJR8UY03W8BTsRvRuO9Vcz6-g,OPERATIONAL,https://www.google.com/maps/place/?q=place_id:ChIJR8UY03W8BTsRvRuO9Vcz6-g,restaurants.csv
Hotel Sreedhara,"GW64+J78, Rd, Oruvathilkotta, Aakkulam, Thiruvananthapuram, Kerala 695029, India",+91 75920 06141,76.90574,8.511508899999999,ChIJda0IewC9BTsRmwhIfz8sR9s,OPERATIONAL,https://www.google.com/maps/place/?q=place_id:ChIJda0IewC9BTsRmwhIfz8sR9s,restaurants.csv
Hotel Sreeguru,"GVRH+35R, Kulathoor, Thiruvananthapuram, Kerala 695583, India",,76.877922,8.5401815,ChIJ069kI5u_BTsR8dTV4aB07Vc,OPERATIONAL,https://www.google.com/maps/place/?q=place_id:ChIJ069kI5u_BTsR8dTV4aB07Vc,restaurants.csv
Hotel Sreekandaswara,"TC 9, 1345, Junction, Pipinmoodu, Thiruvananthapuram, Kerala 695010, India",+91 91884 79874,76.9724243,8.5187863,ChIJUQjl-i66BTsRIHjm46d0-qE,OPERATIONAL,https://www.google.com/maps/place/?q=place_id:ChIJUQjl-i66BTsRIHjm46d0-qE,restaurants.csv
Hotel sreerag,"C24M+GPG, Mangalathukonam, Kattachalkuzhi, Venganoor, Kottukal, Kerala 695501, India",,77.03433079999999,8.406310999999999,ChIJ1cOYxBGvBTsRzCXG-6h3_2U,OPERATIONAL,https://www.google.com/maps/place/?q=place_id:ChIJ1cOYxBGvBTsRzCXG-6h3_2U,restaurants.csv
Hotel Sri durga,"Vanda Junction, Bus Stop, Nedumangad Karipoor Rd, Nedumangad, Kerala 695541, India",,77.01194459999999,8.6110946,ChIJA_tG7hG3BTsRRZO-UDStfa0,CLOSED_TEMPORARILY,https://www.google.com/maps/place/?q=place_id:ChIJA_tG7hG3BTsRRZO-UDStfa0,restaurants.csv
Hotel Sri Gowri Nanthana,"Prakasom Tourist Home, Medical College P.O, Ulloor Junction, P T Chacko Nagar, Ulloor, Thiruvananthapuram, Kerala 695011, India",,76.9290128,8.5297576,ChIJKUQ9H4O5BTsRu5bUOTMvNWg,OPERATIONAL,https://www.google.com/maps/place/?q=place_id:ChIJKUQ9H4O5BTsRu5bUOTMvNWg,restaurants.csv
Hotel Srikanth,"HWMC+X2Q, Njandoorkonam, Thiruvananthapuram, Kerala 695588, India",+91 98476 43226,76.9201198,8.5849617,ChIJC4A0E8u4BTsRafXNLDblQ2M,OPERATIONAL,https://www.google.com/maps/place/?q=place_id:ChIJC4A0E8u4BTsRafXNLDblQ2M,restaurants.csv
HOTEL SUDHEENA,"GW7W+MCH, Plammoodu, Thiruvananthapuram, Kerala 695004, India",+91 471 231 2632,76.946107,8.5141829,ChIJB-_-TsO7BTsRzS16HSPjH3s,OPERATIONAL,https://www.google.com/maps/place/?q=place_id:ChIJB-_-TsO7BTsRzS16HSPjH3s,restaurants.csv
HOTEL SURYA,"Padma Complex, Kattakada Rd, Pazhayakadalane, Balaramapuram, Kerala 695501, India",+91 471 240 3834,77.0453919,8.4259679,ChIJTV1bo8ivBTsRKUwUuagPPWM,OPERATIONAL,https://www.google.com/maps/place/?q=place_id:ChIJTV1bo8ivBTsRKUwUuagPPWM,restaurants.csv
Hotel Swagath Drive Inn,"GWGQ+9PQ, Salem - Kochi - Kanyakumari Hwy, Lekshmi Nagar, Pattom, Thiruvananthapuram, Kerala 695004, India",+91 712 542 2677,76.9393671,8.5259647,ChIJq9KXkV-5BTsRqv9OU0xmx8E,OPERATIONAL,https://www.google.com/maps/place/?q=place_id:ChIJq9KXkV-5BTsRqv9OU0xmx8E,restaurants.csv
"Hotel Thampuran, pullanimukku","Pullannimukku, Venganoor, Kerala 695042, India",+91 95622 62855,77.0155807,8.4095572,ChIJXfScAYavBTsRW-nRsYQFnfE,OPERATIONAL,https://www.google.com/maps/place/?q=place_id:ChIJXfScAYavBTsRW-nRsYQFnfE,restaurants.csv
Hotel Thiruvathira,"J289+CX9, Thiruvananthapuram, Kerala 695541, India",,77.019988,8.6160334,ChIJnzaW5QLIBTsRbkzSYRrB388,CLOSED_TEMPORARILY,https://www.google.com/maps/place/?q=place_id:ChIJnzaW5QLIBTsRbkzSYRrB388,restaurants.csv
Hotel Uthram,"8, Mannammoola, Thiruvananthapuram, Kerala 695005, India",+91 81295 28050,76.97720079999999,8.5305036,ChIJlywWhWa5BTsRhTDoq-DIWZE,OPERATIONAL,https://www.google.com/maps/place/?q=place_id:ChIJlywWhWa5BTsRhTDoq-DIWZE,restaurants.csv
Hotel Victoriya,"JV9X+53M, Kazhakoottam - Thaikod Rd, Pothencode Junction, Pothencode, Kerala 695584, India",+91 95444 41885,76.8976708,8.617956999999999,ChIJwRXV-KLABTsRQUmVVlAkEgM,OPERATIONAL,https://www.google.com/maps/place/?q=place_id:ChIJwRXV-KLABTsRQUmVVlAkEgM,restaurants.csv
Hotel Vinayaka,"GW52+6R4, Karikkakam, Thiruvananthapuram, Kerala 695021, India",+91 96336 97011,76.9020761,8.508023699999999,ChIJAW80E7W9BTsRRDT3pRPFnwU,OPERATIONAL,https://www.google.com/maps/place/?q=place_id:ChIJAW80E7W9BTsRRDT3pRPFnwU,restaurants.csv
Hotel Vishwanath,"1345, Junction, Pipinmoodu Junction, Sawthi Nagar, Pipinmoodu, Thiruvananthapuram, Kerala 695010, India",+91 85476 17823,76.97241319999999,8.5187385,ChIJlWqu-y66BTsRNKjrfh7jcOM,OPERATIONAL,https://www.google.com/maps/place/?q=place_id:ChIJlWqu-y66BTsRNKjrfh7jcOM,restaurants.csv
HOTEL ZEENATH,"FX42+X5Q, Ambalathara, Thiruvananthapuram, Kerala 695009, India",+91 90376 68051,76.9504886,8.4574576,ChIJB55WYgC7BTsRqPnh7rtqkUM,OPERATIONAL,https://www.google.com/maps/place/?q=place_id:ChIJB55WYgC7BTsRqPnh7rtqkUM,restaurants.csv
HR Hotel,"C2X6+M8P, Convent Rd, Pravachambalam, Pallichal, Kerala 695020, India",,77.0108202,8.4492213,ChIJ1e2ZfIaxBTsRXioPXlSJVtU,CLOSED_TEMPORARILY,https://www.google.com/maps/place/?q=place_id:ChIJ1e2ZfIaxBTsRXioPXlSJVtU,restaurants.csv
Huddles Cafe,"TC25, First floor, Capitol building, 2850/3-4, Nalanda Ln, Nanthancodu, Thiruvananthapuram, Kerala 695003, India",+91 81291 21007,76.9525439,8.51374,ChIJEYvwzNe7BTsRHGirI5Gjc6g,OPERATIONAL,https://www.google.com/maps/place/?q=place_id:ChIJEYvwzNe7BTsRHGirI5Gjc6g,restaurants.csv
HUNGER’S POINT RESTAURANT,"C2JM+57M, Balaramapuram Main Rd, Vedivachankoil, Pallichal, Kerala 695501, India",,77.03317249999999,8.4304504,ChIJZx_8SwCvBTsRKbyFOSt3_ws,OPERATIONAL,https://www.google.com/maps/place/?q=place_id:ChIJZx_8SwCvBTsRKbyFOSt3_ws,restaurants.csv
Hungry cafe,"VRN-B13, CHATTAMBISWAMI LANE, VIDYADHIRAJAN NAGAR, Poojapura, Thiruvananthapuram, Kerala 695012, India",+91 85930 19661,76.97957439999999,8.499174199999999,ChIJNXblLh27BTsRD9gmwRha-i8,OPERATIONAL,https://www.google.com/maps/place/?q=place_id:ChIJNXblLh27BTsRD9gmwRha-i8,restaurants.csv
Idaneram Food Spot,"C2MH+J88, Vedivachankoil, Pallichal, Kerala 695501, India",,77.0283338,8.434039,ChIJDZ9oBgCvBTsRK3_ejYrAsdw,OPERATIONAL,https://www.google.com/maps/place/?q=place_id:ChIJDZ9oBgCvBTsRK3_ejYrAsdw,restaurants.csv
Ifthar Take Away and Food Production,"FX7V+636, Trivandrum - Nagercoil Hwy, Thiruvananthapuram, Nemom, Kerala 695020, India",+91 97469 27793,76.9926486,8.463026,ChIJ1V_o_pW6BTsRPatAa0Ol3Uo,OPERATIONAL,https://www.google.com/maps/place/?q=place_id:ChIJ1V_o_pW6BTsRPatAa0Ol3Uo,restaurants.csv
IHZAAN TASTY FOOD,"Mukkola, Nettayam, Thiruvananthapuram, Kerala 695013, India",,76.985563,8.546757399999999,ChIJr7iDFJW5BTsROHGjFKmT37g,OPERATIONAL,https://www.google.com/maps/place/?q=place_id:ChIJr7iDFJW5BTsROHGjFKmT37g,restaurants.csv
Ijas Fast Food,"FXM8+2MH, Vaniamoola Rd, Prem Nagar, Karamana, Thiruvananthapuram, Kerala 695002, India",,76.9667367,8.4825609,ChIJ24_BhP-6BTsRo-ZhOo5eRoM,OPERATIONAL,https://www.google.com/maps/place/?q=place_id:ChIJ24_BhP-6BTsRo-ZhOo5eRoM,restaurants.csv
Ila Multi Cuisine Restaurant,"91/811(1 Venpalavattom P.O, Anayara, Thiruvananthapuram, Kerala 695029, India",+91 90485 50115,76.9090743,8.5101736,ChIJw8j0B3O9BTsRYCnkA4iNmPw,OPERATIONAL,https://www.google.com/maps/place/?q=place_id:ChIJw8j0B3O9BTsRYCnkA4iNmPw,restaurants.csv
Imperial Kitchen Kowdiar,"Favourite Centrium, KowdiarTTC Road, Kowdiar, Devaswom Board Jct, near Federal Bank, Pandits Colony Extension, Kowdiar, Thiruvananthapuram, Kerala 695003, India",+91 471 231 1789,76.9594505,8.5193088,ChIJc5_uH9K7BTsRIYgh4AWis7o,OPERATIONAL,https://www.google.com/maps/place/?q=place_id:ChIJc5_uH9K7BTsRIYgh4AWis7o,restaurants.csv
Imperial Kitchen Venpalavattom,"Ground Floor, Grand Avenue, GW63+4VM Favourite Homes, Pettah - Venpalavattom Rd, Venpalavattom, Thiruvananthapuram, Kerala 695029, India",+91 77361 61222,76.9042607,8.509857799999999,ChIJVQhIdaG9BTsR8lB3bqAh07c,OPERATIONAL,https://www.google.com/maps/place/?q=place_id:ChIJVQhIdaG9BTsR8lB3bqAh07c,restaurants.csv
Indian Coffee House Maveli Cafe,"opp. Railway Station, Overbridge, Thampanoor, Thiruvananthapuram, Kerala 695001, India",+91 90725 76977,76.9509432,8.4879019,ChIJc__fdaa7BTsRgw-fbq77E7Y,OPERATIONAL,https://www.google.com/maps/place/?q=place_id:ChIJc__fdaa7BTsRgw-fbq77E7Y,restaurants.csv
Indian Food Palace,"GX6M+X87, Maruthumkuzhi, Chittatinkara, Thiruvananthapuram, Kerala 695038, India",+91 90374 77477,76.9832849,8.5124024,ChIJy5lpRDy6BTsRzDzqS7gT6UI,OPERATIONAL,https://www.google.com/maps/place/?q=place_id:ChIJy5lpRDy6BTsRzDzqS7gT6UI,restaurants.csv
Indian Restaurant,"GVFR+9GG, Karimanal, Kulathoor, Thiruvananthapuram, Kerala 695583, India",,76.8913306,8.5234474,ChIJN9fmQY-9BTsRmeQQorTmAR0,OPERATIONAL,https://www.google.com/maps/place/?q=place_id:ChIJN9fmQY-9BTsRmeQQorTmAR0,restaurants.csv
INDO ARABIAN RESTAURANT,"Vizhinjam, Thiruvananthapuram, Kerala 695527, India",,76.9820816,8.3990575,ChIJ3SjuGAqlBTsR3-m6FPCqGmo,OPERATIONAL,https://www.google.com/maps/place/?q=place_id:ChIJ3SjuGAqlBTsR3-m6FPCqGmo,restaurants.csv
Indraprastha Restaurant,"Nedumangad, Trivandrum, SH-3, Trivandrum, KSRTC depo, Pazhavadi, NDD, Nedumangad, Kerala 695541, India",+91 93881 35188,77.00391479999999,8.6045924,ChIJYdYlnuS3BTsRtMRQvMWX8y0,OPERATIONAL,https://www.google.com/maps/place/?q=place_id:ChIJYdYlnuS3BTsRtMRQvMWX8y0,restaurants.csv
Infosys Food Court 2,"GVMP+56P, Kulathoor, Thiruvananthapuram, Kerala 695583, India",,76.8855707,8.5329745,ChIJF8Owk5q-BTsRVull2V773Ag,OPERATIONAL,https://www.google.com/maps/place/?q=place_id:ChIJF8Owk5q-BTsRVull2V773Ag,restaurants.csv
Irani Family Restaurant,"Azhikode, Thiruvananthapuram, Azhicode, Kerala 695564, India",+91 73062 42918,76.9962856,8.578048100000002,ChIJ8XmLcgC5BTsRasPnUWaxer4,OPERATIONAL,https://www.google.com/maps/place/?q=place_id:ChIJ8XmLcgC5BTsRasPnUWaxer4,restaurants.csv
Irani Fast Food Peyad,"Peyad, Kerala 695573, India",,77.01578930000001,8.5131955,ChIJeYvPmKawBTsRJf2tWJT5Mn0,OPERATIONAL,https://www.google.com/maps/place/?q=place_id:ChIJeYvPmKawBTsRJf2tWJT5Mn0,restaurants.csv
Irani Kuzhi Mandi,"FXJ9+GRV, opp. sbi bank, Karamana, Thiruvananthapuram, Kerala 695002, India",+91 96331 81107,76.96970639999999,8.4808405,ChIJf2I4LP-6BTsR6ugndC20jME,OPERATIONAL,https://www.google.com/maps/place/?q=place_id:ChIJf2I4LP-6BTsR6ugndC20jME,restaurants.csv
Irani kuzhimandi restaurant,"opp. rbi cottege, Nanthancodu, Thiruvananthapuram, Kerala 695003, India",+91 99462 24020,76.9542225,8.5156031,ChIJtzrrF9C7BTsRPnFLGFtibSk,OPERATIONAL,https://www.google.com/maps/place/?q=place_id:ChIJtzrrF9C7BTsRPnFLGFtibSk,restaurants.csv
Irani Restaurant,"near Muthoot Finance Corporation, Poojapura, Thiruvananthapuram, Kerala 695012, India",+91 471 234 0008,76.9742181,8.4925188,ChIJX8glmaawBTsRGKDEg3Y5Dc0,OPERATIONAL,https://www.google.com/maps/place/?q=place_id:ChIJX8glmaawBTsRGKDEg3Y5Dc0,restaurants.csv
Irani Restaurant,"Nemom, Kerala 695020, India",+91 471 239 1040,77.0014745,8.456374199999999,ChIJ25O2jqS6BTsRe1_qZIUznkQ,OPERATIONAL,https://www.google.com/maps/place/?q=place_id:ChIJ25O2jqS6BTsRe1_qZIUznkQ,restaurants.csv
IRANI Restaurant & Events Peroorkada,"LADY SOUL SR Plaza, above Federal Bank, Peroorkada, Thiruvananthapuram, Kerala 695005, India",+91 97784 53196,76.9649171,8.5368969,ChIJO7ZTUAC5BTsRiL-aMl_Sqd8,OPERATIONAL,https://www.google.com/maps/place/?q=place_id:ChIJO7ZTUAC5BTsRiL-aMl_Sqd8,restaurants.csv
Irani Restaurant Shangumugham,"Shangumugham Beach Walking Street, Domestic, Airport Rd, Valiathope, Thiruvananthapuram, Kerala 695008, India",+91 96334 37333,76.9144592,8.4764059,ChIJKQBBVfe9BTsR4VJgtG5jqmw,OPERATIONAL,https://www.google.com/maps/place/?q=place_id:ChIJKQBBVfe9BTsR4VJgtG5jqmw,restaurants.csv
IRCTC Food Unit Kochuveli Railway Station,"GV5W+XXF, Kochuveli, Thiruvananthapuram, Kerala 695021, India",,76.89741889999999,8.5099462,ChIJ1x26TRa8BTsRJD-WWyjr_kw,OPERATIONAL,https://www.google.com/maps/place/?q=place_id:ChIJ1x26TRa8BTsRJD-WWyjr_kw,restaurants.csv
Jasmine Bay Restaurant,"Taj Green Cove Resort & Spa, GV Raja Rd, Kovalam, Thiruvananthapuram, Kerala 695527, India",+91 471 661 3000,76.9739767,8.4039381,ChIJ2y4mygWlBTsRFrozsVaz5ek,OPERATIONAL,https://www.google.com/maps/place/?q=place_id:ChIJ2y4mygWlBTsRFrozsVaz5ek,restaurants.csv
JH MARRIAGE DUM BIRYANI,"Prasanthnagar, Thiruvananthapuram, Vattappara, Kerala 695028, India",+91 93426 12273,76.95263,8.5922194,ChIJCeK5YAC5BTsR0nTGNMpVsT8,OPERATIONAL,https://www.google.com/maps/place/?q=place_id:ChIJCeK5YAC5BTsR0nTGNMpVsT8,restaurants.csv
Jith Restaurant,"GWX5+H73, Sreekariyam - Kazhakuttam Rd, Ambady Nagar, Amadi Nagar, Sreekaryam, Thiruvananthapuram, Kerala 695017, India",,76.90789939999999,8.548716599999999,ChIJidvRNAC_BTsRXoXTf5ZCdnM,OPERATIONAL,https://www.google.com/maps/place/?q=place_id:ChIJidvRNAC_BTsRXoXTf5ZCdnM,restaurants.csv
Jithu Joji Homely Food,"Jai Nagar, Kunnapuzha, Thiruvananthapuram, Kerala 695032, India",+91 94969 94251,76.9977723,8.490076799999999,ChIJSf-nW2O6BTsRkIQV4xsxim4,OPERATIONAL,https://www.google.com/maps/place/?q=place_id:ChIJSf-nW2O6BTsRkIQV4xsxim4,restaurants.csv
Jithu Joji Homely Food,"GX2R+H23, Thirumala, Thiruvananthapuram, Kerala 695006, India",+91 94969 94251,76.9900617,8.501394099999999,ChIJj4l-NWq6BTsRfEMurm7Q9rY,OPERATIONAL,https://www.google.com/maps/place/?q=place_id:ChIJj4l-NWq6BTsRfEMurm7Q9rY,restaurants.csv
Jodi's Take Away & Restaurant,"Mankuzhy, near Dhanya Supermarket, Pangappara, Thiruvananthapuram, Kerala 695017, India",+91 94950 58323,76.9073865,8.552422199999999,ChIJiQjFZ8--BTsRX9J79af4xWs,CLOSED_TEMPORARILY,https://www.google.com/maps/place/?q=place_id:ChIJiQjFZ8--BTsRX9J79af4xWs,restaurants.csv
JP Restaurant,"G2CH+M6C, Peyad - Vellanad Rd, Peyad, Kerala 695573, India",,77.02801769999999,8.5216916,ChIJWYYhsgCxBTsR3WjxpRegdKg,OPERATIONAL,https://www.google.com/maps/place/?q=place_id:ChIJWYYhsgCxBTsR3WjxpRegdKg,restaurants.csv
Juice & Burger Cafe,"Chothi nivas mekke thatt puthanveed, Tannivila Balaramapuram Road, p o, Vedivachankoil, Trivandrum, Pallichal, Kerala 695501, India",+91 90487 60881,77.0393661,8.4363352,ChIJqxWmFESvBTsRkDpaMIUY-ds,OPERATIONAL,https://www.google.com/maps/place/?q=place_id:ChIJqxWmFESvBTsRkDpaMIUY-ds,restaurants.csv
JUICE & CHAI POINT,"Vazhuthacaud - Poojappura Rd, opp. AIR, Cotton Hill, Vazhuthacaud, Thiruvananthapuram, Kerala 695014, India",,76.9601287,8.4984226,ChIJuVi6L_u7BTsR3shk1n5lESM,OPERATIONAL,https://www.google.com/maps/place/?q=place_id:ChIJuVi6L_u7BTsR3shk1n5lESM,restaurants.csv
JUICE CORNER,"JUICE CORNER, Pachalloor Punkulam Rd, Thiruvananthapuram, Kerala 695522, India",+91 98951 78706,76.9707841,8.4304768,ChIJOVi-LqilBTsRK2pCe3Z9A28,OPERATIONAL,https://www.google.com/maps/place/?q=place_id:ChIJOVi-LqilBTsRK2pCe3Z9A28,restaurants.csv
Junfi biriyani,"Vishnu Nagar, Pappanamcode, Thiruvananthapuram, Kerala 695018, India",+91 75948 01818,76.98168749999999,8.4698125,ChIJiSYfMwC7BTsRx4eXO3vhQd0,OPERATIONAL,https://www.google.com/maps/place/?q=place_id:ChIJiSYfMwC7BTsRx4eXO3vhQd0,restaurants.csv
Kadal Kalavara Family Restaurant,"FWV4+WQF, Aishwarya Nagar, Vettukadu, Thiruvananthapuram, Kerala 695007, India",,76.9069311,8.494801899999999,ChIJk6pA1HG8BTsRoFq5Q1C31s0,OPERATIONAL,https://www.google.com/maps/place/?q=place_id:ChIJk6pA1HG8BTsRoFq5Q1C31s0,restaurants.csv
KADAL RESTAURANT,"NA, Kadal Restaurant, Kunnumpuram, Vanchiyoor, Thiruvananthapuram, Kerala 695001, India",+91 90742 72024,76.9441511,8.4911997,ChIJ9z8EbsS7BTsR_8iRdXT6dF8,OPERATIONAL,https://www.google.com/maps/place/?q=place_id:ChIJ9z8EbsS7BTsR_8iRdXT6dF8,restaurants.csv
Kadalas Cafe,"Pattom - Kowdiar Rd, Marappalam, Thiruvananthapuram, Kerala 695004, India",+91 79948 55502,76.9486878,8.5213285,ChIJtZZMRAC7BTsRCEd_2o-q_Fg,OPERATIONAL,https://www.google.com/maps/place/?q=place_id:ChIJtZZMRAC7BTsRCEd_2o-q_Fg,restaurants.csv
Kadaloram Sea food Restaurant,"HX2Q+WW3, Thiruvananthapuram, Kerala 695013, India",,76.9897301,8.5522415,ChIJ7d3AcgC5BTsRfgS2wXZIcu8,OPERATIONAL,https://www.google.com/maps/place/?q=place_id:ChIJ7d3AcgC5BTsRfgS2wXZIcu8,restaurants.csv
Kaiju Restaurant,"Thiruvallam, Thiruvananthapuram, Kerala 695026, India",,76.95196399999999,8.448158,ChIJDfOSMTC7BTsRZxkfRxV3_4s,OPERATIONAL,https://www.google.com/maps/place/?q=place_id:ChIJDfOSMTC7BTsRZxkfRxV3_4s,restaurants.csv
Kailas Hotel,"GW65+HMX, Oruvathilkotta, Aakkulam, Thiruvananthapuram, Kerala 695029, India",,76.9092435,8.5114935,ChIJR4OubMW9BTsRtv4BQgNkEm4,OPERATIONAL,https://www.google.com/maps/place/?q=place_id:ChIJR4OubMW9BTsRtv4BQgNkEm4,restaurants.csv
Kairali Bakery,"byepass, Eanchakkal, Thiruvananthapuram, Kerala 695008, India",+91 88480 60232,76.9335755,8.4800934,ChIJIbrDRHa7BTsRS6wqE7NETlY,OPERATIONAL,https://www.google.com/maps/place/?q=place_id:ChIJIbrDRHa7BTsRS6wqE7NETlY,restaurants.csv
Kalappa Kitchen,"Kesavadev Road, Shastri Nagar, Poojapura, Thiruvananthapuram, Kerala 695012, India",+91 70124 39120,76.982737,8.4806273,ChIJdZw-LSm7BTsRSl_uVaNRIEk,OPERATIONAL,https://www.google.com/maps/place/?q=place_id:ChIJdZw-LSm7BTsRSl_uVaNRIEk,restaurants.csv
KALAVARA RESTAURANT,"Pulayanarkotta, Thiruvananthapuram, Kerala 695011, India",,76.9147953,8.5230813,ChIJZe_KyQG8BTsRJCLbATLI_DM,OPERATIONAL,https://www.google.com/maps/place/?q=place_id:ChIJZe_KyQG8BTsRJCLbATLI_DM,restaurants.csv
Kalavara Restaurant,"Kalavara Restaurant , mc road, HW5V+6CP, po, Mannanthala, Thiruvananthapuram, Kerala 695015, India",+91 98099 03178,76.9435647,8.558084,ChIJazjyavu5BTsRuh4mapKsSjE,OPERATIONAL,https://www.google.com/maps/place/?q=place_id:ChIJazjyavu5BTsRuh4mapKsSjE,restaurants.csv
Kallingal Hotel,"GVWJ+VXW, Kulathoor, Thiruvananthapuram, Kerala 695583, India",+91 89211 16023,76.88244499999999,8.5472296,ChIJFbK1i_K-BTsRA2-IkJs6b6Y,OPERATIONAL,https://www.google.com/maps/place/?q=place_id:ChIJFbK1i_K-BTsRA2-IkJs6b6Y,restaurants.csv
Kalpaka Restaurant,"CXQ4+MPW, Thiruvananthapuram, Kerala 695027, India",+91 471 212 3003,76.95683819999999,8.4392397,ChIJK7ubQNOkBTsRXTFT2Lv2394,OPERATIONAL,https://www.google.com/maps/place/?q=place_id:ChIJK7ubQNOkBTsRXTFT2Lv2394,restaurants.csv
Kamal Restaurant,"Pettah, Thiruvananthapuram, Kerala 695024, India",+91 97471 73005,76.92675129999999,8.4937832,ChIJwV6Jnoi7BTsRsng5GIcz1Hg,OPERATIONAL,https://www.google.com/maps/place/?q=place_id:ChIJwV6Jnoi7BTsRsng5GIcz1Hg,restaurants.csv
Kanthari Food Corner (രുചിക്കൂട്ട് - Ruchikoott),"TC 43, 1463, Muttathara, Thiruvananthapuram, Kerala 695008, India",+91 94003 55682,76.9383551,8.4661774,ChIJGZC2Iha7BTsRylqH0TRHH5g,OPERATIONAL,https://www.google.com/maps/place/?q=place_id:ChIJGZC2Iha7BTsRylqH0TRHH5g,restaurants.csv
Kappithan Restaurant,"Near SLIMMAX, Pazhaya Road Medical college PO Geetham tourist home pazhaya road, kappithan restaurant, medical collage, po, Murinjapalam, Thiruvananthapuram, Kerala 695011, India",+91 88488 19121,76.9314728,8.518473199999999,ChIJ-xZeJCm7BTsR2cpdqbTdhCM,CLOSED_TEMPORARILY,https://www.google.com/maps/place/?q=place_id:ChIJ-xZeJCm7BTsR2cpdqbTdhCM,restaurants.csv
Karthika Restaurant,"C2X6+P95 Bus Stop, Salem - Kochi Hwy, Pravachambalam, Pallichal, Kerala 695020, India",+91 85909 92620,77.0110711,8.4491169,ChIJq0RqMPGxBTsRz7QTKje6lTE,OPERATIONAL,https://www.google.com/maps/place/?q=place_id:ChIJq0RqMPGxBTsRz7QTKje6lTE,restaurants.csv
Kedaram Fast Food,"GXWP+RC9, Vazhayila Mukkola Rd, Mukkola, Nettayam, Thiruvananthapuram, Kerala 695013, India",,76.9861066,8.547031,ChIJf9Sh27W5BTsRRt7G7ERZ9I4,OPERATIONAL,https://www.google.com/maps/place/?q=place_id:ChIJf9Sh27W5BTsRRt7G7ERZ9I4,restaurants.csv
KEPCO Restaurant,"FWVH+R67, Pettah, Thiruvananthapuram, Kerala 695024, India",+91 94950 00928,76.92804919999999,8.4945484,ChIJ0SrNu4-7BTsRcYm2YN4Xkio,OPERATIONAL,https://www.google.com/maps/place/?q=place_id:ChIJ0SrNu4-7BTsRcYm2YN4Xkio,restaurants.csv
Kerala Fast Food,"Yvm, Konganam, Thiruvananthapuram, Kerala 695541, India",+91 94957 91877,77.02384889999999,8.597508,ChIJlddMprG3BTsR59Cfw2oADvY,OPERATIONAL,https://www.google.com/maps/place/?q=place_id:ChIJlddMprG3BTsR59Cfw2oADvY,restaurants.csv
Kerala Hotel,"GW72+R9, Oruvathilkotta, Aakkulam, Thiruvananthapuram, Kerala 695029, India",+91 99952 76467,76.90062209999999,8.5140845,ChIJrw16zxi8BTsRpLY5VE1_-a8,OPERATIONAL,https://www.google.com/maps/place/?q=place_id:ChIJrw16zxi8BTsRpLY5VE1_-a8,restaurants.csv
KERALA HOTEL & RESTAURANT,"GV4R+R75, Veli Sanghumugham Rd, Madhavapuram Colony, Veli, Thiruvananthapuram, Kerala 695021, India",,76.8907443,8.5070038,ChIJuVoVoj68BTsRF4lT0T1ho-k,OPERATIONAL,https://www.google.com/maps/place/?q=place_id:ChIJuVoVoj68BTsRF4lT0T1ho-k,restaurants.csv
Kerala kitchen Restaurant,"Parackara, Puthukulangara, Uzhamalackal, Nedumangad, Kerala 695541, India",+91 81118 35023,77.0359229,8.5960881,ChIJt8agI4O3BTsRX-J06IBUs6g,OPERATIONAL,https://www.google.com/maps/place/?q=place_id:ChIJt8agI4O3BTsRX-J06IBUs6g,restaurants.csv
KGF Restaurant,"Mannanthala Junction, Mannanthala, Thiruvananthapuram, Kerala 695015, India",+91 81579 27949,76.9435534,8.5605306,ChIJd0p_8aW5BTsR5WFKFIgTHfg,OPERATIONAL,https://www.google.com/maps/place/?q=place_id:ChIJd0p_8aW5BTsR5WFKFIgTHfg,restaurants.csv
Khalifa Mandi,"3737-4,5, TC-71, Attakkulangara - Killippalam Bypass Rd, Aryasala, Chalai, Thiruvananthapuram, Kerala 695036, India",,76.9542218,8.479704,ChIJIftLK4i7BTsR3Jl4Bc-KZc4,OPERATIONAL,https://www.google.com/maps/place/?q=place_id:ChIJIftLK4i7BTsR3Jl4Bc-KZc4,restaurants.csv
Kichi's Kitchen,"opposite St Thomas Church, Valiya, Veli, Thiruvananthapuram, Kerala 695022, India",,76.88555749999999,8.5127234,ChIJS7rHVwC9BTsRe-xg8QH3Ti8,OPERATIONAL,https://www.google.com/maps/place/?q=place_id:ChIJS7rHVwC9BTsRe-xg8QH3Ti8,restaurants.csv
Kings Palace Restaurant,"Kings Palace, Mangalathukonam - Peringammala Rd, Kattachalkuzhi, Venganoor, Kerala 695501, India",+91 98470 46301,77.0255153,8.4049184,ChIJeaMvApevBTsRbN9GuCZtbCA,OPERATIONAL,https://www.google.com/maps/place/?q=place_id:ChIJeaMvApevBTsRbN9GuCZtbCA,restaurants.csv
Kings Restaurant,"Pattom - Kowdiar Rd, Near Envestnet, Kuravankonam, Thiruvananthapuram, Kerala 695003, India",,76.9544446,8.5233873,ChIJC_NVode7BTsRQpYrhfJWqe4,CLOSED_TEMPORARILY,https://www.google.com/maps/place/?q=place_id:ChIJC_NVode7BTsRQpYrhfJWqe4,restaurants.csv
Kitchen 65,"Maruthoor, Kerala 695028, India",,76.94586369999999,8.5716073,ChIJGwE3cuG4BTsRyWiNjtH7dfM,OPERATIONAL,https://www.google.com/maps/place/?q=place_id:ChIJGwE3cuG4BTsRyWiNjtH7dfM,restaurants.csv
KL-01 restaurant,"manjadimoodi, Vattiyoorkavu, Maruthankuzhi, Thiruvananthapuram, Kerala 695013, India",,76.9849432,8.5233878,ChIJkV9eoCu7BTsRXeOz9bWpo7Q,OPERATIONAL,https://www.google.com/maps/place/?q=place_id:ChIJkV9eoCu7BTsRXeOz9bWpo7Q,restaurants.csv
Kochannan Sahib's Restaurant,"Salem - Kochi, Panvel - Kochi - Kanyakumari Hwy, Karamana Junction, Karamana, Thiruvananthapuram, Kerala 695002, India",+91 94477 84840,76.96678299999999,8.4818813,ChIJ74_Ql_-6BTsRRzS3oK2_41s,OPERATIONAL,https://www.google.com/maps/place/?q=place_id:ChIJ74_Ql_-6BTsRRzS3oK2_41s,restaurants.csv
Korma Restaurant,"MGRAE4A, MGRA, Venpalavattom, Thiruvananthapuram, Kerala 695029, India",,76.9112706,8.5071733,ChIJ4yf6EgC9BTsRNyHLg1xSSeQ,OPERATIONAL,https://www.google.com/maps/place/?q=place_id:ChIJ4yf6EgC9BTsRNyHLg1xSSeQ,restaurants.csv
Kottayam Kitchen,"Technopark Phase III Main Rd, Kulathoor, Thiruvananthapuram, Kerala 695583, India",+91 87143 27700,76.8775435,8.5481357,ChIJ92tFDHi_BTsRy9XhP380tXU,OPERATIONAL,https://www.google.com/maps/place/?q=place_id:ChIJ92tFDHi_BTsRy9XhP380tXU,restaurants.csv
KRISH CAFE,"KRISH CAFE, MULAVANA JUNCTION, Barton Hill Colony, Kunnukuzhy, Thiruvananthapuram, Kerala 695035, India",+91 73564 99699,76.93861199999999,8.5059443,ChIJZeqxUwC7BTsR4mhtdaEuFrs,OPERATIONAL,https://www.google.com/maps/place/?q=place_id:ChIJZeqxUwC7BTsR4mhtdaEuFrs,restaurants.csv
Krishna Hotel,"H276+HQ8, Parakkonam, Aruvikkara, Kerala 695013, India",+91 85473 87945,77.0122105,8.5626216,ChIJjZQzIzO3BTsR7sZNJ_650EY,OPERATIONAL,https://www.google.com/maps/place/?q=place_id:ChIJjZQzIzO3BTsR7sZNJ_650EY,restaurants.csv
KRISHNA HOTEL,"Krishna Hotel, Valiathope, Thiruvananthapuram, Kerala 695008, India",+91 98094 39507,76.9137573,8.4771539,ChIJH61VQIG8BTsR1cjXPfz8oao,OPERATIONAL,https://www.google.com/maps/place/?q=place_id:ChIJH61VQIG8BTsR1cjXPfz8oao,restaurants.csv
Krishna Hotel,"C24F+8GG, Mangalattukonam Road, behind Coconut Reasearch Centre, Kattachalkuzhi, Venganoor, Kerala 695501, India",+91 96563 94313,77.0248811,8.404619499999999,ChIJWSYLgJuvBTsROBCnHTHwOvU,OPERATIONAL,https://www.google.com/maps/place/?q=place_id:ChIJWSYLgJuvBTsROBCnHTHwOvU,restaurants.csv
KRISHNA HOTEL PETTAH,"32, Akshara Veedi, Pettah, Thiruvananthapuram, Kerala 695024, India",,76.9264264,8.4936398,ChIJpSaFaQC7BTsRUAvRXz9Caeg,OPERATIONAL,https://www.google.com/maps/place/?q=place_id:ChIJpSaFaQC7BTsRUAvRXz9Caeg,restaurants.csv
Krishna Restaurant,"Kesavan Nair Rd, Shastri Nagar, Poojapura, Thiruvananthapuram, Kerala 695012, India",+91 85471 73602,76.97614430000002,8.4916254,ChIJO7Mu-wK7BTsRFeTTNH7II1o,OPERATIONAL,https://www.google.com/maps/place/?q=place_id:ChIJO7Mu-wK7BTsRFeTTNH7II1o,restaurants.csv
Krishna restaurant,"GWH6+8R6, Prasanth Nagar, cherruvikkal, Thiruvananthapuram, Kerala 695017, India",,76.9120143,8.5282875,ChIJhdDNp4K_BTsRH2ofwMxTPZM,OPERATIONAL,https://www.google.com/maps/place/?q=place_id:ChIJhdDNp4K_BTsRH2ofwMxTPZM,restaurants.csv
KTDC Restaurant,"GV6R+72M Tourist Village Parking, Veli Sanghumugham Rd, Madhavapuram Colony, Kochuveli, Thiruvananthapuram, Kerala 695021, India",,76.89005639999999,8.5107232,ChIJU1dOhTy8BTsR6GL8vZVsJZ4,OPERATIONAL,https://www.google.com/maps/place/?q=place_id:ChIJU1dOhTy8BTsR6GL8vZVsJZ4,restaurants.csv
KTDC Restaurant and Beer Parlour,"Melevillael Building, No.5/742, Road, near Indian Overseas Bank, Tirumala, Malayinkeezhu, Peyad, Kerala 695573, India",+91 471 272 1243,77.02214769999999,8.5119051,ChIJiYhoqrywBTsR-lYxD6J7w6o,OPERATIONAL,https://www.google.com/maps/place/?q=place_id:ChIJiYhoqrywBTsR-lYxD6J7w6o,restaurants.csv
Kudumbham Restaurant,"Kunnukuzhy, Thiruvananthapuram, Kerala 695035, India",+91 471 255 1181,76.93834729999999,8.5050369,ChIJRXCFJ-u7BTsRjRKLFD8u-no,OPERATIONAL,https://www.google.com/maps/place/?q=place_id:ChIJRXCFJ-u7BTsRjRKLFD8u-no,restaurants.csv
Kumar Cafe,"Killippalam Jct, Killipalam, Attakulangara, Thiruvananthapuram, Kerala 695002, India",+91 94962 11956,76.95745269999999,8.4813964,ChIJx2ATPwe7BTsRebP2hGqF7gE,OPERATIONAL,https://www.google.com/maps/place/?q=place_id:ChIJx2ATPwe7BTsRebP2hGqF7gE,restaurants.csv
Kumar Fast Food,"GW76+64V, Vinod Nagar Rd, Aakkulam, Thiruvananthapuram, Kerala 695029, India",,76.9102832,8.5131149,ChIJgzSAZA-8BTsRAutgPDvrPtY,OPERATIONAL,https://www.google.com/maps/place/?q=place_id:ChIJgzSAZA-8BTsRAutgPDvrPtY,restaurants.csv
Kunjumuttam hotel,"HW3X+7VG, Thiruvananthapuram, Kerala 695043, India",+91 97450 22299,76.9496953,8.5531835,ChIJ-dDRdxG5BTsR6tPT2950q3c,OPERATIONAL,https://www.google.com/maps/place/?q=place_id:ChIJ-dDRdxG5BTsR6tPT2950q3c,restaurants.csv
Kunjuveetil Family Restaurant,"F2XH+PPW, Thirumala Peyad Malayinkeezhu Rd, Peyad, Malayinkeezh, Kerala 695571, India",+91 87141 48999,77.0293492,8.4993935,ChIJJbHGXwCxBTsR7BgEx-bHNWg,OPERATIONAL,https://www.google.com/maps/place/?q=place_id:ChIJJbHGXwCxBTsR7BgEx-bHNWg,restaurants.csv
Kurseong fast & food,"Mannanthala Junction, Mannanthala, Thiruvananthapuram, Kerala 695015, India",+91 95472 99410,76.9425852,8.560381399999999,ChIJeVX2BlO5BTsRJndCWS9vCHg,OPERATIONAL,https://www.google.com/maps/place/?q=place_id:ChIJeVX2BlO5BTsRJndCWS9vCHg,restaurants.csv
Kuttanadan Puncha Family Restaurant,"Mahatma Gandhi College - Main Block, opposite M G College Road, opp. Thiruvananthapuram, Chempakassery Nagar, Kesavadasapuram, Thiruvananthapuram, Kerala 695004, India",+91 85920 83648,76.9404651,8.5324308,ChIJk58iWpm7BTsRFr0z7CEyzjw,OPERATIONAL,https://www.google.com/maps/place/?q=place_id:ChIJk58iWpm7BTsRFr0z7CEyzjw,restaurants.csv
La Promenade Hotel,"kovalam junction Opposite Federal Bank ATM, Vizhinjam, Thiruvananthapuram, Kerala 695527, India",+91 471 248 7711,76.9820737,8.3989908,ChIJ7eD8GQqlBTsRsMcADs2T3x8,OPERATIONAL,https://www.google.com/maps/place/?q=place_id:ChIJ7eD8GQqlBTsRsMcADs2T3x8,restaurants.csv
Labanese Legend (The shawarma king),"HVQH+FGX, Kazhakoottam - Kilimanoor Rd, Kizhakkumbhagam, Kazhakkoottam, Thiruvananthapuram, Kerala 695585, India",,76.87899639999999,8.588725799999999,ChIJU2xb27S_BTsRCJoDbMyXMo4,OPERATIONAL,https://www.google.com/maps/place/?q=place_id:ChIJU2xb27S_BTsRCJoDbMyXMo4,restaurants.csv
LAILA'S KITCHEN,"Fathima manzil, opposite BATA, THULAVILA, Pappanamcode, Nemom, Thiruvananthapuram, Kerala 695020, India",+91 80899 83731,76.9890621,8.4658464,ChIJodTj4RW7BTsRiFKjiyP9Ekk,OPERATIONAL,https://www.google.com/maps/place/?q=place_id:ChIJodTj4RW7BTsRiFKjiyP9Ekk,restaurants.csv
Lake palace hotel,"CX8X+2VW, Vavvamoola Rd, Venganoor, Kerala 695523, India",,76.9997186,8.4151027,ChIJLXwbRAClBTsRFlPD1V88Tk8,CLOSED_TEMPORARILY,https://www.google.com/maps/place/?q=place_id:ChIJLXwbRAClBTsRFlPD1V88Tk8,restaurants.csv
Lal Hotel,"HW5F+39R, Kariyam, Sreekaryam, Thiruvananthapuram, Kerala 695017, India",+91 98461 91930,76.9233945,8.5577314,ChIJf3jM5S25BTsRf63YcgsqoTA,OPERATIONAL,https://www.google.com/maps/place/?q=place_id:ChIJf3jM5S25BTsRf63YcgsqoTA,restaurants.csv
Lamiya Food Palace,"Kundamonbhagam, Kundamonkadavu, Peyad, Kerala 695573, India",+91 97782 51525,77.0068038,8.5097684,ChIJKZuxMmu7BTsRzwbKcm0Zo6g,OPERATIONAL,https://www.google.com/maps/place/?q=place_id:ChIJKZuxMmu7BTsRzwbKcm0Zo6g,restaurants.csv
Lamiya RESTAURANT,"1759/4, Near Saraswathi Mandapam, Poojapura, Thiruvananthapuram, Kerala 695012, India",+91 94003 47770,76.9733456,8.4921287,ChIJDfQfTlC6BTsRg0DHO2jN9PY,OPERATIONAL,https://www.google.com/maps/place/?q=place_id:ChIJDfQfTlC6BTsRg0DHO2jN9PY,restaurants.csv
Lantern Grove Restaurant,"All India Radio Rd, opposite La posh, Cotton Hill, Vazhuthacaud, Thiruvananthapuram, Kerala 695014, India",+91 90483 99979,76.96001559999999,8.499817499999999,ChIJ5fArC5m7BTsRH81SfcFyNL8,OPERATIONAL,https://www.google.com/maps/place/?q=place_id:ChIJ5fArC5m7BTsRH81SfcFyNL8,restaurants.csv
Lantern Vista bbq restaurant,"Edayar, Poonthura, Thiruvananthapuram, Kerala 695027, India",,76.9538342,8.4391716,ChIJn9Xhf5elBTsRTWgKHOoHcr8,CLOSED_TEMPORARILY,https://www.google.com/maps/place/?q=place_id:ChIJn9Xhf5elBTsRTWgKHOoHcr8,restaurants.csv
Latha Hotel,"Latha Hotel, Perunalli junction, Vishnu Vihar, Muttathara, Thiruvananthapuram, Kerala 695008, India",,76.93653359999999,8.4672136,ChIJ9z54Fmy7BTsRPbpi7SQXR2I,OPERATIONAL,https://www.google.com/maps/place/?q=place_id:ChIJ9z54Fmy7BTsRPbpi7SQXR2I,restaurants.csv
Lathi hotel,"JX7W+7VC, Pazhakutty, Nedumangad, Kerala 695561, India",,76.9971308,8.6131812,ChIJoVwwhInHBTsR6xRGREpibSg,OPERATIONAL,https://www.google.com/maps/place/?q=place_id:ChIJoVwwhInHBTsR6xRGREpibSg,restaurants.csv
Le Arabia Restaurant,"City Chef Building, Rd, Bakery Junction, Bakery, Vazhuthacaud, Thiruvananthapuram, Kerala 695014, India",+91 471 406 7777,76.9550781,8.501851600000002,ChIJFTt7qLe7BTsREiPeMAOjiOM,CLOSED_TEMPORARILY,https://www.google.com/maps/place/?q=place_id:ChIJFTt7qLe7BTsREiPeMAOjiOM,restaurants.csv
Le Arabia Restaurant,"Enjakkal Bypass Road, Technopark Rd, Near Syndicate Bank, Kazhakkoottam, Thiruvananthapuram, Kerala 695582, India",+91 471 241 2999,76.875681,8.563456,ChIJ8dk6WP6-BTsRaE8dqjX-npc,OPERATIONAL,https://www.google.com/maps/place/?q=place_id:ChIJ8dk6WP6-BTsRaE8dqjX-npc,restaurants.csv
Le Lumiere Restaurant,"Law College Campus Rd, opp. Govt, Barton Hill, Barton Hill Colony, PMG, Thiruvananthapuram, Kerala 695035, India",+91 86067 20000,76.942309,8.5086967,ChIJR4Mhr_67BTsR19a_vLg8toI,OPERATIONAL,https://www.google.com/maps/place/?q=place_id:ChIJR4Mhr_67BTsR19a_vLg8toI,restaurants.csv
Lebanos Cafe,"AV Street, Vizhinjam - Balaramapuram Rd, Trivandrum, Balaramapuram, Kerala 695501, India",+91 99958 82363,77.04342810000001,8.4210163,ChIJYeqKXT2vBTsRSjxfOxRK40g,OPERATIONAL,https://www.google.com/maps/place/?q=place_id:ChIJYeqKXT2vBTsRSjxfOxRK40g,restaurants.csv
Lechu’s homely kitchen,"Aramada P.O 32, Konkalam, Kunnapuzha, Thiruvananthapuram, Kerala 695032, India",,76.9969338,8.488707,ChIJ4yW11WS7BTsR8HvAe15mpc4,CLOSED_TEMPORARILY,https://www.google.com/maps/place/?q=place_id:ChIJ4yW11WS7BTsR8HvAe15mpc4,restaurants.csv
Lia family restaurant,"Lia family restaurant, mullalavinmood, Aruvikkara, Kerala 695564, India",+91 81299 47578,77.0147515,8.5746349,ChIJKbGQOE63BTsRpUEogqjzQIk,OPERATIONAL,https://www.google.com/maps/place/?q=place_id:ChIJKbGQOE63BTsRpUEogqjzQIk,restaurants.csv
Live 'N Like Restaurant,"Kerala 695541, India",,77.0438885,8.5922324,ChIJc05SEbi3BTsRWj6lDr_IIS0,CLOSED_TEMPORARILY,https://www.google.com/maps/place/?q=place_id:ChIJc05SEbi3BTsRWj6lDr_IIS0,restaurants.csv
Lobster Pot Seafood Restaurant,"Kovalam, Thiruvananthapuram, Kerala 695527, India",+91 86060 62477,76.97361149999999,8.3982985,ChIJccq9mgelBTsRzxN77wvQWsc,OPERATIONAL,https://www.google.com/maps/place/?q=place_id:ChIJccq9mgelBTsRzxN77wvQWsc,restaurants.csv
LORDS RESTAURANT,"Sreekaryam - Kulathoor Rd, Ambady Nagar, Thiruvananthapuram, Kerala 695017, India",+91 62350 10155,76.90654789999999,8.547716,ChIJrbG818e-BTsRs3TrLQXAf1U,OPERATIONAL,https://www.google.com/maps/place/?q=place_id:ChIJrbG818e-BTsRs3TrLQXAf1U,restaurants.csv
M Food by Cauldron,"FXWJ+V88, Poojappura Main Rd, Poojapura, Thiruvananthapuram, Kerala 695012, India",+91 79074 04804,76.97618229999999,8.4944264,ChIJnZP2cAC7BTsRzH0YrtvQ1j8,CLOSED_TEMPORARILY,https://www.google.com/maps/place/?q=place_id:ChIJnZP2cAC7BTsRzH0YrtvQ1j8,restaurants.csv
M S Hotel,"G2GR+6CV Temple, Junction, Vilappilsala, Vilappil, Kerala 695573, India",+91 97447 34473,77.041044,8.525611,ChIJJUlfWcywBTsRcIb4SMxu-M4,OPERATIONAL,https://www.google.com/maps/place/?q=place_id:ChIJJUlfWcywBTsRcIb4SMxu-M4,restaurants.csv
M.C.Fast Food,"Monvila, P.O, Kulathoor, Thiruvananthapuram, Kerala 695583, India",+91 95679 35235,76.8948125,8.5438125,ChIJ0SihYJW-BTsRLxqX-AVS9qg,OPERATIONAL,https://www.google.com/maps/place/?q=place_id:ChIJ0SihYJW-BTsRLxqX-AVS9qg,restaurants.csv
M.R HOTEL,"F2RM+J4P, Thirumala Peyad Malayinkeezhu Rd, Palottuvila, Malayinkeezh, Kerala 695571, India",+91 94477 71792,77.0328176,8.4915825,ChIJmRjvvYywBTsReiJb9oPDg5I,OPERATIONAL,https://www.google.com/maps/place/?q=place_id:ChIJmRjvvYywBTsReiJb9oPDg5I,restaurants.csv
M.S.N. Hotel and Fast Food,"Kurisadi Road, Manvila, Sreekariyam - Kazhakuttam Rd, Ambady Nagar, Thiruvananthapuram, Kerala 695016, India",+91 96563 87103,76.90425929999999,8.5463801,ChIJb0O-m8e-BTsRNpwAawI-JmQ,OPERATIONAL,https://www.google.com/maps/place/?q=place_id:ChIJb0O-m8e-BTsRNpwAawI-JmQ,restaurants.csv
MAA Hotel,"F22M+47Q, near Vidhyasagar, Naruvamoodu, Pallichal, Kerala 695528, India",,77.03322519999999,8.4503325,ChIJv-cBcluxBTsRekXf7pgS6GM,OPERATIONAL,https://www.google.com/maps/place/?q=place_id:ChIJv-cBcluxBTsRekXf7pgS6GM,restaurants.csv
Maaris DOSA PLAZA,"HWFG+75J, Society Junction, Powdikonam, Thiruvananthapuram, Uliyazhathura, Kerala 695588, India",,76.92538569999999,8.573224399999999,ChIJhXPABgC5BTsRV8TNybCKBdk,OPERATIONAL,https://www.google.com/maps/place/?q=place_id:ChIJhXPABgC5BTsRV8TNybCKBdk,restaurants.csv
Mabroog RESTAURANT,"Elankathu Nagar, Valiyavila, Thiruvananthapuram, Kerala 695006, India",,76.9984656,8.506839099999999,ChIJOwnQoxK6BTsRfNSGH3kI7Z4,OPERATIONAL,https://www.google.com/maps/place/?q=place_id:ChIJOwnQoxK6BTsRfNSGH3kI7Z4,restaurants.csv
Mabrooq hotel,"FXPM+P9J, Mudavanmugal, Kesari Nagar, Poojapura, Thiruvananthapuram, Kerala 695012, India",,76.9834063,8.4868697,ChIJp1xLFgC7BTsRc_KE5gHh_Q0,OPERATIONAL,https://www.google.com/maps/place/?q=place_id:ChIJp1xLFgC7BTsRc_KE5gHh_Q0,restaurants.csv
Macanio Resto Cafe,"CPT Junction, CPT, Nettayam, Thiruvananthapuram, Kerala 695013, India",+91 99955 16270,76.9908749,8.5356215,ChIJTyYaWie5BTsRNEGk_5-Z1Yo,OPERATIONAL,https://www.google.com/maps/place/?q=place_id:ChIJTyYaWie5BTsRNEGk_5-Z1Yo,restaurants.csv
Madhu's Kitchen,"Tennis Club Enclave Rd, Kowdiar, Thiruvananthapuram, Kerala 695003, India",+91 70125 58560,76.96167799999999,8.5191125,ChIJX7gO27q7BTsRZd-yxvuaMtw,OPERATIONAL,https://www.google.com/maps/place/?q=place_id:ChIJX7gO27q7BTsRZd-yxvuaMtw,restaurants.csv
MADINAH BIRIYANI HOTEL,"Sewage Farm, Valiyathura, Thiruvananthapuram, Kerala 695008, India",+91 70124 75140,76.9322282,8.4676346,ChIJ152RQAC7BTsR8MeO7WO9ctE,OPERATIONAL,https://www.google.com/maps/place/?q=place_id:ChIJ152RQAC7BTsR8MeO7WO9ctE,restaurants.csv
MAGIC KITCHEN,"G254+WRC, കുണ്ടമൺകടവ്, Peyad, Kerala 695573, India",,77.0070159,8.5098074,ChIJGxG1OQC7BTsRUWJXCN_3S_c,OPERATIONAL,https://www.google.com/maps/place/?q=place_id:ChIJGxG1OQC7BTsRUWJXCN_3S_c,restaurants.csv
Mahadeva Hotel,"near, G2CQ+VMH, police, Vilappilsala, Vilappil, Kerala 695573, India",,77.0392385,8.5221912,ChIJ3YqnYQCxBTsRrxSarO81_mg,CLOSED_TEMPORARILY,https://www.google.com/maps/place/?q=place_id:ChIJ3YqnYQCxBTsRrxSarO81_mg,restaurants.csv
Mahalekshmi Hotel,"CXPH+MQV, Palappooru, Thiruvananthapuram, Kerala 695522, India",,76.97940849999999,8.436739,ChIJ9ZlqSQClBTsRvmuJ4JvvB0o,OPERATIONAL,https://www.google.com/maps/place/?q=place_id:ChIJ9ZlqSQClBTsRvmuJ4JvvB0o,restaurants.csv
Major Fast food,"Ambalathunada, Mukkola, Nullinada, Thiruvananthapuram, Kerala 695043, India",,76.9498525,8.5567286,ChIJpfjtDci5BTsRB3qh2ZewEdI,CLOSED_TEMPORARILY,https://www.google.com/maps/place/?q=place_id:ChIJpfjtDci5BTsRB3qh2ZewEdI,restaurants.csv
MALABAR BITES RESTAURANT,"Kumarapuram Rd, Krishna Vihar, Kumarapuram, Thiruvanthapuram, Thiruvananthapuram, Kerala 695011, India",+91 85907 25556,76.925232,8.5142212,ChIJZTsldUW7BTsRhR0rPvHFnwE,OPERATIONAL,https://www.google.com/maps/place/?q=place_id:ChIJZTsldUW7BTsRhR0rPvHFnwE,restaurants.csv
MALABAR FAMILY RESTAURANT,"Peyad, Kerala 695573, India",,77.025413,8.5092301,ChIJS5pArb2wBTsR8kUpgoE22Qg,OPERATIONAL,https://www.google.com/maps/place/?q=place_id:ChIJS5pArb2wBTsR8kUpgoE22Qg,restaurants.csv
Malabar Hotel,"GX4C+P3V, Kochar Rd, Road, Althara Nagar, Edapazhanji, Thiruvananthapuram, Kerala 695010, India",+91 95673 64111,76.9697169,8.5059551,ChIJaTtnPMS7BTsRGLz_4iGCmLc,OPERATIONAL,https://www.google.com/maps/place/?q=place_id:ChIJaTtnPMS7BTsRGLz_4iGCmLc,restaurants.csv
Malabar Hotel,"FX87+VHJ, Kalady, Thaliyal, Thiruvananthapuram, Kerala 695002, India",+91 90370 37910,76.96389649999999,8.4672197,ChIJre3ilrm7BTsRujsv5ZUh5Hg,OPERATIONAL,https://www.google.com/maps/place/?q=place_id:ChIJre3ilrm7BTsRujsv5ZUh5Hg,restaurants.csv
Malabar hotel,"FWW5+959, Palayam Airport Rd, Vettukadu, Thiruvananthapuram, Kerala 695007, India",,76.90801139999999,8.4959297,ChIJj8HRMQC9BTsRVV_wN7cAnro,OPERATIONAL,https://www.google.com/maps/place/?q=place_id:ChIJj8HRMQC9BTsRVV_wN7cAnro,restaurants.csv
Malabar Kitchen,"MalabaR Kitchen, opp. to Police Station, Aakkulam, Thiruvananthapuram, Kerala 695011, India",,76.92956509999999,8.5214343,ChIJ-wyDzfy7BTsRMt55611J69c,OPERATIONAL,https://www.google.com/maps/place/?q=place_id:ChIJ-wyDzfy7BTsRMt55611J69c,restaurants.csv
Malibu Club cafe,"By pass road, opposite to Infosys Medanada, Kulathoor, Thiruvananthapuram, Kerala 695583, India",+91 73566 70157,76.8824858,8.5328169,ChIJpS98GNK_BTsR1bAZhC9MQjA,OPERATIONAL,https://www.google.com/maps/place/?q=place_id:ChIJpS98GNK_BTsR1bAZhC9MQjA,restaurants.csv
Mammus Fast Food,"near KIMS Health, Vattiyoorkavu, Thiruvananthapuram, Kerala 695013, India",+91 98479 49432,76.9875158,8.523808299999999,ChIJZQGvcPW5BTsRLf_C9MFsnS8,OPERATIONAL,https://www.google.com/maps/place/?q=place_id:ChIJZQGvcPW5BTsRLf_C9MFsnS8,restaurants.csv
Manchatti Restaurant,"Pipinmoodu Jct, Pipinmoodu, Thiruvananthapuram, Kerala 695010, India",+91 95398 69393,76.9721217,8.5190054,ChIJN5PTJLe7BTsRyRXhgHgCFUU,OPERATIONAL,https://www.google.com/maps/place/?q=place_id:ChIJN5PTJLe7BTsRyRXhgHgCFUU,restaurants.csv
MANDI MANZIL,"Mettukada, juction, Thiruvananthapuram, Kerala 695014, India",+91 95440 22055,76.9586281,8.490492,ChIJDYS60Hi7BTsRc1rNKecpS-k,OPERATIONAL,https://www.google.com/maps/place/?q=place_id:ChIJDYS60Hi7BTsRc1rNKecpS-k,restaurants.csv
MANDI MANZIL,"Service Rd, Technopark Campus, Kazhakkoottam, Thiruvananthapuram, Kerala 695583, India",+91 85920 22055,76.8775046,8.5514618,ChIJLaBZuNq_BTsRZfkAx34r474,OPERATIONAL,https://www.google.com/maps/place/?q=place_id:ChIJLaBZuNq_BTsRZfkAx34r474,restaurants.csv
Mandi Manzil,"Thripadappuram Rd, Ambalathinkara, Thiruvananthapuram, Kerala 695582, India",,76.8795655,8.5650846,ChIJDTFiYAC_BTsRogedMMQsktw,OPERATIONAL,https://www.google.com/maps/place/?q=place_id:ChIJDTFiYAC_BTsRogedMMQsktw,restaurants.csv
MANDI MANZIL ULLOOR,"Medical College Ulloor Rd, P T Chacko Nagar, Ulloor, Thiruvananthapuram, Kerala 695011, India",+91 85890 22055,76.93066139999999,8.529581799999999,ChIJ-2EMSXW5BTsRX8_X61PcyxQ,OPERATIONAL,https://www.google.com/maps/place/?q=place_id:ChIJ-2EMSXW5BTsRX8_X61PcyxQ,restaurants.csv
Mani Hotel,"C25P+M86, Vizhinjam - Balaramapuram Rd, Mangalathukonam, Venganoor, Kerala 695501, India",,77.03575599999999,8.4091502,ChIJG1cH3aKvBTsRfiGAU9eE-cs,CLOSED_TEMPORARILY,https://www.google.com/maps/place/?q=place_id:ChIJG1cH3aKvBTsRfiGAU9eE-cs,restaurants.csv
Manikkal Restaurant,"HXGW+2P3, Azhikode, Azhicode Junction, Azhicode, Kerala 695564, India",+91 97449 66572,76.99679259999999,8.575020199999999,ChIJjbU8k6e5BTsRJEv53Tejaig,OPERATIONAL,https://www.google.com/maps/place/?q=place_id:ChIJjbU8k6e5BTsRJEv53Tejaig,restaurants.csv
Manna masala dosa variety,"C2FF+W22, Pallichal Punnamoodu Rd, Vedivachankoil, Pallichal, Kerala 695501, India",,77.0225133,8.424767200000002,ChIJxRzYWACvBTsRYwpodGQpof0,CLOSED_TEMPORARILY,https://www.google.com/maps/place/?q=place_id:ChIJxRzYWACvBTsRYwpodGQpof0,restaurants.csv
Mannan Hotel,"Flat No 2, Heera Havens, Attinkuzhi, Kulathoor, Thiruvananthapuram, Kerala 695583, India",,76.8814874,8.5410276,ChIJF6FgHQC_BTsRbv8RIZta2oI,OPERATIONAL,https://www.google.com/maps/place/?q=place_id:ChIJF6FgHQC_BTsRbv8RIZta2oI,restaurants.csv
Mannans Hotel,"Kulathoor, Thiruvananthapuram, Kerala 695583, India",+91 99954 34704,76.8840207,8.5305473,ChIJpwavsI2-BTsRad19gtq8Ckw,OPERATIONAL,https://www.google.com/maps/place/?q=place_id:ChIJpwavsI2-BTsRad19gtq8Ckw,restaurants.csv
Marhaba Biryani Kada,"FW7X+8W5, Kallattumukku, Thiruvananthapuram, Kerala 695009, India",+91 95676 40164,76.9498072,8.463222,ChIJ-bt8b3u7BTsRJo4maPPFOvA,OPERATIONAL,https://www.google.com/maps/place/?q=place_id:ChIJ-bt8b3u7BTsRJo4maPPFOvA,restaurants.csv
Marhaba Fast Food,"GX4V+GRW, Thirumala, Thiruvananthapuram, Kerala 695006, India",+91 94465 62562,76.9945773,8.506357600000001,ChIJt5dyOBO6BTsRffJTuWrHIDA,OPERATIONAL,https://www.google.com/maps/place/?q=place_id:ChIJt5dyOBO6BTsRffJTuWrHIDA,restaurants.csv
MARHABA MASALA DUM BIRYANI,"MARHABA MASALA DUM BIRYANI, ANGANVADI, Kazhakoottam - Thaikod Rd, near ARIYOTTUKONAM, Thiruvananthapuram, Kerala 695584, India",+91 80759 45899,76.8872899,8.6075083,ChIJnzbV5CS_BTsRnRO9ts6YW5I,OPERATIONAL,https://www.google.com/maps/place/?q=place_id:ChIJnzbV5CS_BTsRnRO9ts6YW5I,restaurants.csv
Marhaba restaurant,"Maruthankuzhi Bridge, near chethana skin care, Maruthumkuzhi, Thiruvananthapuram, Kerala 695030, India",+91 82815 85537,76.9789827,8.513607799999999,ChIJH3ksxjO6BTsRS2OJs1JusYs,OPERATIONAL,https://www.google.com/maps/place/?q=place_id:ChIJH3ksxjO6BTsRS2OJs1JusYs,restaurants.csv
Marhaba Restaurant and Takeaway,"Sasthamangalam - Pipinmoodu Rd, near Indian express, Pipinmoodu, Sasthamangalam, Thiruvananthapuram, Kerala 695010, India",+91 90377 70351,76.97356289999999,8.5161135,ChIJA6Cvv1O7BTsRS1wBSyNlsSg,OPERATIONAL,https://www.google.com/maps/place/?q=place_id:ChIJA6Cvv1O7BTsRS1wBSyNlsSg,restaurants.csv
Mariyam FOOD,"FX3X+FP7, Nemom Punnamoodu Rd, Santhivila, Kerala 695020, India",,76.99928129999999,8.4536528,ChIJHSbrNqW6BTsRKuld29_zjn0,OPERATIONAL,https://www.google.com/maps/place/?q=place_id:ChIJHSbrNqW6BTsRKuld29_zjn0,restaurants.csv
Masala Restaurant,"FWRC+237, Trivandrum Int'l Airport Entrance 2 Rd, Chacka, Thiruvananthapuram, Kerala 695024, India",+91 94964 49462,76.9201622,8.4900408,ChIJLR3GoYe7BTsRVq2Cfib6Coo,OPERATIONAL,https://www.google.com/maps/place/?q=place_id:ChIJLR3GoYe7BTsRVq2Cfib6Coo,restaurants.csv
Master Kitchen,"Master kitchen, Thamalam Rd, Shastri Nagar, Poojapura, Thiruvananthapuram, Kerala 695012, India",,76.9807843,8.480668399999999,ChIJ4VwzsrS7BTsRlmY3q5bL0Pg,CLOSED_TEMPORARILY,https://www.google.com/maps/place/?q=place_id:ChIJ4VwzsrS7BTsRlmY3q5bL0Pg,restaurants.csv
Matbakh Al Laila Multi Cuisine Restaurant- Plamoodu,"Plamood, opp. Ather Showroom, Plamoodu Thekkumoodu Residents Association, Plammoodu, Thiruvananthapuram, Kerala 695004, India",+91 471 400 0003,76.9456699,8.514211999999999,ChIJi4CsScO7BTsR9DfIoD3sCN8,OPERATIONAL,https://www.google.com/maps/place/?q=place_id:ChIJi4CsScO7BTsR9DfIoD3sCN8,restaurants.csv
Maya's kitchen,"F233+X62, Nemom, Kerala 695020, India",,77.0029541,8.4548829,ChIJYSj6PgC7BTsRAkyet_Kb1O8,OPERATIONAL,https://www.google.com/maps/place/?q=place_id:ChIJYSj6PgC7BTsRAkyet_Kb1O8,restaurants.csv
Mayura Hotel,"CXWR+8R7, Nemom Punnamoodu Rd, Vellayani, Near Vellayani Temple, Thiruvananthapuram, Kerala 695020, India",+91 93877 70863,76.9920439,8.4457949,ChIJVbgEGrS6BTsRMRulFXL5r7U,CLOSED_TEMPORARILY,https://www.google.com/maps/place/?q=place_id:ChIJVbgEGrS6BTsRMRulFXL5r7U,restaurants.csv
MEENA'S BAKERY & CAFE,"MAIN ROAD , BALARAMAPURAM, C2GV+Q2R, Trivandrum - Nagercoil Hwy, Balaramapuram, Pallichal, Kerala 695501, India",+91 80864 02233,77.04252249999999,8.4271082,ChIJW1qRpbuvBTsRMRQ48Jt-dow,OPERATIONAL,https://www.google.com/maps/place/?q=place_id:ChIJW1qRpbuvBTsRMRQ48Jt-dow,restaurants.csv
MEENAKSHY CAFE,"Janashakthi Nagar, Pongumoodu, Thiruvananthapuram, Kerala 695011, India",+91 62820 50482,76.9235308,8.542028799999999,ChIJYUyUhQq5BTsR7xlLyVZl0WU,OPERATIONAL,https://www.google.com/maps/place/?q=place_id:ChIJYUyUhQq5BTsR7xlLyVZl0WU,restaurants.csv
Mehjab Biriyani,"GNRA 94 Mankuzhy, PO, Pangappara, Thiruvananthapuram, Kerala 695581, India",,76.9043765,8.5524176,ChIJVT52ELW_BTsROLPi_E-bLTM,CLOSED_TEMPORARILY,https://www.google.com/maps/place/?q=place_id:ChIJVT52ELW_BTsROLPi_E-bLTM,restaurants.csv
MELLORO RESTAURANT,"VELLAYANI JN, Thiruvananthapuram, Nemom, Kerala 695020, India",+91 81291 90211,76.9979379,8.4590024,ChIJMbuj8La7BTsRm1NvFVJMtKw,OPERATIONAL,https://www.google.com/maps/place/?q=place_id:ChIJMbuj8La7BTsRm1NvFVJMtKw,restaurants.csv
Mezban Restaurant,"GWX7+WJR, near Motor Plaza, Muttampuram, Chavadimukku, Amadi Nagar, Sreekaryam, Thiruvananthapuram, Kerala 695017, India",+91 98956 03288,76.91402289999999,8.549871999999999,ChIJ1dPDv8u-BTsR89bZhj45MpM,OPERATIONAL,https://www.google.com/maps/place/?q=place_id:ChIJ1dPDv8u-BTsR89bZhj45MpM,restaurants.csv
MicKeys Restaurant,"MicKeys Restaurant, Junction, near Traffic Signal, Vishnu Nagar, Pappanamcode, Thiruvananthapuram, Kerala 695018, India",,76.9815303,8.4700767,ChIJs93_YyO7BTsRpaCudf1G71c,OPERATIONAL,https://www.google.com/maps/place/?q=place_id:ChIJs93_YyO7BTsRpaCudf1G71c,restaurants.csv
Midnight Kitchen,"FXVW+GQ3, Plavila Rd, Jai Nagar, Thirumala, Thiruvananthapuram, Kerala 695032, India",,76.9969328,8.4937703,ChIJRTciAAC7BTsRbGMMfFAxroc,OPERATIONAL,https://www.google.com/maps/place/?q=place_id:ChIJRTciAAC7BTsRbGMMfFAxroc,restaurants.csv
MIKKU HOTEL,"Anandu Ts, Vilappilsala, Thiruvananthapuram, Kerala 695573, India",+91 81380 80708,77.04086509999999,8.5262554,ChIJ5VeU31uxBTsRamqQw2Igcdg,OPERATIONAL,https://www.google.com/maps/place/?q=place_id:ChIJ5VeU31uxBTsRamqQw2Igcdg,restaurants.csv
Mithi'S Kitchen Homely Foods,"Kailas Nagar, Kesari Nagar, Poojapura, Thiruvanthapuram, Thiruvananthapuram, Kerala 695012, India",+91 80752 31328,76.980364,8.4937214,ChIJNRKxXU67BTsR4yuSqZD7SWA,OPERATIONAL,https://www.google.com/maps/place/?q=place_id:ChIJNRKxXU67BTsR4yuSqZD7SWA,restaurants.csv
Mizpha Juice Shop,"Life change Wellness Nutrition centre, Pachalloor, Thiruvananthapuram, Kerala 695027, India",+91 96338 90049,76.9613687,8.4266631,ChIJR7l84ealBTsREgdqwrSMBXY,OPERATIONAL,https://www.google.com/maps/place/?q=place_id:ChIJR7l84ealBTsREgdqwrSMBXY,restaurants.csv
MNS restaurant,"Krishna Nagar Rd, AKG Nagar, Peroorkada, Thiruvananthapuram, Kerala 695005, India",,76.9665825,8.5383114,ChIJTcxFGJ25BTsRs84m4QWzVL8,OPERATIONAL,https://www.google.com/maps/place/?q=place_id:ChIJTcxFGJ25BTsRs84m4QWzVL8,restaurants.csv
MOM'S MAGIC KITCHEN,"Annapoorna,Machel Road, Mukkunada, Naruvamoodu, P.O, Mukkunada, Thiruvananthapuram, Pallichal, Kerala 695528, India",,77.02883299999999,8.451093799999999,ChIJQQZsSm-xBTsRG1v_i-dl1WA,CLOSED_TEMPORARILY,https://www.google.com/maps/place/?q=place_id:ChIJQQZsSm-xBTsRG1v_i-dl1WA,restaurants.csv
Moncy Hotel,"RC, GW3V+VQC, jn, Barton Hill Colony, Kunnukuzhy, Thiruvananthapuram, Kerala 695035, India",+91 97441 14089,76.94438219999999,8.5046764,ChIJL-uViMC7BTsRUBGl0irDQVI,OPERATIONAL,https://www.google.com/maps/place/?q=place_id:ChIJL-uViMC7BTsRUBGl0irDQVI,restaurants.csv
Moopilans Kitchen,"FXG5+P77, Kattaikaal Rd, Killipalam, Karamana, Thiruvananthapuram, Kerala 695002, India",+91 99958 13711,76.9581764,8.4767914,ChIJD77SBQS7BTsR_t2qOvGNrz4,OPERATIONAL,https://www.google.com/maps/place/?q=place_id:ChIJD77SBQS7BTsR_t2qOvGNrz4,restaurants.csv
Motoos Restaurant,"GVRP+W6Q, Sreekariyam - Kazhakuttam Rd, Kulathoor, Thiruvananthapuram, Kerala 695583, India",+91 80865 03255,76.88560439999999,8.5423361,ChIJ3UWj7vu_BTsRHK9qjDnSFzI,OPERATIONAL,https://www.google.com/maps/place/?q=place_id:ChIJ3UWj7vu_BTsRHK9qjDnSFzI,restaurants.csv
Mr grill,"Prasanthnagar, junction, Vattappara, Thiruvananthapuram, Kerala 695028, India",+91 85907 74557,76.9530533,8.5925061,ChIJBZw4vhW5BTsRbfAWsrCyhtE,OPERATIONAL,https://www.google.com/maps/place/?q=place_id:ChIJBZw4vhW5BTsRbfAWsrCyhtE,restaurants.csv
MRA Bakery (Edapazhanji),"Cotton Hill Rd, Cotton Hill, Edapazhanji, Thiruvananthapuram, Kerala 695014, India",+91 95441 33000,76.96808089999999,8.5041251,ChIJ-TXwcEq6BTsR4U0rBtmaMt4,OPERATIONAL,https://www.google.com/maps/place/?q=place_id:ChIJ-TXwcEq6BTsR4U0rBtmaMt4,restaurants.csv
MRA Signature Bakery & Restaurant,"Ground Floor Shahberi Towers, Poojappura Main Rd, Thirumala, Thiruvananthapuram, Kerala 695006, India",+91 95623 55552,76.9891392,8.5004984,ChIJ2_hPHmq6BTsRV46sm95mNeE,OPERATIONAL,https://www.google.com/maps/place/?q=place_id:ChIJ2_hPHmq6BTsRV46sm95mNeE,restaurants.csv
Mubarak Hotel,"Ruby Nagar Rd, behind Padmanabha Theater, Chalai, Thiruvananthapuram, Kerala 695036, India",+91 98952 15191,76.9497288,8.482210199999999,ChIJSUB40wm7BTsRf84fpC1Baig,OPERATIONAL,https://www.google.com/maps/place/?q=place_id:ChIJSUB40wm7BTsRf84fpC1Baig,restaurants.csv
Mukkadans Restaurant,"GX32+7V3, Panjapura Junction, University, Palayam, Thiruvananthapuram, Kerala 695034, India",+91 471 232 4616,76.9521815,8.5031454,ChIJQzr6Gri7BTsRNCVzumrvO18,OPERATIONAL,https://www.google.com/maps/place/?q=place_id:ChIJQzr6Gri7BTsRNCVzumrvO18,restaurants.csv
MULTI CUISINE RESTAURANT,"Pangappara, Thiruvananthapuram, Kerala 695581, India",,76.8954236,8.5614884,ChIJWXEYAd6-BTsR76cDOg_qWHA,OPERATIONAL,https://www.google.com/maps/place/?q=place_id:ChIJWXEYAd6-BTsR76cDOg_qWHA,restaurants.csv
MUSCAT PALACE RESTAURANT & RESIDENCY,"JV8W+XXG, Pothencode, Kerala 695584, India",,76.8974665,8.6174485,ChIJzZiIlarBBTsRCT6h3bTAgm4,OPERATIONAL,https://www.google.com/maps/place/?q=place_id:ChIJzZiIlarBBTsRCT6h3bTAgm4,hotels.csv (food business)
My Place Restaurant,"Gokulam Grand, Thiruvananthapuram, Kerala 695583, India",+91 471 350 9900,76.8928021,8.5229448,ChIJGbQYq4m9BTsRvOZhR85rrN8,OPERATIONAL,https://www.google.com/maps/place/?q=place_id:ChIJGbQYq4m9BTsRvOZhR85rrN8,restaurants.csv
Naadan Restaurant,"GWVR+JXF, Kesavadasapuram - Venjaramoodu Rd, Thiruvananthapuram, Kerala 695015, India",,76.942408,8.5440642,ChIJjxK01vS5BTsRYzqiMFTyhAc,OPERATIONAL,https://www.google.com/maps/place/?q=place_id:ChIJjxK01vS5BTsRYzqiMFTyhAc,restaurants.csv
Naash HOT FOOD SERVICE,"Kunjalumoodu, Shastri Nagar, Poojapura, Thiruvananthapuram, Kerala 695002, India",+91 99950 13499,76.9721261,8.4859632,ChIJEwpz3Va6BTsR5VqPgYlvVNQ,OPERATIONAL,https://www.google.com/maps/place/?q=place_id:ChIJEwpz3Va6BTsR5VqPgYlvVNQ,restaurants.csv
Nadan Adukkala sea food resturant,"Rishimangalam, Pattoor, Thiruvananthapuram, Kerala 695035, India",+91 98472 69469,76.9381205,8.4973076,ChIJoyf4bCe7BTsRZdAGeNLgOmM,OPERATIONAL,https://www.google.com/maps/place/?q=place_id:ChIJoyf4bCe7BTsRZdAGeNLgOmM,restaurants.csv
NADAN CHICKEN PERATTU HOTEL,"C2CC+PPV, Pallichal - Vizhinjam Rd, Peringammala, Pallichal, Kerala 695042, India",,77.02179749999999,8.4218656,ChIJY7gFOIqvBTsR9O7KevvbzMs,OPERATIONAL,https://www.google.com/maps/place/?q=place_id:ChIJY7gFOIqvBTsR9O7KevvbzMs,restaurants.csv
Naina's Idli,"Kaimanam, Pappanamcode, Thiruvananthapuram, Kerala 695018, India",,76.9772787,8.474117,ChIJcbATCwC7BTsRztArD1ctu5k,OPERATIONAL,https://www.google.com/maps/place/?q=place_id:ChIJcbATCwC7BTsRztArD1ctu5k,restaurants.csv
Nakshathra Takeaway & Fast food,"GWHH+M8G, Ulloor - Akkulam Rd, Ulloor, Kochulloor, Ulloor, Thiruvananthapuram, Kerala 695011, India",+91 98954 04481,76.9283221,8.5291967,ChIJqxqqOFe5BTsRldx2lTgf1H0,OPERATIONAL,https://www.google.com/maps/place/?q=place_id:ChIJqxqqOFe5BTsRldx2lTgf1H0,restaurants.csv
Nandans Restaurant,"92VF+XFP, Junction, uchakkada, Vizhinjam, Thiruvananthapuram, Venganoor, Kerala 695501, India",+91 80861 59649,77.0236881,8.394971400000001,ChIJD8Rvr0ivBTsRfvS9_5BaPRY,OPERATIONAL,https://www.google.com/maps/place/?q=place_id:ChIJD8Rvr0ivBTsRfvS9_5BaPRY,restaurants.csv
Nandhana bakers and fresh juice,"Trivandrum - Kilimanoor Rd, Nalanchira P.O, Tilak Nagar, Parottukonam, Thiruvananthapuram, Kerala 695015, India",,76.9416269,8.5375382,ChIJDZXWI2i5BTsR4jMpZNH8zlM,OPERATIONAL,https://www.google.com/maps/place/?q=place_id:ChIJDZXWI2i5BTsR4jMpZNH8zlM,restaurants.csv
Nandus Restaurant,"GVFR+9G7, Service Rd, Karimanal, Kochuveli, Thiruvananthapuram, Kerala 695583, India",,76.8912902,8.5234204,ChIJ1VYEIZ6-BTsRLcqbnPY9hXk,OPERATIONAL,https://www.google.com/maps/place/?q=place_id:ChIJ1VYEIZ6-BTsRLcqbnPY9hXk,restaurants.csv
NANTHU'S RESTAURANT,"GW55+VQF, Venpalavattom, Thiruvananthapuram, Kerala 695029, India",+91 98468 84217,76.9094301,8.509683899999999,ChIJL3ASXw68BTsRpQH7jJNHkN8,OPERATIONAL,https://www.google.com/maps/place/?q=place_id:ChIJL3ASXw68BTsRpQH7jJNHkN8,restaurants.csv
Natesh Cafe Restaurant,"Samudra Beach, GV Raja Rd, Kovalam, Thiruvananthapuram, Kerala 695527, India",+91 86060 60151,76.97368589999999,8.4021597,ChIJ447-ReKlBTsRX1BVSMH28oY,OPERATIONAL,https://www.google.com/maps/place/?q=place_id:ChIJ447-ReKlBTsRX1BVSMH28oY,restaurants.csv
Natural Restaurant,"Mukkola, Bus Stop, Peroorkada Mannanthala Rd, Mukkolakkal, Thiruvananthapuram, Kerala 695015, India",,76.95278379999999,8.564089,ChIJL_-A-5e5BTsRZHYzElnaWac,OPERATIONAL,https://www.google.com/maps/place/?q=place_id:ChIJL_-A-5e5BTsRZHYzElnaWac,restaurants.csv
Naturals Ice Cream,"No 18/1807, Aditya Agencies, T.C, 1, Pattom - Kowdiar Rd, Kuravankonam, Thiruvananthapuram, Kerala 695004, India",+91 73069 96177,76.94926199999999,8.5213901,ChIJeeFvCra7BTsRuAZ2WOtvrUc,OPERATIONAL,https://www.google.com/maps/place/?q=place_id:ChIJeeFvCra7BTsRuAZ2WOtvrUc,restaurants.csv
Naya's Biriyani,"FWQ4+69R, Veli Sanghumugham Rd, Kannanthura, Thiruvananthapuram, Kerala 695007, India",,76.90587239999999,8.488151,ChIJ3aUsbwC9BTsRKDICROjQNt8,CLOSED_TEMPORARILY,https://www.google.com/maps/place/?q=place_id:ChIJ3aUsbwC9BTsRKDICROjQNt8,restaurants.csv
NAYAS FAST FOOD (Biriyani House),"Titanium, 78/4034, Kannanthura, Thiruvananthapuram, Kerala 695007, India",,76.90726430000001,8.490894899999999,ChIJ6_e3EwC9BTsR2wUjeRjFulE,OPERATIONAL,https://www.google.com/maps/place/?q=place_id:ChIJ6_e3EwC9BTsR2wUjeRjFulE,restaurants.csv
Nazeer Hotel,"valicode, Nedumangad, Kerala 695541, India",+91 90725 02461,76.9960377,8.601141199999999,ChIJQb4_7XK5BTsRQhr3QSaEVYw,OPERATIONAL,https://www.google.com/maps/place/?q=place_id:ChIJQb4_7XK5BTsRQhr3QSaEVYw,restaurants.csv
"Neela Hotel, Pazhakutty","JX7W+8X7, Pazhakutty, Nedumangad, Kerala 695561, India",,76.9974319,8.6132827,ChIJMd2ucgDHBTsREECkf5TUasc,OPERATIONAL,https://www.google.com/maps/place/?q=place_id:ChIJMd2ucgDHBTsREECkf5TUasc,restaurants.csv
Neerali Restaurant,"Pazhaya Rd, Murinjapalam, Thiruvananthapuram, Kerala 695011, India",+91 90613 31999,76.93146329999999,8.518525,ChIJY0aCwb27BTsR4TH1sGRyHNs,OPERATIONAL,https://www.google.com/maps/place/?q=place_id:ChIJY0aCwb27BTsR4TH1sGRyHNs,restaurants.csv
NEF NEF Mandi and Grills,"Oops. Linen Club, Plamoodu - Thekkamoodu Rd, Jn, Pattom, Thiruvananthapuram, Kerala 695004, India",+91 98952 22733,76.9449195,8.5154176,ChIJF-LiXgC7BTsRTkmNNzabYKY,OPERATIONAL,https://www.google.com/maps/place/?q=place_id:ChIJF-LiXgC7BTsRTkmNNzabYKY,restaurants.csv
"Nest Hotel. Rooms ,restaurant.","Railway Station, VSSC Road, Madhavapuram Colony, Kochuveli, Thiruvananthapuram, Kerala 695021, India",+91 124 620 1164,76.8934357,8.5114733,ChIJKV5HUAu9BTsRN0uEMFcXNNo,OPERATIONAL,https://www.google.com/maps/place/?q=place_id:ChIJKV5HUAu9BTsRN0uEMFcXNNo,hotels.csv (food business)
NETTAYAM HOTEL,"GXRQ+VFR, Nettayam, Thiruvananthapuram, Kerala 695013, India",,76.98865,8.5422367,ChIJ8_0ldAC5BTsRbWWBMIG_d9Q,OPERATIONAL,https://www.google.com/maps/place/?q=place_id:ChIJ8_0ldAC5BTsRbWWBMIG_d9Q,restaurants.csv
New Restaurant,"HXV9+HR3, Vattappara Valikode Rd, Venkode, Kerala 695028, India",+91 94963 64886,76.96954079999999,8.5938947,ChIJX4pl6FC5BTsRz0vTHueLhdI,OPERATIONAL,https://www.google.com/maps/place/?q=place_id:ChIJX4pl6FC5BTsRz0vTHueLhdI,restaurants.csv
New Royal Sweets & Snacks,"CXR5+3M7, Pachalloor, Thiruvallam, Thiruvananthapuram, Kerala 695027, India",+91 80892 75773,76.95916009999999,8.4401729,ChIJw5hfrdSkBTsRhruYztQIYUg,OPERATIONAL,https://www.google.com/maps/place/?q=place_id:ChIJw5hfrdSkBTsRhruYztQIYUg,restaurants.csv
NEW SALALA HOTEL,"Kittu Complex, Attakkulangara - Killippalam Bypass Rd, Attakulangara, Thiruvananthapuram, Kerala 695009, India",+91 85907 68152,76.9551201,8.479579,ChIJha4fUQa7BTsRPp2mQyzfBEM,OPERATIONAL,https://www.google.com/maps/place/?q=place_id:ChIJha4fUQa7BTsRPp2mQyzfBEM,restaurants.csv
NEYYAR FAMILY RESTAURANT,"Mangattukadavu Thirumala Rd, Perukavu, Kerala 695573, India",,77.0123239,8.497556699999999,ChIJJapBDp2wBTsRN6salD87j3o,OPERATIONAL,https://www.google.com/maps/place/?q=place_id:ChIJJapBDp2wBTsRN6salD87j3o,restaurants.csv
"Night Food Street @ Cotton Hill, TVM","GX27+Q35, Vazhuthacaud, Thiruvananthapuram, Kerala 695010, India",,76.9627076,8.5019458,ChIJw70hTwC7BTsRpk6tJo5TuII,OPERATIONAL,https://www.google.com/maps/place/?q=place_id:ChIJw70hTwC7BTsRpk6tJo5TuII,restaurants.csv
Night Food Street @ Paruthippara,"GWMR+8PJ, Sree Nagar, Kesavadasapuram, Thiruvananthapuram, Kerala 695004, India",,76.9417656,8.533337500000002,ChIJr6-tAgC5BTsR8lUn9P6lDHo,OPERATIONAL,https://www.google.com/maps/place/?q=place_id:ChIJr6-tAgC5BTsR8lUn9P6lDHo,restaurants.csv
NIKUNJAM FAST FOOD,"Nikunjam Fast Food, Kariyavattom Kulathoor Road, near Manna Hotel, Thiruvananthapuram, Kerala 695017, India",+91 73566 63939,76.9203177,8.551606,ChIJqwDXERy5BTsRmNOBasgb1dM,CLOSED_TEMPORARILY,https://www.google.com/maps/place/?q=place_id:ChIJqwDXERy5BTsRmNOBasgb1dM,restaurants.csv
Nikunjam Restaurant,"Chenkottukonam, Thiruvananthapuram, Kerala 695587, India",+91 70123 19055,76.9033575,8.5821126,ChIJe4diXd2_BTsRwspIlMAoWQA,OPERATIONAL,https://www.google.com/maps/place/?q=place_id:ChIJe4diXd2_BTsRwspIlMAoWQA,restaurants.csv
Nikunjam Restaurant,"Opposite Tagore Theatre, Vazhuthacaud, Nandavanam, Thycaud, Thiruvananthapuram, Kerala 695010, India",+91 75920 90807,76.95970489999999,8.5036342,ChIJRwAAMK67BTsR6zQPUHS_40Y,OPERATIONAL,https://www.google.com/maps/place/?q=place_id:ChIJRwAAMK67BTsR6zQPUHS_40Y,restaurants.csv
Nilavu - Multi Cuisine Restaurant,"HV5G+24G, Pallinada, Kazhakkoottam, Thiruvananthapuram, Kerala 695582, India",,76.8751855,8.5575122,ChIJM5YAVgC_BTsRxCMTcUlvDV0,OPERATIONAL,https://www.google.com/maps/place/?q=place_id:ChIJM5YAVgC_BTsRxCMTcUlvDV0,restaurants.csv
Nirvana Cloud Kitchen,"Vh 310, Upper Meridian road, Marapallam, 310, Upper Meridian Rd, Pattom, Thiruvananthapuram, Kerala 695004, India",+91 81297 88680,76.9473333,8.5234503,ChIJr-eRBSy7BTsRdVTBR3AiMq8,OPERATIONAL,https://www.google.com/maps/place/?q=place_id:ChIJr-eRBSy7BTsRdVTBR3AiMq8,restaurants.csv
Niya Biriyani Kada,"Aishwarya Nagar, Vettukadu, Thiruvananthapuram, Kerala 695007, India",+91 94475 95365,76.90633969999999,8.4942342,ChIJUZ7DDxi9BTsRNUo-950Mse8,OPERATIONAL,https://www.google.com/maps/place/?q=place_id:ChIJUZ7DDxi9BTsRNUo-950Mse8,restaurants.csv
NK Restaurant,"JWCQ+7FR, Perumkoor, Kanyakulangara, Kerala 695615, India",,76.93839679999999,8.620841,ChIJC2XbTwDHBTsRoTDxyMzntGI,OPERATIONAL,https://www.google.com/maps/place/?q=place_id:ChIJC2XbTwDHBTsRoTDxyMzntGI,restaurants.csv
NUSO NUSEE FAST FOOD,"near Indian Oil Petrol Pump, Vazhayila, MG Nagar, Peroorkada, Thiruvananthapuram, Kerala 695005, India",+91 88079 04536,76.9734375,8.5458125,ChIJ7Vj_Se25BTsRpQVAK-yC2rY,OPERATIONAL,https://www.google.com/maps/place/?q=place_id:ChIJ7Vj_Se25BTsRpQVAK-yC2rY,restaurants.csv
O Café,"Oruvathilkotta, Aakkulam, Thiruvananthapuram, Kerala 695029, India",+91 80 6555 1111,76.901883,8.5126261,ChIJje3cvFW9BTsRgMeORFKgLb0,OPERATIONAL,https://www.google.com/maps/place/?q=place_id:ChIJje3cvFW9BTsRgMeORFKgLb0,restaurants.csv
Ohm shanmugha Bhavan non veg,"GWPG+RGP, Bhasi Nagar, Pongumoodu, Thiruvananthapuram, Kerala 695011, India",,76.9263373,8.537093,ChIJ11dtUwC5BTsRpTT0P2j6WeQ,CLOSED_TEMPORARILY,https://www.google.com/maps/place/?q=place_id:ChIJ11dtUwC5BTsRpTT0P2j6WeQ,restaurants.csv
OldSkool Café & Diner,"First Floor, TC 18/1820 Near Curry Chatty Express Take-away Pattom-Kowdiar Road, Kuravankonam, P.O, Kowdiar, Thiruvananthapuram, Kerala 695003, India",+91 97456 69111,76.95068479999999,8.522522,ChIJ_____9i7BTsRYOcrYQMAjrQ,OPERATIONAL,https://www.google.com/maps/place/?q=place_id:ChIJ_____9i7BTsRYOcrYQMAjrQ,restaurants.csv
ONC Restaurant,"FXJ8+M5F, NH 66, Karamana Junction, Prem Nagar, Karamana, Thiruvananthapuram, Kerala 695002, India",,76.9654333,8.4816884,ChIJ8eO18QS7BTsR9-mk0uB4jYw,OPERATIONAL,https://www.google.com/maps/place/?q=place_id:ChIJ8eO18QS7BTsR9-mk0uB4jYw,restaurants.csv
ONE CUP OF TEA CAFE,"SHOP NO.1, ONE CUP OF TEA CAFE, Beach Rd, opp. PUNJABI DHAABA, Vizhinjam, Kovalam, Thiruvananthapuram, Kerala 695527, India",+91 73566 46274,76.9837855,8.3969735,ChIJYc3HDS2lBTsRCws79CFIbJU,CLOSED_TEMPORARILY,https://www.google.com/maps/place/?q=place_id:ChIJYc3HDS2lBTsRCws79CFIbJU,restaurants.csv
One Three Five Kitchen,"GW6H+H7C, near Shans Academy, Kumarapuram, Thiruvananthapuram, Kerala 695011, India",+91 90745 83918,76.9282564,8.5114656,ChIJCdDZbQC7BTsRjqABtjyr_rk,OPERATIONAL,https://www.google.com/maps/place/?q=place_id:ChIJCdDZbQC7BTsRjqABtjyr_rk,restaurants.csv
Open House Restaurant,"Kunnumpuram Rd, opp. sbi, Kunnumpuram, Pulimoodu, Thiruvananthapuram, Kerala 695001, India",+91 471 246 7695,76.9442584,8.491224899999999,ChIJC2kbyby7BTsRLHqiiy-EcIM,OPERATIONAL,https://www.google.com/maps/place/?q=place_id:ChIJC2kbyby7BTsRLHqiiy-EcIM,restaurants.csv
Opr Family Restaurant,"Aravinda Building, Vizhinjam Rd, near Shivas Sports Hub, Pallichal, Kalliyoor, Kerala 695020, India",,77.0180771,8.4386543,ChIJWx50T_yvBTsR6n66Ajwzhfc,OPERATIONAL,https://www.google.com/maps/place/?q=place_id:ChIJWx50T_yvBTsR6n66Ajwzhfc,restaurants.csv
Orila-homely meals. ഒരില ഹോമിലി മീൽസ്,"Kovalam Rd, Ambalathara, Thiruvananthapuram, Kerala 695026, India",+91 96333 77108,76.9524405,8.451275299999999,ChIJX8jQzHK7BTsRezlQAtPI_XE,OPERATIONAL,https://www.google.com/maps/place/?q=place_id:ChIJX8jQzHK7BTsRezlQAtPI_XE,restaurants.csv
Oyster Restaurant,"Samudra Beach, GV Raja Rd, Kovalam, Thiruvananthapuram, Kerala 695527, India",+91 97461 25839,76.9720535,8.401168799999999,ChIJj95f7galBTsRgywbY99gG3M,OPERATIONAL,https://www.google.com/maps/place/?q=place_id:ChIJj95f7galBTsRgywbY99gG3M,restaurants.csv
PA KITCHEN,"FX62+V34, Trivandrum Vizhinjam Rd, Kallattumukku, Kallat Nagar, Kallattumukku, Thiruvananthapuram, Kerala 695009, India",,76.9502171,8.4621274,ChIJ1X4IzBe7BTsRKftRM8X1-js,OPERATIONAL,https://www.google.com/maps/place/?q=place_id:ChIJ1X4IzBe7BTsRKftRM8X1-js,restaurants.csv
Padheyam Food Court,"Padheyam Food, 986, Court Aakkulam Road, Prasanth Nagar, Pulayanarkotta, Thiruvananthapuram, Kerala 695011, India",+91 80751 42360,76.91940799999999,8.5251921,ChIJJb54Q1W5BTsRMtOz5cgSuk8,OPERATIONAL,https://www.google.com/maps/place/?q=place_id:ChIJJb54Q1W5BTsRMtOz5cgSuk8,restaurants.csv
Padma Cafe,"TC-26, 1571, YMCA Rd, Statue, Palayam, Thiruvananthapuram, Kerala 695001, India",,76.9491881,8.4958893,ChIJe6XDOf67BTsRaxVDA1WXg2o,OPERATIONAL,https://www.google.com/maps/place/?q=place_id:ChIJe6XDOf67BTsRaxVDA1WXg2o,restaurants.csv
Padma Hotel (veetile oonu),"GW6H+2J6, Burma Rd, Kumarapuram, Thiruvananthapuram, Kerala 695011, India",,76.9289816,8.510071,ChIJXw1_fgC7BTsRAtlKkm7fFcw,OPERATIONAL,https://www.google.com/maps/place/?q=place_id:ChIJXw1_fgC7BTsRAtlKkm7fFcw,restaurants.csv
Pais kitchen,"GV8X+9FR, opp. Lulu Mall, Oruvathilkotta, Aakkulam, Thiruvananthapuram, Kerala 695029, India",,76.89909260000002,8.5155497,ChIJ9UmLPQC9BTsR4OLn1lUqMfU,OPERATIONAL,https://www.google.com/maps/place/?q=place_id:ChIJ9UmLPQC9BTsR4OLn1lUqMfU,restaurants.csv
Pakida Board Game Cafe,"opposite Technopark Trivandrum, Pallinada, Kazhakkoottam, Thiruvananthapuram, Kerala 695582, India",+91 94975 74770,76.87636169999999,8.5549722,ChIJmSIdXAC_BTsRcTEeuzkxgEE,CLOSED_TEMPORARILY,https://www.google.com/maps/place/?q=place_id:ChIJmSIdXAC_BTsRcTEeuzkxgEE,restaurants.csv
Palace Restaurant,"716, Prasanth Nagar Rd, Prasanth Nagar, Ulloor, Thiruvananthapuram, Kerala 695011, India",+91 99951 95681,76.92075820000001,8.5301773,ChIJsRWAeVO5BTsRgrDeJ7ipVIk,OPERATIONAL,https://www.google.com/maps/place/?q=place_id:ChIJsRWAeVO5BTsRgrDeJ7ipVIk,restaurants.csv
Palazhi Restaurant,"Moozhinada, G23H+QQG, Thachottukavu, Thiruvananthapuram, Peyad, Kerala 695571, India",,77.0294377,8.5044259,ChIJJTo5fwCxBTsRni56eGuIzz8,OPERATIONAL,https://www.google.com/maps/place/?q=place_id:ChIJJTo5fwCxBTsRni56eGuIzz8,restaurants.csv
PANCHI'S KITCHEN,"Panchis Kitchen, Maruthoor Rd, opposite Favourite Homes Kalppada, Maruthoor, Thiruvananthapuram, Kerala 695015, India",+91 94978 72762,76.9487106,8.5703275,ChIJ5eqnCAC5BTsRP_xdNcrn2qA,OPERATIONAL,https://www.google.com/maps/place/?q=place_id:ChIJ5eqnCAC5BTsRP_xdNcrn2qA,restaurants.csv
Pankaj Restaurant,"HW7M+8MH, Powdikonam Rd, Keraladityapuram, Thiruvananthapuram, Kerala 695588, India",,76.9342364,8.5633118,ChIJr4FaEwC5BTsR1Rr5C1KjFWE,OPERATIONAL,https://www.google.com/maps/place/?q=place_id:ChIJr4FaEwC5BTsR1Rr5C1KjFWE,restaurants.csv
Papanchani New Nadan Hotel,"CXQG+H7H, Thiruvananthapuram, Kerala 695027, India",,76.97574329999999,8.438934999999999,ChIJFw0Wk46lBTsR4TEO8g_A2Dg,OPERATIONAL,https://www.google.com/maps/place/?q=place_id:ChIJFw0Wk46lBTsR4TEO8g_A2Dg,restaurants.csv
Papaya Restaurant,"GWQR+4J4, Nalanchira P.O, Tilak Nagar, Parottukonam, Thiruvananthapuram, Kerala 695015, India",,76.9415836,8.5377563,ChIJBwADP7y5BTsRVLX5jTGPQ9o,OPERATIONAL,https://www.google.com/maps/place/?q=place_id:ChIJBwADP7y5BTsRVLX5jTGPQ9o,restaurants.csv
Pappaya Restaurant &Cool Bar,"GXP8+XHC, Peroorkada, Thiruvananthapuram, Kerala 695005, India",,76.96639859999999,8.5374419,ChIJsW8hMJ25BTsRaLwd4K2pUfo,OPERATIONAL,https://www.google.com/maps/place/?q=place_id:ChIJsW8hMJ25BTsRaLwd4K2pUfo,restaurants.csv
Paradise Family Restaurant,"Ulloor Pump, Ulloor Junction, P T Chacko Nagar, Ulloor, Thiruvananthapuram, Kerala 695011, India",+91 89214 08112,76.9288507,8.5295319,ChIJjxQbUwK5BTsRRvnTDAg5EJQ,OPERATIONAL,https://www.google.com/maps/place/?q=place_id:ChIJjxQbUwK5BTsRRvnTDAg5EJQ,restaurants.csv
Paragon Restaurant,"5,OPPO, TC 2, South Indian Bank, 44, Ulloor Brg, Kesavadasapuram, Thiruvananthapuram, Kerala 695004, India",+91 89439 97755,76.9343234,8.529281899999999,ChIJYXR1S1m5BTsR8EpNyZe6-vg,OPERATIONAL,https://www.google.com/maps/place/?q=place_id:ChIJYXR1S1m5BTsR8EpNyZe6-vg,restaurants.csv
PARAGON RESTAURANT LULU TRIVANDRUM,"2nd Floor, Lulu International Shopping Mall, Kochuveli, Thiruvananthapuram, Kerala 695029, India",+91 471 222 0060,76.8978216,8.5151392,ChIJv-RCrGq9BTsRTF20-8msPvI,OPERATIONAL,https://www.google.com/maps/place/?q=place_id:ChIJv-RCrGq9BTsRTF20-8msPvI,restaurants.csv
Paris Hotel,"Kulavikonam, Pazhavadi, Nedumangad, Kerala 695541, India",+91 81138 41377,77.00417089999999,8.603513099999999,ChIJNQmQpgS4BTsRzaZZkLVKU30,OPERATIONAL,https://www.google.com/maps/place/?q=place_id:ChIJNQmQpgS4BTsRzaZZkLVKU30,restaurants.csv
Pathayam - Millets Café,"FXV2+R9Q, Press Rd, Near Secretariat, Santhi Nagar, Pulimoodu, Thiruvananthapuram, Kerala 695001, India",+91 471 232 0187,76.9509851,8.4945933,ChIJD9MEA7u7BTsRPm9ZAoESOcI,OPERATIONAL,https://www.google.com/maps/place/?q=place_id:ChIJD9MEA7u7BTsRPm9ZAoESOcI,restaurants.csv
Pattom Royal Hotel,"nr. Josco Jewellers, P.O, Pattom, Thiruvananthapuram, Kerala 695004, India",+91 471 254 0888,76.9435275,8.5176758,ChIJHb9Qrt27BTsRK_Lo9mVe7r4,OPERATIONAL,https://www.google.com/maps/place/?q=place_id:ChIJHb9Qrt27BTsRK_Lo9mVe7r4,restaurants.csv
Pavizham Sea Foods and Family Restaurant,"F2RV+VGX, Malayinkeezh, Kerala 695571, India",,77.0431042,8.4923957,ChIJnbfGLgCxBTsR7FCNp3ktXos,CLOSED_TEMPORARILY,https://www.google.com/maps/place/?q=place_id:ChIJnbfGLgCxBTsR7FCNp3ktXos,restaurants.csv
PAZHAMA RESTAURANT,"1st Floor, Sankamithra Tower, near Olampara junction, Sangeetha Nagar, Peroorkada, Thiruvananthapuram, Kerala 695005, India",+91 88488 68500,76.96825,8.529176399999999,ChIJ94at5mO5BTsR5WhIUS-o_Oc,CLOSED_TEMPORARILY,https://www.google.com/maps/place/?q=place_id:ChIJ94at5mO5BTsR5WhIUS-o_Oc,restaurants.csv
Peelu Fast Food,"Vedivachan Coil, Thiruvananthapuram, Kerala 695042, India",+91 90742 82313,77.019023,8.423199,ChIJpfVCaPWvBTsRQh-jvKw-ZaY,CLOSED_TEMPORARILY,https://www.google.com/maps/place/?q=place_id:ChIJpfVCaPWvBTsRQh-jvKw-ZaY,restaurants.csv
Penta Hut Restaurant,"Palichal-Vizhinjam road Nemom, P.O, Thiruvananthapuram, Pallichal, Kerala 695020, India",+91 99955 65685,77.0186982,8.439866799999999,ChIJa6FAKm-vBTsRSd3O8jdor7s,OPERATIONAL,https://www.google.com/maps/place/?q=place_id:ChIJa6FAKm-vBTsRSd3O8jdor7s,restaurants.csv
PEPPO FLAVO RESTAURANT,"Attakulangara Junction, Eanchakkal Bypass Road, near Madan Temple, Attakulangara, Thiruvananthapuram, Kerala 695009, India",+91 97782 67772,76.9472813,8.478997099999999,ChIJT_0vde67BTsRC03ogu2Y5ko,CLOSED_TEMPORARILY,https://www.google.com/maps/place/?q=place_id:ChIJT_0vde67BTsRC03ogu2Y5ko,restaurants.csv
Plamoodu restaurant,"GW7W+C7X, jn area, Pushpa Nagar, Nethaji Nagar, Plammoodu, Thiruvananthapuram, Kerala 695004, India",,76.9457001,8.5135699,ChIJcd2o9oS7BTsR0a4aEdIuyEQ,OPERATIONAL,https://www.google.com/maps/place/?q=place_id:ChIJcd2o9oS7BTsR0a4aEdIuyEQ,restaurants.csv
Ponnu Fast Food,"Kulakkod, Vellanad - Aruvikkara Rd, Vellanad, Kerala 695543, India",,77.04765189999999,8.568985399999999,ChIJB6kKtGy3BTsRowpsbN7NbL8,OPERATIONAL,https://www.google.com/maps/place/?q=place_id:ChIJB6kKtGy3BTsRowpsbN7NbL8,restaurants.csv
Ponnu's food world,"Kuriyathi Rd, near babu store, Manacaud, Thiruvananthapuram, Kerala 695009, India",+91 99953 41178,76.9519242,8.477893,ChIJR1kIsou7BTsRnLGz6-Yn3ME,OPERATIONAL,https://www.google.com/maps/place/?q=place_id:ChIJR1kIsou7BTsRnLGz6-Yn3ME,restaurants.csv
Ponnus Family Restaurant,"Pothencode, Kerala 695584, India",+91 79075 55081,76.9014522,8.6171959,ChIJI_wKXb3BBTsRhZYsMrNdkCc,OPERATIONAL,https://www.google.com/maps/place/?q=place_id:ChIJI_wKXb3BBTsRhZYsMrNdkCc,restaurants.csv
POORAM FAST FOOD,"F26R+9V7, Pravachambalam - Ooruttambalam Rd, Valiyarthala, Kerala 695507, India",+91 98953 46670,77.04218399999999,8.460909299999999,ChIJ18zLeLSxBTsR8JcHKhzIago,OPERATIONAL,https://www.google.com/maps/place/?q=place_id:ChIJ18zLeLSxBTsR8JcHKhzIago,restaurants.csv
"Posh Villa 3 bed 3 bath ac , 2 kitchen , Dining, living room , family room , in TVM , Kowdiar, please contact host refeekhm at yah dot com or refeekhm at gmai el dot com please don't pay without contacting host","Kowdiar Gardens, Kowdiar, Thiruvananthapuram, Kerala 695003, India",,76.96691899999999,8.520812,ChIJW_09fiu6BTsRdA95scv0NxI,OPERATIONAL,https://www.google.com/maps/place/?q=place_id:ChIJW_09fiu6BTsRdA95scv0NxI,hotels.csv (food business)
Pournami Kerala Meals Centre..,"Pournami, Alumoodu Ln, Thirumala, Thiruvananthapuram, Kerala 695006, India",+91 79070 09438,76.9938111,8.5048756,ChIJJ3e1R7K7BTsRZ-PkSI-IZzk,OPERATIONAL,https://www.google.com/maps/place/?q=place_id:ChIJJ3e1R7K7BTsRZ-PkSI-IZzk,restaurants.csv
PR Fast Food,"PR FastFood Near Nemom, Post Office, Thiruvananthapuram, Nemom, Kerala 695020, India",+91 94472 89272,77.0027642,8.454561499999999,ChIJV3RtVKS6BTsRwaHSiyvtzLE,OPERATIONAL,https://www.google.com/maps/place/?q=place_id:ChIJV3RtVKS6BTsRwaHSiyvtzLE,restaurants.csv
PR IDLI STALL,"G278+FV2, Peyad, Kerala 695573, India",+91 85906 16897,77.0171414,8.5136387,ChIJN95wOgCxBTsRkpeibhobIm0,OPERATIONAL,https://www.google.com/maps/place/?q=place_id:ChIJN95wOgCxBTsRkpeibhobIm0,restaurants.csv
Preetha hotel,"Balanagar, Vettukadu, Thiruvananthapuram, Kerala 695021, India",,76.89999739999999,8.4952145,ChIJNy7N6-a9BTsRfqtP77fvMKo,OPERATIONAL,https://www.google.com/maps/place/?q=place_id:ChIJNy7N6-a9BTsRfqtP77fvMKo,restaurants.csv
Preetha's kitchen,"KRISHNA (old 6/1133), Kazhakoottam, Circle, Manvila, Thiruvananthapuram, Kerala 695583, India",,76.8952785,8.544355699999999,ChIJA9Bcbfa_BTsRO-K5wrPD2YI,OPERATIONAL,https://www.google.com/maps/place/?q=place_id:ChIJA9Bcbfa_BTsRO-K5wrPD2YI,restaurants.csv
Prime Bakers and Restaurant,"FXRG+9QR, Market Road, Kesari Nagar, Poojapura, Thiruvananthapuram, Kerala 695012, India",,76.9768764,8.4909842,ChIJswNnKAC7BTsRsJ3Zeup6fA0,OPERATIONAL,https://www.google.com/maps/place/?q=place_id:ChIJswNnKAC7BTsRsJ3Zeup6fA0,restaurants.csv
Pulari Hotel,"C2GC+2WJ, Thiruvananthapuram, Kerala 695042, India",,77.02227049999999,8.425080099999999,ChIJIwksMy2vBTsR5CoNzYg8fi0,CLOSED_TEMPORARILY,https://www.google.com/maps/place/?q=place_id:ChIJIwksMy2vBTsR5CoNzYg8fi0,restaurants.csv
Punchakkari Restaurant,"CXXF+R55, Punchakkari Rd, Punchakkari, Thiruvananthapuram, Kerala 695002, India",+91 75109 11558,76.9729706,8.4495129,ChIJyTNUMdC6BTsRMXY5ZhZagME,OPERATIONAL,https://www.google.com/maps/place/?q=place_id:ChIJyTNUMdC6BTsRMXY5ZhZagME,restaurants.csv
Punjakkari Restaurant,"C2Q9+9M, Chalai, Pallichal, Thiruvananthapuram, Kerala 695020, India",,76.9541964,8.481166,ChIJdxAVO0KvBTsRdCXE65tgRN0,OPERATIONAL,https://www.google.com/maps/place/?q=place_id:ChIJdxAVO0KvBTsRdCXE65tgRN0,restaurants.csv
Qazwa biriyani,"Kaimanam, Pappanamcode, Thiruvananthapuram, Kerala 695018, India",+91 62829 95418,76.9808281,8.4706724,ChIJ-RrrbAC7BTsRJTTcMAuj0pk,OPERATIONAL,https://www.google.com/maps/place/?q=place_id:ChIJ-RrrbAC7BTsRJTTcMAuj0pk,restaurants.csv
Queens Bakery,"HW7V+HJ7, Mannanthala - Vattapara Rd, Near Ranigiri Church, Mannanthala, Thiruvananthapuram, Kerala 695015, India",+91 96331 66355,76.9440499,8.563903000000002,ChIJw4A4Jx-5BTsR0dZzP4L2Do8,OPERATIONAL,https://www.google.com/maps/place/?q=place_id:ChIJw4A4Jx-5BTsR0dZzP4L2Do8,restaurants.csv
R-Two Tiffin Center and Juice world,"HXW5+5JF, Seemamula Junction, Vattappara, Kerala 695028, India",,76.9590314,8.5954299,ChIJxTegPgC5BTsRMLfYywZwZlI,OPERATIONAL,https://www.google.com/maps/place/?q=place_id:ChIJxTegPgC5BTsRMLfYywZwZlI,restaurants.csv
RABIC SHAWARMA EXPRESS,"Mukkola, Nettayam, Thiruvananthapuram, Kerala 695564, India",,76.9871749,8.5474762,ChIJO88ATZW5BTsRi6w-PAjvKzE,CLOSED_TEMPORARILY,https://www.google.com/maps/place/?q=place_id:ChIJO88ATZW5BTsRi6w-PAjvKzE,restaurants.csv
RAHATH FAMILY RESTAURANT,"FW8J+Q7G, Valiyathura - Muttathara Rd, Priyadarsini Nagar, Vallakkadavu, Thiruvananthapuram, Kerala 695008, India",+91 95393 45468,76.9307176,8.466933000000001,ChIJxce_Q2-7BTsRBNbMeA63Cis,OPERATIONAL,https://www.google.com/maps/place/?q=place_id:ChIJxce_Q2-7BTsRBNbMeA63Cis,restaurants.csv
Rahath Hotel,"G2CH+GWQ, Kollamkonam, Thiruvananthapuram, Peyad, Kerala 695573, India",+91 99475 71314,77.02986910000001,8.5213429,ChIJm-qL8rawBTsRsD3EdmqJeCY,OPERATIONAL,https://www.google.com/maps/place/?q=place_id:ChIJm-qL8rawBTsRsD3EdmqJeCY,restaurants.csv
Rahath restaurant,"GV6V+JFX, Madhavapuram Colony, Veli, Thiruvananthapuram, Kerala 695021, India",,76.8937396,8.511610800000001,ChIJE1uFEQC9BTsRsonnhY-eOvw,OPERATIONAL,https://www.google.com/maps/place/?q=place_id:ChIJE1uFEQC9BTsRsonnhY-eOvw,restaurants.csv
Rahmah Restaurant,"Kovalam Rd, near bharath petroleum, Swagath Nagar, Paravankunnu, Thiruvananthapuram, Kerala 695009, India",,76.9503125,8.4574375,ChIJ79xixAC7BTsRZ9pJHqhjv1s,OPERATIONAL,https://www.google.com/maps/place/?q=place_id:ChIJ79xixAC7BTsRZ9pJHqhjv1s,restaurants.csv
Rahmat Family Restaurant,"Vellayani Junction, Nemom, Kerala 695020, India",+91 79942 99921,76.9981014,8.458440099999999,ChIJ36Pl9567BTsRiNIyp4msU8Q,OPERATIONAL,https://www.google.com/maps/place/?q=place_id:ChIJ36Pl9567BTsRiNIyp4msU8Q,restaurants.csv
Rahmath family restaurant,"JX2W+H8G, Nedumangad, Kerala 695541, India",,76.9958387,8.6014488,ChIJBwx-2Ym5BTsR-8YbwF8tp1U,OPERATIONAL,https://www.google.com/maps/place/?q=place_id:ChIJBwx-2Ym5BTsR-8YbwF8tp1U,restaurants.csv
Raif family Restaurant,"JX2W+H8W, Valicode, Nedumangad, Kerala 695541, India",+91 79942 51553,76.9958212,8.6014872,ChIJPSKkfZ25BTsRDKCjLJ-zA5A,OPERATIONAL,https://www.google.com/maps/place/?q=place_id:ChIJPSKkfZ25BTsRDKCjLJ-zA5A,restaurants.csv
Raj Hotel,"Mukkola, Velikkunnu, Veyilkunnu, Thiruvananthapuram, Kerala 695043, India",+91 98479 48434,76.954087,8.5346791,ChIJZ8qRwXq5BTsRhlE7IgbT_nU,OPERATIONAL,https://www.google.com/maps/place/?q=place_id:ChIJZ8qRwXq5BTsRhlE7IgbT_nU,restaurants.csv
Raja's Cafe,"92W3+H3H, Pallichal - Vizhinjam Rd, near Chandrika Textiles, Vizhinjam, Thiruvananthapuram, Kerala 695521, India",,77.0027449,8.3964315,ChIJjcJqT4KlBTsRlEqCNo0jCso,OPERATIONAL,https://www.google.com/maps/place/?q=place_id:ChIJjcJqT4KlBTsRlEqCNo0jCso,restaurants.csv
Rajesh Bakery and Cafe,"Kowdiar.p.o, Toll Junction, Ambalamukku, Thiruvananthapuram, Kerala 695003, India",+91 94461 71957,76.96068559999999,8.5290996,ChIJBUuH8H65BTsRWPZM-Qpsx5g,OPERATIONAL,https://www.google.com/maps/place/?q=place_id:ChIJBUuH8H65BTsRWPZM-Qpsx5g,restaurants.csv
Rajila Hotel,"Priyadarsini Nagar, Vallakkadavu, Thiruvananthapuram, Kerala 695008, India",+91 99950 72797,76.9327145,8.468051599999999,ChIJoXUu0X67BTsRoZSlibtUV5o,OPERATIONAL,https://www.google.com/maps/place/?q=place_id:ChIJoXUu0X67BTsRoZSlibtUV5o,restaurants.csv
Rameez Family Restaurant,"FX6V+FX3, Thirumangalam Ln, Old Karakkamandapam, Nemom, Kerala 695020, India",+91 98091 46989,76.9949225,8.461140799999999,ChIJV4LfWM27BTsRDv5iPv3cYL0,OPERATIONAL,https://www.google.com/maps/place/?q=place_id:ChIJV4LfWM27BTsRDv5iPv3cYL0,restaurants.csv
Rams Guest House with Kitchen Near Kochu Veli Railway station Lulu Mall,"Oruvathilkotta, Thiruvananthapuram, Kerala 695029, India",,76.9039383,8.518030099999999,ChIJ9XxIeBu8BTsRt-uNZUkp2WI,OPERATIONAL,https://www.google.com/maps/place/?q=place_id:ChIJ9XxIeBu8BTsRt-uNZUkp2WI,hotels.csv (food business)
Rani's Kitchen,"PRA 132A, Opposite KSEB substation, Punnaykamugal, PO, Aramada, Punnakkamugal, Thiruvananthapuram, Kerala 695032, India",+91 88914 38834,76.99241479999999,8.4942388,ChIJR4T-go-7BTsR9dQkOjOP-KI,OPERATIONAL,https://www.google.com/maps/place/?q=place_id:ChIJR4T-go-7BTsR9dQkOjOP-KI,restaurants.csv
Ranthal Restaurant,"JX7W+7WX, Pazhakutty, Nedumangad, Kerala 695561, India",+91 90744 36699,76.9973595,8.6132353,ChIJ4dKzbHXHBTsRMEBIwc1o4Zo,OPERATIONAL,https://www.google.com/maps/place/?q=place_id:ChIJ4dKzbHXHBTsRMEBIwc1o4Zo,restaurants.csv
Rasiya Hotel,"C2GW+27J, Pazhayakadalane, Balaramapuram, Kerala 695501, India",+91 94965 45785,77.0456329,8.4250808,ChIJY3ABmsivBTsRun3HrM3J9G0,OPERATIONAL,https://www.google.com/maps/place/?q=place_id:ChIJY3ABmsivBTsRun3HrM3J9G0,restaurants.csv
Rehmath Shalimar Restaurant,"Between Zeeb silks and D R brothers, Market junction, Pazhavadi, Nedumangad, Trivandrum, Kerala 695542, India",,77.0031679,8.6041238,ChIJgYGYKwC5BTsRaaa4syAfs8Q,OPERATIONAL,https://www.google.com/maps/place/?q=place_id:ChIJgYGYKwC5BTsRaaa4syAfs8Q,restaurants.csv
Rejitha Hotel,"3, Peyad - Vellanad Rd, Peyad, Kerala 695573, India",+91 98957 14396,77.0250714,8.5190293,ChIJpd-j9rCwBTsRoANXC0Dglsk,OPERATIONAL,https://www.google.com/maps/place/?q=place_id:ChIJpd-j9rCwBTsRoANXC0Dglsk,restaurants.csv
Reset Cafe,"Reset Cafe, Kaimanam, Pappanamcode, Thiruvananthapuram, Kerala 695040, India",,76.9766386,8.4736937,ChIJ9x7KPrm7BTsRlM195510SUQ,OPERATIONAL,https://www.google.com/maps/place/?q=place_id:ChIJ9x7KPrm7BTsRlM195510SUQ,restaurants.csv
Restaurant,"Jai Nagar, Plavila, Thiruvananthapuram, Kerala 695006, India",,76.99693359999999,8.4937762,ChIJBRiE7dC7BTsRLui8Tr_xYTA,OPERATIONAL,https://www.google.com/maps/place/?q=place_id:ChIJBRiE7dC7BTsRLui8Tr_xYTA,restaurants.csv
Restaurant Chef Pillai Trivandrum,"Panachamoottil square, near Bypass Road, Enchakkal, Vallakkadavu, Thiruvananthapuram, Kerala 695008, India",+91 90729 39090,76.9353374,8.480338999999999,ChIJy1zNcgC7BTsRV0QSwmrqQtE,OPERATIONAL,https://www.google.com/maps/place/?q=place_id:ChIJy1zNcgC7BTsRV0QSwmrqQtE,restaurants.csv
Revathy Restaurant,"JV6W+QFP, Sreekariyam - Pothencode Rd, Pothencode, Kerala 695584, India",,76.8961934,8.6119588,ChIJ0QqzPaDABTsRAuFIc9gooRs,CLOSED_TEMPORARILY,https://www.google.com/maps/place/?q=place_id:ChIJ0QqzPaDABTsRAuFIc9gooRs,restaurants.csv
Revathy Restaurant,"Revathy Restaurant, Near Technopark Back Gate, Thirippadapuram North, Thrippadapuram Mahadeva Temple, North, Thiruvananthapuram, Kerala 695583, India",+91 98465 03677,76.8855033,8.5538238,ChIJl4iHx2G_BTsRUMOh29qhhkI,OPERATIONAL,https://www.google.com/maps/place/?q=place_id:ChIJl4iHx2G_BTsRUMOh29qhhkI,restaurants.csv
Rich Homely Fast Food,"Sinay House, Powdikonam Rd Plamoodu - Chittikkara Road Pothencode, JW82+4XF P.O, Thiruvananthapuram, Kerala 695584, India",+91 99473 47300,76.9024283,8.615317,ChIJYRWloSjBBTsRlz-gjw_uF7Y,OPERATIONAL,https://www.google.com/maps/place/?q=place_id:ChIJYRWloSjBBTsRlz-gjw_uF7Y,restaurants.csv
RK Pahadi Kitchen,"Pulayankar kotta mukkh junction PO, Ulloor - Akkulam Rd, near IDFC BANK, Prasanth Nagar, Pulayanarkotta, Thiruvananthapuram, Kerala 695011, India",+91 99618 78504,76.9128243,8.5226975,ChIJfZ8EZAC9BTsRoNjDzgi7Fak,OPERATIONAL,https://www.google.com/maps/place/?q=place_id:ChIJfZ8EZAC9BTsRoNjDzgi7Fak,restaurants.csv
ROSHNI FAST FOOD,"FX2X+F22, Nemom Punnamoodu Rd, Market Junction, Santhivila, Kerala 695020, India",,76.997506,8.4511298,ChIJCYAhE7C6BTsRId3QIZERkgo,OPERATIONAL,https://www.google.com/maps/place/?q=place_id:ChIJCYAhE7C6BTsRId3QIZERkgo,restaurants.csv
Royal Sea Food village,"Bakery Jct Rd, near RBI, Nandavanam, Palayam, Thiruvananthapuram, Kerala 695033, India",+91 90480 09999,76.9534865,8.502170699999999,ChIJj1Uqtz-7BTsRJsQJmFO9KKM,OPERATIONAL,https://www.google.com/maps/place/?q=place_id:ChIJj1Uqtz-7BTsRJsQJmFO9KKM,restaurants.csv
RSP Snacks and Food,"Paruthikkuzhy, Trivandrum, Kerala 695541, India",+91 81370 03774,77.0478667,8.612242799999999,ChIJbyLyvRm3BTsR3ZzP6QU_F0Q,OPERATIONAL,https://www.google.com/maps/place/?q=place_id:ChIJbyLyvRm3BTsR3ZzP6QU_F0Q,restaurants.csv
"Rubaiyat Bar, Mascot Hotel","GX52+J5C, PMG, Thiruvananthapuram, Kerala 695033, India",+91 471 231 8900,76.9503833,8.5090562,ChIJycC9e8a7BTsRx1QeaS2yfYY,OPERATIONAL,https://www.google.com/maps/place/?q=place_id:ChIJycC9e8a7BTsRx1QeaS2yfYY,restaurants.csv
Ruchi Homely kitchen,"G29C+5X2, Peyad - Vellanad Rd, Vilappilsala, Vilappil, Kerala 695573, India",,77.0223855,8.5178976,ChIJnTGkUwCxBTsR_4NoSqBezr8,CLOSED_TEMPORARILY,https://www.google.com/maps/place/?q=place_id:ChIJnTGkUwCxBTsR_4NoSqBezr8,restaurants.csv
Ruchi Veg Restaurant,"Aroma building, Vanross Junction, Statue, Palayam, Thiruvananthapuram, Kerala 695001, India",+91 85907 09059,76.9522448,8.4992334,ChIJN2PEn3m7BTsRNErw4CEvRzk,OPERATIONAL,https://www.google.com/maps/place/?q=place_id:ChIJN2PEn3m7BTsRNErw4CEvRzk,restaurants.csv
Ruchi: Sindhu's Home Kitchen,"FX44+8Q8, Ambalathara, Thiruvananthapuram, Kerala 695009, India",,76.956527,8.455235,ChIJl6dRbQC7BTsRKFsgLNz36Ng,CLOSED_TEMPORARILY,https://www.google.com/maps/place/?q=place_id:ChIJl6dRbQC7BTsRKFsgLNz36Ng,restaurants.csv
Ruchiyidam Restaurant,"Enikkara, Thiruvananthapuram, Kerala 695564, India",+91 79072 85010,76.98234409999999,8.5617606,ChIJq7-Gd8q5BTsR_9hgHQhQdhw,CLOSED_TEMPORARILY,https://www.google.com/maps/place/?q=place_id:ChIJq7-Gd8q5BTsR_9hgHQhQdhw,restaurants.csv
RUCHIYIDAM RESTAURANT AND BAKERY,"Kundamankadavu Vattiyoorkavu Rd, near KUNDAMANKADAVU DEVI TEMPLE, Thiruvananthapuram, Kerala 695006, India",,77.0018625,8.50783,ChIJRzOq4Ii7BTsRzTYmBqpie68,OPERATIONAL,https://www.google.com/maps/place/?q=place_id:ChIJRzOq4Ii7BTsRzTYmBqpie68,restaurants.csv
S A Hotel,"Pothencode, Kerala 695584, India",+91 98473 39305,76.89933049999999,8.6215354,ChIJr6rYxrzABTsRf6C82cmz7As,OPERATIONAL,https://www.google.com/maps/place/?q=place_id:ChIJr6rYxrzABTsRf6C82cmz7As,restaurants.csv
S K Hotel,"Tc 66 Muttacaud, 1708, Venganoor Rd, near Csi Church, Koliyoor, Kerala 695523, India",,76.9854468,8.4176167,ChIJJ5rEWAClBTsREzmYYCTlexo,OPERATIONAL,https://www.google.com/maps/place/?q=place_id:ChIJJ5rEWAClBTsREzmYYCTlexo,restaurants.csv
S K Take Away Food Corner,"Opposite Soumya Complex, TV nagar, Thirumala, Thiruvananthapuram, Kerala 695006, India",+91 95260 05296,76.9949091,8.4999934,ChIJCd2s8ZC7BTsRvl8CsOANbHg,OPERATIONAL,https://www.google.com/maps/place/?q=place_id:ChIJCd2s8ZC7BTsRvl8CsOANbHg,restaurants.csv
S N Kitchen,"S N Kitchen, Akkarakada house, valicode, Nedumangad, Kerala 695541, India",+91 80750 23667,76.9932773,8.5990769,ChIJh56Ad-i5BTsRl1iYtwmtixA,CLOSED_TEMPORARILY,https://www.google.com/maps/place/?q=place_id:ChIJh56Ad-i5BTsRl1iYtwmtixA,restaurants.csv
S. Ayyappan's Pushpa Sweets,"A10, Puthumana Rd, Prem Nagar, Karamana, Thiruvananthapuram, Kerala 695002, India",+91 89213 81177,76.9642255,8.4811746,ChIJaQqOJwC7BTsRMaTzS7HXndM,OPERATIONAL,https://www.google.com/maps/place/?q=place_id:ChIJaQqOJwC7BTsRMaTzS7HXndM,restaurants.csv
SAAYA FAMILY RESTAURANT,"Saaya Family Restaurant Ambalamukku Junction Before Ambalamukku Traffic signal, P.O, kawdiar, Ambalamukku, Thiruvananthapuram, Kerala 695003, India",+91 471 253 9137,76.9611087,8.5307757,ChIJP95S1H65BTsRzEpTIjzhf1g,OPERATIONAL,https://www.google.com/maps/place/?q=place_id:ChIJP95S1H65BTsRzEpTIjzhf1g,restaurants.csv
Sabine Hospital Restaurant,"GW56+27X, Venpalavattom, Thiruvananthapuram, Kerala 695029, India",,76.9107476,8.507613599999999,ChIJ4-lDEAC9BTsR9KHj9G5MsQo,OPERATIONAL,https://www.google.com/maps/place/?q=place_id:ChIJ4-lDEAC9BTsR9KHj9G5MsQo,restaurants.csv
Sachin Restaurant,"GWXC+6J2, Kallampally - Edavacode Rd, Kallampally, Thiruvananthapuram, Kerala 695017, India",+91 95264 46168,76.92151450000001,8.5480086,ChIJnbSXpTW5BTsR7OwvMyvaeS8,OPERATIONAL,https://www.google.com/maps/place/?q=place_id:ChIJnbSXpTW5BTsR7OwvMyvaeS8,restaurants.csv
Safa Fast Food,"GXGQ+2PR, Vattiyoorkkav Puliyarakkonam Rd, Vattiyoorkavu, Thiruvananthapuram, Kerala 695013, India",,76.9892797,8.5251246,ChIJDyjmux-6BTsReMBgrFFRaWQ,OPERATIONAL,https://www.google.com/maps/place/?q=place_id:ChIJDyjmux-6BTsReMBgrFFRaWQ,restaurants.csv
Safa Hotel,"Pachalloor, Thiruvananthapuram, Kerala 695027, India",+91 73567 90354,76.9681619,8.4250443,ChIJpVdyhtOlBTsRwSHeSV9C17w,OPERATIONAL,https://www.google.com/maps/place/?q=place_id:ChIJpVdyhtOlBTsRwSHeSV9C17w,restaurants.csv
SAFAR LAND FAMILY RESTAURANT,"FAMILY RESTAURANT, Kazhakoottam - Thaikod Rd, near HOTEL SAFARLAND, Pothencode, Thiruvananthapuram, Kerala 695584, India",+91 94472 55689,76.8969721,8.6150591,ChIJE5CidADBBTsRAnljBs5ut4Q,OPERATIONAL,https://www.google.com/maps/place/?q=place_id:ChIJE5CidADBBTsRAnljBs5ut4Q,restaurants.csv
SAGHAVU HOTEL,"SHOP NO11, SAGHAVU BUILDING, KANYAKUMARI ROAD, near RAJAKUMARI, Pazhayakadalane, Balaramapuram, Kerala 695501, India",+91 92076 57051,77.04588,8.4285541,ChIJRUSWJeOvBTsRx4W8h3l_8eA,OPERATIONAL,https://www.google.com/maps/place/?q=place_id:ChIJRUSWJeOvBTsRx4W8h3l_8eA,restaurants.csv
SAGHAVU HOTEL CITY,"SHOP NO 2, SAGHAVU HOTEL TOWER, KANYAKUMARI ROAD, Pazhayakadalane, Balaramapuram, Kerala 695501, India",+91 93873 89397,77.0458196,8.4279432,ChIJmUWGeCSvBTsRdWLiL5KL6vU,CLOSED_TEMPORARILY,https://www.google.com/maps/place/?q=place_id:ChIJmUWGeCSvBTsRdWLiL5KL6vU,restaurants.csv
Saghavu Hotel Nala Nadan Perattu,"F22M+3HW, Naruvamoodu, Kerala 695528, India",+91 97445 75505,77.03396359999999,8.4502379,ChIJtTGvF7CxBTsRp-ZzrWBdtG8,OPERATIONAL,https://www.google.com/maps/place/?q=place_id:ChIJtTGvF7CxBTsRp-ZzrWBdtG8,restaurants.csv
Sahapadee Family Restaurant,"C2X7+5JR, Pallichal, Kerala 695020, India",,77.0143562,8.4472905,ChIJk7kFz4qxBTsRRfmgCu-24i8,OPERATIONAL,https://www.google.com/maps/place/?q=place_id:ChIJk7kFz4qxBTsRRfmgCu-24i8,restaurants.csv
SAI BALAJI TIFFIN CENTRE,"Maithry Nagar, Chekkalamukku, Thiruvananthapuram, Kerala 695017, India",+91 70122 79662,76.9166623,8.5526237,ChIJtQ7U5w6_BTsREWfqox7-v7E,OPERATIONAL,https://www.google.com/maps/place/?q=place_id:ChIJtQ7U5w6_BTsREWfqox7-v7E,restaurants.csv
SAKAKA FOOD CORNER,"CWXW+7VP, SM Lock Rd, Karimbuvila, Poonthura, Thiruvananthapuram, Kerala 695026, India",,76.9472102,8.4482108,ChIJD05g0jC7BTsR4FgNJYHxW_A,OPERATIONAL,https://www.google.com/maps/place/?q=place_id:ChIJD05g0jC7BTsR4FgNJYHxW_A,restaurants.csv
Sakhavu Hotel Restaurant സഖാവ് ഭക്ഷണശാല,"junction, Pazhayakadalane, Balaramapuram, Kerala 695501, India",,77.0458481,8.4252628,ChIJr6o0ufivBTsRNJ2ktnIvJXw,OPERATIONAL,https://www.google.com/maps/place/?q=place_id:ChIJr6o0ufivBTsRNJ2ktnIvJXw,restaurants.csv
SALIM FAMILY RESTAURANT,"Nemom, Kerala 695020, India",+91 97464 03912,76.9976271,8.4588532,ChIJ66L-wLy6BTsRbbeJ5XrdtNA,OPERATIONAL,https://www.google.com/maps/place/?q=place_id:ChIJ66L-wLy6BTsRbbeJ5XrdtNA,restaurants.csv
Salma fast Food,"FX7Q+XXJ, Karakkamandapam, Sathya Nagar, Thiruvananthapuram, Kerala 695020, India",+91 96335 25186,76.9899027,8.4649606,ChIJacSAAZW6BTsRDeDY-wshMT4,OPERATIONAL,https://www.google.com/maps/place/?q=place_id:ChIJacSAAZW6BTsRDeDY-wshMT4,restaurants.csv
Salmaniya Hotel,"G289+3W3, Peyad, Kerala 695573, India",,77.01979380000002,8.5150341,ChIJ-y0SMfCxBTsRNUKj8Ihgccc,OPERATIONAL,https://www.google.com/maps/place/?q=place_id:ChIJ-y0SMfCxBTsRNUKj8Ihgccc,restaurants.csv
Salmas Hotel,"HVXW+54, Kattaikonam, Kerala 695584, India",+91 98470 50299,76.89502379999999,8.5977999,ChIJmfCDDe2_BTsRDQV5fTPwCkI,OPERATIONAL,https://www.google.com/maps/place/?q=place_id:ChIJmfCDDe2_BTsRDQV5fTPwCkI,restaurants.csv
Salmas kitchen,"near noorul islam Arabic college, Manickamvilakam, Beemapally, Thiruvananthapuram, Kerala 695008, India",,76.9398195,8.451389700000002,ChIJVecQEwC7BTsRKOBJpDFXz5U,OPERATIONAL,https://www.google.com/maps/place/?q=place_id:ChIJVecQEwC7BTsRKOBJpDFXz5U,restaurants.csv
Sankar Hotel,"Arasumoodu Kulathoor P.O Arasumoodu Kulathoor P.O Attipra, GVRP+W5W, Kulathoor, Thiruvananthapuram, Kerala 695583, India",+91 92494 11471,76.88544809999999,8.5423711,ChIJ86Ei9JK-BTsRSrSZyE5S3Aw,OPERATIONAL,https://www.google.com/maps/place/?q=place_id:ChIJ86Ei9JK-BTsRSrSZyE5S3Aw,restaurants.csv
Santha cafe,"bus stop, Near, Parasurama swami temple road, Thiruvallam, Thiruvananthapuram, Kerala 695027, India",+91 94950 61932,76.955068,8.4411522,ChIJF0V8zrOlBTsRZxcNDbDE59U,OPERATIONAL,https://www.google.com/maps/place/?q=place_id:ChIJF0V8zrOlBTsRZxcNDbDE59U,restaurants.csv
Sapna's Kitchen,"Karamana - Poojapura Rd, Prem Nagar, Karamana, Thiruvananthapuram, Kerala 695002, India",+91 81370 92221,76.9682948,8.4829194,ChIJ7UO_Y_-6BTsR-IqYT3V0W9Y,OPERATIONAL,https://www.google.com/maps/place/?q=place_id:ChIJ7UO_Y_-6BTsR-IqYT3V0W9Y,restaurants.csv
Sapps Biryani,"Krishna TC 49, 1099, Kamaleshwaram, Thiruvananthapuram, Kerala 695009, India",+91 99467 48831,76.9523425,8.469843899999999,ChIJNa_GEyC7BTsRZmXetlTAmcA,OPERATIONAL,https://www.google.com/maps/place/?q=place_id:ChIJNa_GEyC7BTsRZmXetlTAmcA,restaurants.csv
Sara kitchen and Restaurant,"71, Anayara Rd, Velakudi, Thiruvananthapuram, Kerala 695029, India",+91 80785 21628,76.92387699999999,8.4994475,ChIJhULkCgC7BTsRG07mOmmx28g,OPERATIONAL,https://www.google.com/maps/place/?q=place_id:ChIJhULkCgC7BTsRG07mOmmx28g,restaurants.csv
Saranya restaurant,"Peyad, Kerala 695573, India",,77.0311681,8.509102,ChIJzZ04r7-wBTsRx0NfMGSTD50,OPERATIONAL,https://www.google.com/maps/place/?q=place_id:ChIJzZ04r7-wBTsRx0NfMGSTD50,restaurants.csv
Saranya's Ladies Hostel Tvm Pogummoodu(Food and Accommodation),"Saranya motors, Medical College, po, Bapuji Nagar, Pongumoodu, Thiruvananthapuram, Kerala 695011, India",+91 99472 80567,76.91737460000002,8.5393007,ChIJVdJSGRW_BTsRp3q1sOKB294,OPERATIONAL,https://www.google.com/maps/place/?q=place_id:ChIJVdJSGRW_BTsRp3q1sOKB294,hotels.csv (food business)
Saras Hotel,"HWXW+HW5, Kanakode, Vattappara, Thiruvananthapuram, Kerala 695028, India",+91 94965 88813,76.947366,8.598894,ChIJU-wmzJC4BTsRNmYYcCj0CTE,OPERATIONAL,https://www.google.com/maps/place/?q=place_id:ChIJU-wmzJC4BTsRNmYYcCj0CTE,restaurants.csv
SARAVANA BHAVAN PURE VEG RESTAURANT,"FWVH+M76 Poultry Complex, Palayam Airport Rd, Pettah, Thiruvananthapuram, Kerala 695024, India",,76.9281555,8.494209999999999,ChIJBVsidgC7BTsRqp_gO3P6Chc,OPERATIONAL,https://www.google.com/maps/place/?q=place_id:ChIJBVsidgC7BTsRqp_gO3P6Chc,restaurants.csv
SB Biriyani cafe&bakery,"Sb bakery, Kariyam-Pothencode Rd, near bank of india, Njandoorkonam, Thiruvananthapuram, Kerala 695588, India",,76.9194912,8.5838533,ChIJ93YOay65BTsR11DFuOq5HGk,OPERATIONAL,https://www.google.com/maps/place/?q=place_id:ChIJ93YOay65BTsR11DFuOq5HGk,restaurants.csv
SB Hotel Pappanchani,"CXQG+J82, Pappanchani, Thiruvananthapuram, Kerala 695027, India",,76.9757675,8.4390007,ChIJn2cgCtC6BTsR9geckukRi2E,OPERATIONAL,https://www.google.com/maps/place/?q=place_id:ChIJn2cgCtC6BTsR9geckukRi2E,restaurants.csv
Sea Bun Story Resto Cafe,"TC 1/1769, Samudra Beach, GV Raja Rd, Kovalam, Thiruvananthapuram, Kerala 695527, India",+91 62386 88473,76.97300419999999,8.4010704,ChIJt99YbwClBTsRAsShGKX0cnU,OPERATIONAL,https://www.google.com/maps/place/?q=place_id:ChIJt99YbwClBTsRAsShGKX0cnU,restaurants.csv
SEA FOOD RESTAURANT (THIRUVALLOM),"CXM6+Q3X, Thiruvananthapuram, Kerala 695027, India",,76.96029539999999,8.434482299999999,ChIJlWUWAJulBTsRFZDyx9pqDnY,OPERATIONAL,https://www.google.com/maps/place/?q=place_id:ChIJlWUWAJulBTsRFZDyx9pqDnY,restaurants.csv
Sea Gull Restaurant,"near Kovalam Beach, Kovalam, Thiruvananthapuram, Kerala 695527, India",+91 471 248 1123,76.9716109,8.402278899999999,ChIJb9BDmAalBTsR0RhP8HQxj7c,OPERATIONAL,https://www.google.com/maps/place/?q=place_id:ChIJb9BDmAalBTsR0RhP8HQxj7c,restaurants.csv
SEASIDE GRILL,"Samudra Beach, GV Raja Rd, Kovalam, Thiruvananthapuram, Kerala 695527, India",,76.9720395,8.4014367,ChIJ10-jbp2lBTsR7wz-FuElAXg,OPERATIONAL,https://www.google.com/maps/place/?q=place_id:ChIJ10-jbp2lBTsR7wz-FuElAXg,restaurants.csv
SELVA CAFE,"Saranya Shop, Kurakode, Thiruvananthapuram, Nedumangad, Kerala 695561, India",+91 95677 00807,76.9979305,8.6115544,ChIJT-3MVQC5BTsREackhdz0ppQ,OPERATIONAL,https://www.google.com/maps/place/?q=place_id:ChIJT-3MVQC5BTsREackhdz0ppQ,restaurants.csv
Selva nadan restaurant,"Amman kovil, near south Indian bank, Pazhakutty, Nedumangad, Kerala 695541, India",,76.9997479,8.6102194,ChIJbzUMmvu5BTsRXFFkXMx4QNA,OPERATIONAL,https://www.google.com/maps/place/?q=place_id:ChIJbzUMmvu5BTsRXFFkXMx4QNA,restaurants.csv
Semma idli,"1495, near Kalyan Hospital, Aryasala, Valiyasalai, Thiruvananthapuram, Kerala 695009, India",+91 70121 15181,76.955165,8.4802716,ChIJbZ6TQQC7BTsRaZoBu8yBzIw,OPERATIONAL,https://www.google.com/maps/place/?q=place_id:ChIJbZ6TQQC7BTsRaZoBu8yBzIw,restaurants.csv
SFS Homebridge I Hotel in Trivandrum,"Vellayambalam - Vazhuthacaud Rd, near Police Headquarters, Althara Nagar, Vellayambalam, Thiruvananthapuram, Kerala 695010, India",+91 471 401 9999,76.962457,8.507177,ChIJOWKUcci7BTsRFjWq6STfr8I,OPERATIONAL,https://www.google.com/maps/place/?q=place_id:ChIJOWKUcci7BTsRFjWq6STfr8I,restaurants.csv
Shababaik Restaurant,"Beside Kunnil Hypermarket, Infosys, Thampuranmukku, Kulathoor, Thiruvananthapuram, Kerala 695583, India",+91 79022 33301,76.88559830000001,8.5298549,ChIJYdISQ0-_BTsRniI9rl5CDWk,OPERATIONAL,https://www.google.com/maps/place/?q=place_id:ChIJYdISQ0-_BTsRniI9rl5CDWk,restaurants.csv
Shahi Durbar FAMILY RESTAURANT,"Aristo, Thampanoor, Thiruvananthapuram, Kerala 695014, India",+91 471 232 3001,76.9540761,8.4891849,ChIJXbs8UGq7BTsRK5f2U0jZYM4,OPERATIONAL,https://www.google.com/maps/place/?q=place_id:ChIJXbs8UGq7BTsRK5f2U0jZYM4,restaurants.csv
Shakthi man Food Court,"Shakthi man Food Court Vazhayila, MG Nagar, Peroorkada, Thiruvananthapuram, Kerala 695005, India",+91 81138 65417,76.9717179,8.543545,ChIJgckvsim5BTsRC5XtH0Uqa7Y,OPERATIONAL,https://www.google.com/maps/place/?q=place_id:ChIJgckvsim5BTsRC5XtH0Uqa7Y,restaurants.csv
Shalom Bakery & Restaurant,"FWV2+F58, Balanagar, Vettukadu, Thiruvananthapuram, Kerala 695021, India",,76.9004482,8.4936569,ChIJG2YyTwC9BTsR7N3E5dNISi4,OPERATIONAL,https://www.google.com/maps/place/?q=place_id:ChIJG2YyTwC9BTsR7N3E5dNISi4,restaurants.csv
Shalom Restaurant,"FWG8+CM9, Valiathope, Thiruvananthapuram, Kerala 695008, India",,76.9167356,8.4760376,ChIJP_vTCFa9BTsRDuwaTS3G8vc,OPERATIONAL,https://www.google.com/maps/place/?q=place_id:ChIJP_vTCFa9BTsRDuwaTS3G8vc,restaurants.csv
Shameeja Fast Food - Puttum Muttonum pallimukku,"G267+V39, Thirumala Peyad Malayinkeezhu Rd, Pallimukku, Peyad, Kerala 695573, India",+91 99955 11093,77.01272449999999,8.5121608,ChIJd0845q-xBTsRxLKR9nRb8eU,OPERATIONAL,https://www.google.com/maps/place/?q=place_id:ChIJd0845q-xBTsRxLKR9nRb8eU,restaurants.csv
Shan Snacks & Bakery,"F225+GCC, Nemom, Thiruvananthapuram, Nemom, Kerala 695020, India",+91 94007 54903,77.0085299,8.451312399999999,ChIJm5pSaai6BTsRhtyyScGZMTk,CLOSED_TEMPORARILY,https://www.google.com/maps/place/?q=place_id:ChIJm5pSaai6BTsRhtyyScGZMTk,restaurants.csv
SHANU RESTAURANT,"JV3G+4M5, Andoorkonam, Kerala 695584, India",+91 99463 55441,76.87674179999999,8.602756399999999,ChIJGWKyqPC_BTsRDlDVEeMeJyc,OPERATIONAL,https://www.google.com/maps/place/?q=place_id:ChIJGWKyqPC_BTsRDlDVEeMeJyc,restaurants.csv
Shappile Curry Hotel (Toddy Parlour),"Unnamed Road, Karikkakam, Thiruvananthapuram, Kerala 695029, India",+91 98091 98140,76.9074624,8.5067211,ChIJT7imZlG9BTsR0Fsnr5C_WhI,OPERATIONAL,https://www.google.com/maps/place/?q=place_id:ChIJT7imZlG9BTsR0Fsnr5C_WhI,restaurants.csv
Shawarma Nation,"Atrtec mall, CENTRO MALL, Pattoor - Vanchiyoor Rd, Pattoor Junction, Vanchiyoor, Thiruvananthapuram, Kerala 695035, India",+91 90377 45577,76.9372408,8.497501699999999,ChIJg3brPYO7BTsRzxeiJB3UCYk,OPERATIONAL,https://www.google.com/maps/place/?q=place_id:ChIJg3brPYO7BTsRzxeiJB3UCYk,restaurants.csv
SHAWARMA SPACE,"Spencer's Super Market, LIC Junction, Ed Heights, Pattom, Thiruvananthapuram, Kerala 695004, India",+91 95395 25555,76.9408523,8.5218958,ChIJ0U6p8m-7BTsREc4eKMtnBdo,OPERATIONAL,https://www.google.com/maps/place/?q=place_id:ChIJ0U6p8m-7BTsREc4eKMtnBdo,restaurants.csv
Shawarma Spot,"General Hospital Rd, near Variety Mall, Statue, Palayam, Thiruvananthapuram, Kerala 695001, India",+91 96333 32153,76.9471296,8.498252599999999,ChIJOfvP-Lu7BTsR16rG9g0iLDY,OPERATIONAL,https://www.google.com/maps/place/?q=place_id:ChIJOfvP-Lu7BTsR16rG9g0iLDY,restaurants.csv
Shawarma Spot,"Thundathil, Kariyavattom - Chenkottukonam Rd, Karyavattom, Thiruvananthapuram, Kerala 695582, India",,76.89042820000002,8.5742953,ChIJiYT38P2_BTsR1G-tpvmYA7g,OPERATIONAL,https://www.google.com/maps/place/?q=place_id:ChIJiYT38P2_BTsR1G-tpvmYA7g,restaurants.csv
Sheeja Hotel,"MAK Auditorium, Near, Mukkola Rd, Nettayam, Thiruvananthapuram, Kerala 695564, India",+91 471 237 1915,76.9881305,8.5489023,ChIJbVLsGsC5BTsR5acz2ckozO4,OPERATIONAL,https://www.google.com/maps/place/?q=place_id:ChIJbVLsGsC5BTsR5acz2ckozO4,restaurants.csv
SHIBU RESTAURANT,"F292+684, Studio Rd Nemom, Plankalamukku, Thiruvananthapuram, Kerala 695019, India",,77.0008866,8.4680967,ChIJ-avbL7u7BTsRLPIHEMY3uG0,OPERATIONAL,https://www.google.com/maps/place/?q=place_id:ChIJ-avbL7u7BTsRLPIHEMY3uG0,restaurants.csv
Shivajaani Hotel,"Kolacode, block junction, Pazhakutty, Nedumangad, Venkavila, Kerala 695561, India",,76.9893792,8.616724399999999,ChIJGwj5UQDHBTsRIgwJpRsrYxk,OPERATIONAL,https://www.google.com/maps/place/?q=place_id:ChIJGwj5UQDHBTsRIgwJpRsrYxk,restaurants.csv
Shobhit Hotel,"G28F+WF8, Peyad, Kerala 695573, India",,77.023698,8.5172897,ChIJmeXENwCxBTsRxciM9rb-lyE,OPERATIONAL,https://www.google.com/maps/place/?q=place_id:ChIJmeXENwCxBTsRxciM9rb-lyE,restaurants.csv
Shobika Hotel,"GX4X+Q93, Elankathu Nagar, Valiyavila, Thiruvananthapuram, Kerala 695006, India",,76.99842699999999,8.5068862,ChIJpyUS9iS7BTsRKxTNuPUsnl4,OPERATIONAL,https://www.google.com/maps/place/?q=place_id:ChIJpyUS9iS7BTsRKxTNuPUsnl4,restaurants.csv
Shri Arya Bhavan (Finest VEG naturally) Restaurant,"Bypass, Eanchakkal, Thiruvananthapuram, Kerala 695008, India",+91 73069 90142,76.935874,8.474501499999999,ChIJo_QTxcS7BTsR491bAHthPzw,OPERATIONAL,https://www.google.com/maps/place/?q=place_id:ChIJo_QTxcS7BTsR491bAHthPzw,restaurants.csv
Sidhi Prapha Restaurant,"GV6X+224, Kochuveli, Thiruvananthapuram, Kerala 695021, India",,76.8975904,8.5100109,ChIJ75NeURa8BTsRX9lNMgKDjBc,OPERATIONAL,https://www.google.com/maps/place/?q=place_id:ChIJ75NeURa8BTsRX9lNMgKDjBc,restaurants.csv
Sidhu RESTAURANT,"G2QF+F95, Vattiyoorkkav Puliyarakkonam Rd, Puliyarakonam, Vilappil, Kerala 695573, India",,77.023471,8.538625099999999,ChIJHSLjik-3BTsR3kTV6pQpEHQ,CLOSED_TEMPORARILY,https://www.google.com/maps/place/?q=place_id:ChIJHSLjik-3BTsR3kTV6pQpEHQ,restaurants.csv
Silhouette Cafe,"Pp 6/1086/7, R K Press Building, Andoorkonam, opposite Future Computers Store, Pothencode Junction, Pothencode, Thiruvananthapuram, Kerala 695584, India",,76.8967826,8.6186964,ChIJLamJND7BBTsRsob5CpLvumU,CLOSED_TEMPORARILY,https://www.google.com/maps/place/?q=place_id:ChIJLamJND7BBTsRsob5CpLvumU,restaurants.csv
Sindhoor Park Restaurant,"Palayam Airport Road Vallakkadavu, near Shangumukham, Shangumukham, Beach, Thiruvananthapuram, Kerala 695007, India",+91 95675 24121,76.91291319999999,8.4816167,ChIJs-vEvoC8BTsRLvulAtTWokA,OPERATIONAL,https://www.google.com/maps/place/?q=place_id:ChIJs-vEvoC8BTsRLvulAtTWokA,restaurants.csv
SISTERS KITCHEN,"SISTERS KITCHEN Kunnapuzha, Jai Nagar, Thirumala, Thiruvananthapuram, Kerala 695032, India",+91 97479 64781,76.9969856,8.4920759,ChIJqyXZ_OG7BTsRhpXww4pPpIQ,OPERATIONAL,https://www.google.com/maps/place/?q=place_id:ChIJqyXZ_OG7BTsRhpXww4pPpIQ,restaurants.csv
SKR THIRSTY CAFE,"HW43+P5G, Sarath Nagar, Pangappara, Thiruvananthapuram, Kerala 695581, India",,76.9029446,8.5568229,ChIJPeLoKQC_BTsRZdAOGm3vvYk,OPERATIONAL,https://www.google.com/maps/place/?q=place_id:ChIJPeLoKQC_BTsRZdAOGm3vvYk,restaurants.csv
SM FAST FOOD,"Mangattukadavu, Perukavu, Kerala 695573, India",+91 97472 71523,77.0085604,8.498346699999999,ChIJY_nQS3a6BTsRKYixDd_qQrI,CLOSED_TEMPORARILY,https://www.google.com/maps/place/?q=place_id:ChIJY_nQS3a6BTsRKYixDd_qQrI,restaurants.csv
"SMALL KITCHEN 🍳Peyad, Chandhamukku","G268+46C Small kitchen, Thiruvananthapuram, Peyad, Kerala 695573, India",,77.0155049,8.510314,ChIJIb1uMwCxBTsRPEP7lfLHgqc,OPERATIONAL,https://www.google.com/maps/place/?q=place_id:ChIJIb1uMwCxBTsRPEP7lfLHgqc,restaurants.csv
Snap Kitchen,"50, Nettaikonam Residance Association Rd, Pavithram, Thiruvananthapuram, Kerala 695582, India",,76.88238729999999,8.569382599999999,ChIJg4U6ewC_BTsRZEsDyNZaMs8,CLOSED_TEMPORARILY,https://www.google.com/maps/place/?q=place_id:ChIJg4U6ewC_BTsRZEsDyNZaMs8,restaurants.csv
Sobha's Kitchen,"School Ground, opp. Parottukonam, Tilak Nagar, Parottukonam, Thiruvananthapuram, Kerala 695015, India",,76.9369384,8.539872299999999,ChIJZQRAqRS5BTsRgBaQCSjrVLw,OPERATIONAL,https://www.google.com/maps/place/?q=place_id:ChIJZQRAqRS5BTsRgBaQCSjrVLw,hotels.csv (food business)
Sonu & Banu Fast Food,"GXPR+Q73, CPT Junction, Nettayam, Thiruvananthapuram, Kerala 695013, India",,76.99067959999999,8.5368864,ChIJedWUZPK5BTsR-oH0fQsS6zA,CLOSED_TEMPORARILY,https://www.google.com/maps/place/?q=place_id:ChIJedWUZPK5BTsR-oH0fQsS6zA,restaurants.csv
Sonu's Magic Kitchen,"FWWH+3V3, Pettah, Thiruvananthapuram, Kerala 695024, India",+91 94954 44333,76.929684,8.4951449,ChIJS-8A0I-7BTsRof45hsCQnTw,OPERATIONAL,https://www.google.com/maps/place/?q=place_id:ChIJS-8A0I-7BTsRof45hsCQnTw,restaurants.csv
Soofiya Sarbath and Fast Food,"GX4X+VC8, Valiyavila, Thiruvananthapuram, Kerala 695013, India",+91 97473 24738,76.998604,8.507186899999999,ChIJo8QxPQC7BTsRtLDQQrECdM0,OPERATIONAL,https://www.google.com/maps/place/?q=place_id:ChIJo8QxPQC7BTsRtLDQQrECdM0,restaurants.csv
Sopanam Family Restaurant,"HX3G+5GV, Aramkallu, Thiruvananthapuram, Kerala 695564, India",+91 98473 88769,76.97629340000002,8.5529972,ChIJ7X_IVru5BTsR_0G1yZedGRo,OPERATIONAL,https://www.google.com/maps/place/?q=place_id:ChIJ7X_IVru5BTsR_0G1yZedGRo,restaurants.csv
Sopanam Food Court,"Sopanam food court, TC 16, 2528-7, Medical College, PO, opposite Kerala State Bank, Murinjapalam, Thiruvananthapuram, Kerala 695011, India",+91 95391 25770,76.9295779,8.5217721,ChIJQyIhDYG7BTsRT1c_PQPpHKo,OPERATIONAL,https://www.google.com/maps/place/?q=place_id:ChIJQyIhDYG7BTsRT1c_PQPpHKo,restaurants.csv
Soul Bite Homemade Food and Tiffin Service,"Kachani Highschool JN, Po, Nettayam, Thiruvananthapuram, Kerala 695013, India",+91 89214 41750,76.9928851,8.551295699999999,ChIJDa4l8y-5BTsRC5l74KLjJwQ,CLOSED_TEMPORARILY,https://www.google.com/maps/place/?q=place_id:ChIJDa4l8y-5BTsRC5l74KLjJwQ,restaurants.csv
Southern Express Restaurant,"T.C. 34, Uday Suites Garden Hotel, 757/3, Watts Ln, Shangumukham, Kannanthura, Thiruvananthapuram, Kerala 695007, India",,76.9115187,8.483644199999999,ChIJLbVtwTy9BTsRf5zCSQlM3Ow,OPERATIONAL,https://www.google.com/maps/place/?q=place_id:ChIJLbVtwTy9BTsRf5zCSQlM3Ow,restaurants.csv
Spice Root Restaurant,"kovalam, junction, opposite Federal Bank ATM, Vizhinjam, Thiruvananthapuram, Kerala 695527, India",,76.9821032,8.3991115,ChIJjQcU05qlBTsR-rmlF0HyBLs,OPERATIONAL,https://www.google.com/maps/place/?q=place_id:ChIJjQcU05qlBTsR-rmlF0HyBLs,restaurants.csv
Spicebridge Multi Cuisine Restaurant,"Service Rd, Near Infosys, Kulathoor, Thiruvananthapuram, Kerala 695583, India",+91 97441 01063,76.88781879999999,8.526951,ChIJS142lcG_BTsR2KQMEgCQh2M,OPERATIONAL,https://www.google.com/maps/place/?q=place_id:ChIJS142lcG_BTsR2KQMEgCQh2M,restaurants.csv
SPR Family Restaurant,"NH, Main Rd, Pazhayakadalane, Balaramapuram, Kerala 695501, India",+91 471 240 2739,77.046232,8.424809,ChIJod-EksivBTsRaMupYph-6Es,OPERATIONAL,https://www.google.com/maps/place/?q=place_id:ChIJod-EksivBTsRaMupYph-6Es,restaurants.csv
SREE ANNAPOORNA FAMILY RESTAURANT VEG OR NON VEG,"SH 1, Vattappara, Chittazha, Kerala 695028, India",+91 85899 92937,76.947177,8.581375,ChIJ9ykR8QK5BTsRcJylk9AgcRU,OPERATIONAL,https://www.google.com/maps/place/?q=place_id:ChIJ9ykR8QK5BTsRcJylk9AgcRU,restaurants.csv
Sree Annapoorna Hotel,"NH 47, Panvel - Kochi - Kanyakumari Hwy, Mudavoorpara, Vedivachankoil, Balaramapuram, Kerala 695501, India",,77.0352807,8.4290903,ChIJT9mKNG-vBTsRRrgY65tDhYE,OPERATIONAL,https://www.google.com/maps/place/?q=place_id:ChIJT9mKNG-vBTsRRrgY65tDhYE,restaurants.csv
SREE BHADRA FAMILY RESTAURANT,"Malayinkeezh, Kerala 695571, India",,77.0457467,8.4807012,ChIJNwzATVewBTsRa9svnfn_Rp4,OPERATIONAL,https://www.google.com/maps/place/?q=place_id:ChIJNwzATVewBTsRa9svnfn_Rp4,restaurants.csv
Sree Guruvayoorappan Hotel,"Gandhari Amman Kovil Rd, Santhi Nagar, Pulimoodu, Thiruvananthapuram, Kerala 695001, India",+91 80 6548 8608,76.9495252,8.4934172,ChIJZydnK7u7BTsRIIETooM7e20,OPERATIONAL,https://www.google.com/maps/place/?q=place_id:ChIJZydnK7u7BTsRIIETooM7e20,restaurants.csv
Sree Krishna Bakery,"Krishna Bakery, Temple Ln Rd, Ambalamukku, Thiruvananthapuram, Kerala 695005, India",+91 94467 04141,76.9618795,8.5317023,ChIJYztE0Xi5BTsRSHoaAYqtt2g,OPERATIONAL,https://www.google.com/maps/place/?q=place_id:ChIJYztE0Xi5BTsRSHoaAYqtt2g,restaurants.csv
Sree Padmavilasam Family Restaurant Edapzhanji,"Kochar Rd, Althara Nagar, Edapazhanji, Thiruvananthapuram, Kerala 695010, India",+91 99950 56172,76.96992379999999,8.506781799999999,ChIJL_op9NK7BTsRGZYRtSRoGSE,OPERATIONAL,https://www.google.com/maps/place/?q=place_id:ChIJL_op9NK7BTsRGZYRtSRoGSE,restaurants.csv
Sreejith Bakery & restaurant,"p, near high max light, uchakkada, junction, Thiruvananthapuram, Venganoor, Kerala 695501, India",,77.0237298,8.3950179,ChIJZTGDLaOvBTsRxqMr99AZKPQ,CLOSED_TEMPORARILY,https://www.google.com/maps/place/?q=place_id:ChIJZTGDLaOvBTsRxqMr99AZKPQ,restaurants.csv
SREEKANTESWARA HOTEL,"SREEKANTESWARA BUILDING, Thiruvananthapuram, Pallichal, Kerala 695020, India",+91 99952 48090,77.01996079999999,8.4566977,ChIJk_Dk_pSxBTsRG8NkEonNVyY,OPERATIONAL,https://www.google.com/maps/place/?q=place_id:ChIJk_Dk_pSxBTsRG8NkEonNVyY,restaurants.csv
Sreekanteswara Restaurant,"F272+VJ3, Studio Rd Nemom, Nemom, Kerala 695019, India",,77.0016181,8.4648598,ChIJP6YPSwC7BTsRxW_zxYNwSHg,OPERATIONAL,https://www.google.com/maps/place/?q=place_id:ChIJP6YPSwC7BTsRxW_zxYNwSHg,restaurants.csv
Sreekanteswara restaurant,"near svm central school, Thiruvananthapuram, Nemom, Kerala 695019, India",,77.0141275,8.4577885,ChIJkeBaCU-7BTsRR14aimzZLBc,OPERATIONAL,https://www.google.com/maps/place/?q=place_id:ChIJkeBaCU-7BTsRR14aimzZLBc,restaurants.csv
Sreenivas Cafe,"FXJ9+56H, Pulimoodu Ln, Karamana, Thiruvananthapuram, Kerala 695002, India",+91 94953 03507,76.968122,8.4804301,ChIJ4QOJHf-6BTsRWnMKp6BOfWE,OPERATIONAL,https://www.google.com/maps/place/?q=place_id:ChIJ4QOJHf-6BTsRWnMKp6BOfWE,restaurants.csv
Sri Ananthapuri Vegetarian Restaurant,"GWHQ+QFG, National Highway 47, NSP Nagar, Kesavadasapuram, Thiruvananthapuram, Kerala 695004, India",+91 94461 09083,76.93868859999999,8.5294332,ChIJAycZYV65BTsRbOruva6o2e8,OPERATIONAL,https://www.google.com/maps/place/?q=place_id:ChIJAycZYV65BTsRbOruva6o2e8,restaurants.csv
Sri Arulakam Restaurant,"Railway Station Rd, Overbridge, Santhi Nagar, Thampanoor, Thiruvananthapuram, Kerala 695001, India",+91 86063 68284,76.9483395,8.4882391,ChIJFe6Xm0y7BTsRq-FfJSg3ceA,OPERATIONAL,https://www.google.com/maps/place/?q=place_id:ChIJFe6Xm0y7BTsRq-FfJSg3ceA,restaurants.csv
Sri Krishna Sweets Private Limited,"Tc 9, 2553/10, Vellayambalam - Sasthamangalam Rd, Althara Nagar, Vellayambalam, Thiruvananthapuram, Kerala 695010, India",+91 99429 24444,76.9667561,8.5114938,ChIJBftNFFS7BTsRWT_2_OJW7VU,OPERATIONAL,https://www.google.com/maps/place/?q=place_id:ChIJBftNFFS7BTsRWT_2_OJW7VU,hotels.csv (food business)
SRI SHANMUGHA TIFFIN CENTRE,"Sri Aryaas Vazhayila, Peroorkada Rd, opposite Mahindra Showroom, Aiswarya Gardens, MG Nagar, Peroorkada, Thiruvananthapuram, Kerala 695005, India",+91 62821 50995,76.972478,8.5445703,ChIJjUxp43m5BTsRduzEirI1HvE,OPERATIONAL,https://www.google.com/maps/place/?q=place_id:ChIJjUxp43m5BTsRduzEirI1HvE,restaurants.csv
Sri Udupi Hotel And Lodge,"West St, West Fort, East Fort, Pazhavangadi, Thiruvananthapuram, Kerala 695023, India",+91 94460 11044,76.94194449999999,8.4833053,ChIJg_H-GaC7BTsR3YGMQoFnM0k,OPERATIONAL,https://www.google.com/maps/place/?q=place_id:ChIJg_H-GaC7BTsR3YGMQoFnM0k,restaurants.csv
STAR CHEF Bake & Make Restaurant,"Chempakassery Nagar, Kesavadasapuram, Thiruvananthapuram, Kerala 695004, India",,76.93936,8.531446599999999,ChIJNV7KFSG5BTsRGSjcll2CcFM,OPERATIONAL,https://www.google.com/maps/place/?q=place_id:ChIJNV7KFSG5BTsRGSjcll2CcFM,restaurants.csv
Star Fastfood & Bakery,"Star Fast Food, Melemukku, Pothencode, Kerala 695584, India",+91 97460 71843,76.90073900000002,8.6196891,ChIJrSsEWaPABTsRjUeUFND0tEs,OPERATIONAL,https://www.google.com/maps/place/?q=place_id:ChIJrSsEWaPABTsRjUeUFND0tEs,restaurants.csv
STAR FOOD,"STAR FOOD PAZHAKUTTY, Kurakode, Nedumangad, Kerala 695561, India",+91 62386 63073,76.99795619999999,8.611514699999999,ChIJVQc63iO5BTsRiCguCho-8Jo,OPERATIONAL,https://www.google.com/maps/place/?q=place_id:ChIJVQc63iO5BTsRiCguCho-8Jo,restaurants.csv
Star hotel,"JX7W+3X2, Pazhakutty, Nedumangad, Kerala 695561, India",+91 96937 81509,76.9973904,8.6126363,ChIJ_wI-fYm5BTsROaMNWgTpOIQ,CLOSED_TEMPORARILY,https://www.google.com/maps/place/?q=place_id:ChIJ_wI-fYm5BTsROaMNWgTpOIQ,restaurants.csv
Steamed - Healthy Food Cuisine,"1st floor, opposite winsdor rajadhani, near tea value, Toll Junction, Steamed, Ambalamukku, Thiruvananthapuram, Kerala 695003, India",+91 77368 10420,76.9601122,8.527610899999999,ChIJPQuLFTy5BTsRxZnRVKYJnJM,OPERATIONAL,https://www.google.com/maps/place/?q=place_id:ChIJPQuLFTy5BTsRxZnRVKYJnJM,restaurants.csv
Steampot Restaurant,"TC 82/1133, Raj Tower, Pattoor - Vanchiyoor Rd, Vanchiyoor, Thiruvananthapuram, Kerala 695035, India",+91 91421 34992,76.9389482,8.4959034,ChIJT2PMOea7BTsRH_QWFlKd40w,OPERATIONAL,https://www.google.com/maps/place/?q=place_id:ChIJT2PMOea7BTsRH_QWFlKd40w,restaurants.csv
SUDHAAS - Pure Food,"Vanchiyoor, Thiruvananthapuram, Kerala 695035, India",+91 83040 49994,76.9400645,8.4927251,ChIJR3ODe727BTsRki_tGUaK4UQ,OPERATIONAL,https://www.google.com/maps/place/?q=place_id:ChIJR3ODe727BTsRki_tGUaK4UQ,restaurants.csv
Sudharshana Hotel,"Maruthamkuzhi Valiyavila Rd, GX5P+RMM, PTP Nagar Rd, Arappuramukku, Thiruvananthapuram, Kerala 695006, India",+91 471 236 3005,76.9866856,8.5095869,ChIJnX_uGT66BTsRCY2GCzMqS-4,OPERATIONAL,https://www.google.com/maps/place/?q=place_id:ChIJnX_uGT66BTsRCY2GCzMqS-4,restaurants.csv
Suja's Kitchen,"Door/Sub Number: Suja's Kitchen,2638/22, Silverpark Lane, Kalharam, Neerazhi, Silver Park Rd, Arasumoodu, Kulathoor, Thiruvananthapuram, Kerala 695583, India",+91 85900 40577,76.8885006,8.538551499999999,ChIJv6mdTAC_BTsRKHS25AMIxFM,OPERATIONAL,https://www.google.com/maps/place/?q=place_id:ChIJv6mdTAC_BTsRKHS25AMIxFM,restaurants.csv
Superior Kitchen,"ERA 89A, Sreekanth Nagar, Erapukuzhy, ERA 90, near to Erappukuzhi Fishing Pond Lane, Kudappanakunnu, Peroorkada, Thiruvananthapuram, Kerala 695043, India",,76.96035359999999,8.560646,ChIJTWQ85VW5BTsRLhvROk-4e4M,OPERATIONAL,https://www.google.com/maps/place/?q=place_id:ChIJTWQ85VW5BTsRLhvROk-4e4M,restaurants.csv
Surya Family Restaurant,"HW6V+865, Mannanthala Junction, Mannanthala, Thiruvananthapuram, Kerala 695015, India",+91 94461 01742,76.9431019,8.5607512,ChIJyylo8Ri5BTsR_SP-rJSDjCE,OPERATIONAL,https://www.google.com/maps/place/?q=place_id:ChIJyylo8Ri5BTsR_SP-rJSDjCE,restaurants.csv
Surya Fast Food killippalam,"Killipalam, Valiyasalai, Thiruvananthapuram, Kerala 695036, India",+91 471 246 6044,76.9571038,8.4817912,ChIJWewQQAe7BTsRd9gig_Z4NpI,OPERATIONAL,https://www.google.com/maps/place/?q=place_id:ChIJWewQQAe7BTsRd9gig_Z4NpI,restaurants.csv
Swaad Restaurant,"Rajadhani Building East, Fort, East Fort, Pazhavangadi, M G Road, Thiruvananthapuram, Kerala 695023, India",+91 471 246 2188,76.94640919999999,8.4816077,ChIJA_XDYLm7BTsRWokJq-ubV84,OPERATIONAL,https://www.google.com/maps/place/?q=place_id:ChIJA_XDYLm7BTsRWokJq-ubV84,restaurants.csv
Swami's Vegetarian Restaurant,"Pallinada, Kazhakkoottam, Thiruvananthapuram, Kerala 695582, India",+91 88831 88666,76.8752164,8.5571283,ChIJUUG-Ygq_BTsRv4oU8hYOvLY,OPERATIONAL,https://www.google.com/maps/place/?q=place_id:ChIJUUG-Ygq_BTsRv4oU8hYOvLY,restaurants.csv
Swastha - Vegetarian Restaurant,"Samudra Beach, GV Raja Rd, Kovalam, Thiruvananthapuram, Kerala 695527, India",,76.9722845,8.4014895,ChIJ65CV7NOlBTsRX8tV1QPTUNA,OPERATIONAL,https://www.google.com/maps/place/?q=place_id:ChIJ65CV7NOlBTsRX8tV1QPTUNA,restaurants.csv
SWATH HOTEL,"SWATH BUILDING, Amarivila, Venganoor, Kerala 695523, India",+91 95675 27270,77.00469810000001,8.4145953,ChIJ7ZDa1dClBTsRvl-Jwj_0Z-E,OPERATIONAL,https://www.google.com/maps/place/?q=place_id:ChIJ7ZDa1dClBTsRvl-Jwj_0Z-E,restaurants.csv
Take Off Restaurant,"O by Tamara, Oruvathilkotta, Aakkulam, Thiruvananthapuram, Kerala 695029, India",+91 80 6555 1111,76.90182329999999,8.5126901,ChIJHV7VFB69BTsRBCItWAm64QM,OPERATIONAL,https://www.google.com/maps/place/?q=place_id:ChIJHV7VFB69BTsRBCItWAm64QM,restaurants.csv
Tasty Corner Restaurant,"JX2M+VFW, Junction, Vallikode, Nedumangad, Kerala 695541, India",,76.983648,8.6021915,ChIJgefLKgC5BTsRxbqImwsu28I,OPERATIONAL,https://www.google.com/maps/place/?q=place_id:ChIJgefLKgC5BTsRxbqImwsu28I,restaurants.csv
Tasty Fast Food,"G2F5+V89, Vattiyoorkavu - Kulasekharam Rd, Kulasekharam, Thiruvananthapuram, Kerala 695013, India",,77.0083683,8.5246505,ChIJnQ1URgC7BTsRftpEIWVOPuw,OPERATIONAL,https://www.google.com/maps/place/?q=place_id:ChIJnQ1URgC7BTsRftpEIWVOPuw,restaurants.csv
TASTY FOOD,"Pottayil - Malayam Rd, Pottayil, Kerala 695573, India",+91 80861 73794,77.0191808,8.493066299999999,ChIJLT-LEoqxBTsRP7uEvTxpPw4,OPERATIONAL,https://www.google.com/maps/place/?q=place_id:ChIJLT-LEoqxBTsRP7uEvTxpPw4,restaurants.csv
Tasty Restaurant,"NH Bypass Service Rd, Eanchakkal, Thiruvananthapuram, Kerala 695024, India",+91 96339 65777,76.92793859999999,8.4861513,ChIJ00eJav67BTsRrEEyPrwjiqE,CLOSED_TEMPORARILY,https://www.google.com/maps/place/?q=place_id:ChIJ00eJav67BTsRrEEyPrwjiqE,restaurants.csv
Tasty world AC restaurant,"Muttada, CP Nagar, Thiruvananthapuram, Kerala 695025, India",,76.9500553,8.5344271,ChIJNYmy2e65BTsRSzS6NCet-cs,OPERATIONAL,https://www.google.com/maps/place/?q=place_id:ChIJNYmy2e65BTsRSzS6NCet-cs,restaurants.csv
THAFI RESTO CAFE,"road charumood, Aryanad, Kerala 695541, India",+91 85929 49251,77.036698,8.5959621,ChIJSbI0uJXJBTsRimOcLKDJSUU,OPERATIONAL,https://www.google.com/maps/place/?q=place_id:ChIJSbI0uJXJBTsRimOcLKDJSUU,restaurants.csv
Thalassery Biryani Centre,"Kurisadi Road, GWW4+M2F, Sreekariyam - Kazhakuttam Rd, Ambady Nagar, Manvila, Thiruvananthapuram, Kerala 695016, India",+91 98959 68330,76.90505490000001,8.546681200000002,ChIJ08z5lMe-BTsRYREGmom3hYo,OPERATIONAL,https://www.google.com/maps/place/?q=place_id:ChIJ08z5lMe-BTsRYREGmom3hYo,restaurants.csv
Thampi's Hotel,"FXJ8+C3F, Karamana Junction, Killipalam, Karamana, Thiruvananthapuram, Kerala 695002, India",,76.9651779,8.481072,ChIJ878-PrO7BTsRwq_3gruiuLo,OPERATIONAL,https://www.google.com/maps/place/?q=place_id:ChIJ878-PrO7BTsRwq_3gruiuLo,restaurants.csv
THANAL NADAN MEALS,"Thiruvallam, Thiruvananthapuram, Kerala 695027, India",+91 99954 66750,76.95826939999999,8.4407547,ChIJT9KuPsy7BTsRaqOHF05pd0o,OPERATIONAL,https://www.google.com/maps/place/?q=place_id:ChIJT9KuPsy7BTsRaqOHF05pd0o,restaurants.csv
Thanal Sea Food Restaurant,"FXW6+8XQ, Vazhuthacaud - Poojappura Rd, DPI, Thycaud, Thiruvananthapuram, Kerala 695014, India",+91 79949 24846,76.9624889,8.495830699999999,ChIJj_Pk5bK7BTsR-OpM9gX0BMY,OPERATIONAL,https://www.google.com/maps/place/?q=place_id:ChIJj_Pk5bK7BTsR-OpM9gX0BMY,restaurants.csv
Thani Trivandrum Kitchen,"FWPP+59F Chembakassery, Krishnakovil Road, Perunthanni, Palkulangara, Thiruvananthapuram, Kerala 695008, India",+91 90749 12918,76.9363655,8.485189499999999,ChIJLSW7GgC7BTsRC3wNkAdEvnU,CLOSED_TEMPORARILY,https://www.google.com/maps/place/?q=place_id:ChIJLSW7GgC7BTsRC3wNkAdEvnU,restaurants.csv
Thanima Restaurant,"C2C5+M2X, Kakkakuzhi, Vellayani, Thiruvananthapuram, Kerala 695042, India",,77.0076052,8.421726699999999,ChIJy-LmVwClBTsRDtclH7WNlaY,CLOSED_TEMPORARILY,https://www.google.com/maps/place/?q=place_id:ChIJy-LmVwClBTsRDtclH7WNlaY,restaurants.csv
Thanjavur Kitchen,"Technovalley, Kulathoor, Thiruvananthapuram, Kerala 695583, India",+91 99959 96682,76.8813138,8.535390399999999,ChIJR-rx9Aa_BTsR02HP96sAYnw,OPERATIONAL,https://www.google.com/maps/place/?q=place_id:ChIJR-rx9Aa_BTsR02HP96sAYnw,restaurants.csv
Thaqwa Restaurant,"Airport Rd, near Inspire Architectural Solutions, Eanchakkal, Thiruvananthapuram, Kerala 695008, India",+91 81569 15691,76.93388560000001,8.480497,ChIJ7eyCM1a7BTsRTdW0Rnv1ZAQ,OPERATIONAL,https://www.google.com/maps/place/?q=place_id:ChIJ7eyCM1a7BTsRTdW0Rnv1ZAQ,restaurants.csv
Tharavattil Thanima Restaurant,"Tharavattil Thanima Restaurant, 89B, Thirumala Junction, Kesari Nagar, Poojapura, Thiruvananthapuram, Kerala 695012, India",+91 97452 05592,76.97463479999999,8.4932169,ChIJx1nu7FG7BTsRZVw0w6HLUbI,OPERATIONAL,https://www.google.com/maps/place/?q=place_id:ChIJx1nu7FG7BTsRZVw0w6HLUbI,restaurants.csv
The Byke Heritage - Puja Samudra | (Pan India Pure Veg Hotel Chain),"Samudra Beach, VP 1, GV Raja Rd, Kovalam, Thiruvananthapuram, Kerala 695527, India",+91 75061 11745,76.97274259999999,8.4016248,ChIJT1U00ZKlBTsRJW6O8kCthN4,OPERATIONAL,https://www.google.com/maps/place/?q=place_id:ChIJT1U00ZKlBTsRJW6O8kCthN4,restaurants.csv
THE G&S KITCHEN,"Vattiyoorkkav-Arappura Rd, Vattiyoorkavu, Thiruvananthapuram, Kerala 695013, India",+91 89218 99891,76.9883814,8.523364599999999,ChIJ-4l-vJS7BTsRNdpuTgrca0U,OPERATIONAL,https://www.google.com/maps/place/?q=place_id:ChIJ-4l-vJS7BTsRNdpuTgrca0U,restaurants.csv
The Heartland Hotel,"The Heartland Hotel, Aristo Rd, near Aristo Junction, Aristo, Thampanoor, Thiruvananthapuram, Kerala 695014, India",+91 75939 39343,76.9547625,8.4889613,ChIJUyLCF8e7BTsRd7ikD8W8_SA,OPERATIONAL,https://www.google.com/maps/place/?q=place_id:ChIJUyLCF8e7BTsRd7ikD8W8_SA,restaurants.csv
The Manchatti Restaurant,"Puravoorkonam, Vazhayila, Padmanabha Nagar, Vazhayila, Thiruvananthapuram, Kerala 695564, India",+91 96405 09656,76.97450839999999,8.5511787,ChIJAXGY1yK5BTsRtCdWx914nMo,OPERATIONAL,https://www.google.com/maps/place/?q=place_id:ChIJAXGY1yK5BTsRtCdWx914nMo,restaurants.csv
THE MARROWS RESTAURANT,"vattiyorkavvu bus stop, Mannarakonam - Thoppumukku Rd, near Kerala, Thiruvananthapuram, Kerala 695013, India",+91 95674 19547,76.9903874,8.5269127,ChIJo_tQkpO5BTsR6va6_xoiQYA,OPERATIONAL,https://www.google.com/maps/place/?q=place_id:ChIJo_tQkpO5BTsR6va6_xoiQYA,restaurants.csv
The Monarch Hotel & Convention Centre,"Sreekariyam - Pothencode Rd, Pothencode P.O., Thiruvananthapuram, Pothencode, Kerala 695584, India",+91 75580 57000,76.8977982,8.6161399,ChIJ-ROzPTfBBTsRRm8FhvG3Br4,OPERATIONAL,https://www.google.com/maps/place/?q=place_id:ChIJ-ROzPTfBBTsRRm8FhvG3Br4,restaurants.csv
THE OLD SOUL RESTAURANT,"mudavoorpara, Mudavoorpara, Balaramapuram, Kerala 695501, India",+91 89211 67571,77.03530669999999,8.429018899999999,ChIJy7IlwSyvBTsR_E6hJvDZeOQ,OPERATIONAL,https://www.google.com/maps/place/?q=place_id:ChIJy7IlwSyvBTsR_E6hJvDZeOQ,restaurants.csv
The Olive Restaurant,"O-1, Jawahar Nagar Rd, Bhagavathy Nagar, Kowdiar, Thiruvananthapuram, Kerala 695003, India",+91 90205 45454,76.9650303,8.5176394,ChIJWTuAHGO7BTsR1RGZvDn1q5E,OPERATIONAL,https://www.google.com/maps/place/?q=place_id:ChIJWTuAHGO7BTsR1RGZvDn1q5E,restaurants.csv
The Royal Biryani Factory,"Cotton Hill Rd, near Canara Bank, Edapazhanji, Thiruvananthapuram, Kerala 695010, India",+91 94436 93664,76.9664816,8.5036808,ChIJDWW6pvi7BTsRHQZmg6HiqIs,OPERATIONAL,https://www.google.com/maps/place/?q=place_id:ChIJDWW6pvi7BTsRHQZmg6HiqIs,restaurants.csv
THE SILVER CAFE,"Vijay bhavan vadakkumkara veedu, chathalampattukonam vedivachancovil, P.O, Balaramapuram, Pallichal, Kerala 695501, India",+91 95670 56612,77.0392462,8.4350154,ChIJmUjAvMevBTsRfZOjJaSCPgQ,OPERATIONAL,https://www.google.com/maps/place/?q=place_id:ChIJmUjAvMevBTsRfZOjJaSCPgQ,restaurants.csv
The Terrace Business Hotel,"SS Kovil Rd, Aristo, Thampanoor, Thiruvananthapuram, Kerala 695001, India",+91 471 232 4122,76.95189719999999,8.491115599999999,ChIJDUtuOdS7BTsRcLdnQTlArr4,OPERATIONAL,https://www.google.com/maps/place/?q=place_id:ChIJDUtuOdS7BTsRcLdnQTlArr4,restaurants.csv
The Travancore Kitchen,"Samithy Nagar, Ambalamukku, Thiruvananthapuram, Kerala 695005, India",,76.9614173,8.5339713,ChIJvSbnp1G5BTsRxdYtP9dKEBQ,CLOSED_TEMPORARILY,https://www.google.com/maps/place/?q=place_id:ChIJvSbnp1G5BTsRxdYtP9dKEBQ,restaurants.csv
Theeram Hotel,"FWG7+JMP, Valiathope, Thiruvananthapuram, Kerala 695008, India",,76.9142179,8.4765788,ChIJfaJ6ZoG8BTsRQ9hrq_HMKfw,OPERATIONAL,https://www.google.com/maps/place/?q=place_id:ChIJfaJ6ZoG8BTsRQ9hrq_HMKfw,restaurants.csv
Thekkadam hotel,"Thekkadam Hotel, Karakulam, Thiruvananthapuram, Kerala 695564, India",,76.9902244,8.5671781,ChIJMR-c6Ey5BTsRgNKy1goJ2HQ,OPERATIONAL,https://www.google.com/maps/place/?q=place_id:ChIJMR-c6Ey5BTsRgNKy1goJ2HQ,restaurants.csv
Thenguvilayil Hotel,"Estate Rd, Vishnu Nagar, Pappanamcode, Thiruvananthapuram, Kerala 695018, India",+91 94465 53943,76.9838888,8.4695356,ChIJXamtW-y6BTsRfbsKDrr8rL8,OPERATIONAL,https://www.google.com/maps/place/?q=place_id:ChIJXamtW-y6BTsRfbsKDrr8rL8,restaurants.csv
TheSK mandi home,"Konganam, Nedumangad, Kerala 695543, India",,77.0269862,8.5978968,ChIJ9-8012y3BTsRLmzcu-3rsvc,OPERATIONAL,https://www.google.com/maps/place/?q=place_id:ChIJ9-8012y3BTsRLmzcu-3rsvc,restaurants.csv
Thira Seafood Café,"149B-Aircargo, Shangumukham, Valiathope, Thiruvananthapuram, Kerala 695008, India",+91 88487 27079,76.91378320000001,8.4771406,ChIJo5lhagC9BTsRgHVmeW7y5FA,OPERATIONAL,https://www.google.com/maps/place/?q=place_id:ChIJo5lhagC9BTsRgHVmeW7y5FA,restaurants.csv
Thiruvathira Homely Food,"FXQX+38J, Thiruvananthapuram, Kerala 695032, India",,76.99827239999999,8.4876694,ChIJ2T16aQC7BTsRDMBB0dpKJh8,OPERATIONAL,https://www.google.com/maps/place/?q=place_id:ChIJ2T16aQC7BTsRDMBB0dpKJh8,restaurants.csv
Thoosanila Mini Cafe (തൂശനില മിനി കഫേ),"HX2V+53W, Kachani, Thiruvananthapuram, Kerala 695013, India",,76.9926931,8.5504566,ChIJty8Y81m5BTsRle_GsQmTux4,CLOSED_TEMPORARILY,https://www.google.com/maps/place/?q=place_id:ChIJty8Y81m5BTsRle_GsQmTux4,restaurants.csv
Three Star Hotel,"C2CP+5VR, Ithiyoor, Balaramapuram, Kerala 695501, India",,77.0371346,8.4204838,ChIJqQr8jX-vBTsR824C8E0b93c,CLOSED_TEMPORARILY,https://www.google.com/maps/place/?q=place_id:ChIJqQr8jX-vBTsR824C8E0b93c,restaurants.csv
Timely Food,"YMA ROAD, Chacka, Thiruvananthapuram, Kerala 695024, India",,76.9187748,8.4939391,ChIJEybZhy67BTsR_agSLUmdLTQ,CLOSED_TEMPORARILY,https://www.google.com/maps/place/?q=place_id:ChIJEybZhy67BTsR_agSLUmdLTQ,restaurants.csv
Tomato's Bakes and Grills,"106, Nallumuku, Nalumukku, Pettah, Thiruvananthapuram, Kerala 695024, India",+91 94008 88765,76.9336241,8.497035499999999,ChIJb-JT8Qa7BTsR-L4bWeyn3vk,OPERATIONAL,https://www.google.com/maps/place/?q=place_id:ChIJb-JT8Qa7BTsR-L4bWeyn3vk,restaurants.csv
Top Kitchen & Bakes,"J233+9Q8, Kulavikonam, Pazhavadi, Nedumangad, Kerala 695541, India",+91 77868 00300,77.0043657,8.6035886,ChIJRadla925BTsRTPupVk4O-Kw,OPERATIONAL,https://www.google.com/maps/place/?q=place_id:ChIJRadla925BTsRTPupVk4O-Kw,restaurants.csv
Traditional Kitchen Restaurant,"Karakulam, Thiruvananthapuram, Kerala 695564, India",+91 62823 29822,76.9828759,8.5619567,ChIJxb3ItYi5BTsRc2vBXIUqypc,OPERATIONAL,https://www.google.com/maps/place/?q=place_id:ChIJxb3ItYi5BTsRc2vBXIUqypc,restaurants.csv
Travancore Cafe,"Travancore Cafe, Anand Nagar Rd, opp. M G College Road, Chempakassery Nagar, Kesavadasapuram, Thiruvananthapuram, Kerala 695004, India",+91 98473 96600,76.9399786,8.5321377,ChIJlxi4lV25BTsR20j9YKkbjbs,OPERATIONAL,https://www.google.com/maps/place/?q=place_id:ChIJlxi4lV25BTsR20j9YKkbjbs,restaurants.csv
Travancore cafe,"Marutham Royalwings, Palayam Airport Rd, Chacka, Thiruvananthapuram, Kerala 695024, India",,76.91938929999999,8.4892151,ChIJb1WWSAC7BTsRvhGdPeE-6kA,OPERATIONAL,https://www.google.com/maps/place/?q=place_id:ChIJb1WWSAC7BTsRvhGdPeE-6kA,restaurants.csv
TRIPTHI FOOD COURT (CHAPPATHI CENTRE),"Poojappura Main Rd, Cherukara Gardens, Poojapura, Thiruvananthapuram, Kerala 695012, India",+91 99474 13861,76.98250589999999,8.497675599999999,ChIJ__NU98q7BTsRh8v17-U-H7Q,OPERATIONAL,https://www.google.com/maps/place/?q=place_id:ChIJ__NU98q7BTsRh8v17-U-H7Q,restaurants.csv
Tripthi Tiffins Trivandrum | Homely Food |,"PUNARTHAMLANE, Maruthankuzhi Bridge, Maruthumkuzhi, Thiruvananthapuram, Kerala 695030, India",+91 96339 45151,76.9785687,8.5112957,ChIJseQ8zxO7BTsRzH08elAJ8cg,CLOSED_TEMPORARILY,https://www.google.com/maps/place/?q=place_id:ChIJseQ8zxO7BTsRzH08elAJ8cg,restaurants.csv
Trivandrum Golf Club Restaurant (BFO),"SAI Trivandrum golf club, Golf Links Rd, Bhagavathy Nagar, Kowdiar, Thiruvananthapuram, Kerala 695003, India",,76.9664289,8.522431599999999,ChIJnW_qm-67BTsRUbNDe-o_8X0,OPERATIONAL,https://www.google.com/maps/place/?q=place_id:ChIJnW_qm-67BTsRUbNDe-o_8X0,restaurants.csv
Trivanz Food Court – Seafood Restaurant in Trivandrum,"World Market Rd, near LULU MALL, opposite O by Tamara, Anayara, Thiruvananthapuram, Kerala 695029, India",+91 96331 16613,76.90218159999999,8.510116199999999,ChIJv6lYlWK9BTsRbZMfeqd0Qe4,OPERATIONAL,https://www.google.com/maps/place/?q=place_id:ChIJv6lYlWK9BTsRbZMfeqd0Qe4,restaurants.csv
TriviansKitchen restaurant Since 2026,"Thripadappuram Rd, Kulathoor, Thiruvananthapuram, Kerala 695583, India",+91 88488 38954,76.8846657,8.547670799999999,ChIJX96oVfS_BTsRpjeJMYkJS3s,OPERATIONAL,https://www.google.com/maps/place/?q=place_id:ChIJX96oVfS_BTsRpjeJMYkJS3s,restaurants.csv
TRUCKMAN FOOD STATION,"JX5X+V86, Pazhakutty, Nedumangad, Kerala 695561, India",+91 85929 39671,76.99819459999999,8.609549699999999,ChIJTasKgx65BTsREXi_o4BipDg,CLOSED_TEMPORARILY,https://www.google.com/maps/place/?q=place_id:ChIJTasKgx65BTsREXi_o4BipDg,restaurants.csv
Turf Cafe,"Ground Floor Haans Apartments NH-66, New Entrance, near, Technopark Phase III Main Rd, Gate, Kulathoor, Thiruvananthapuram, Kerala 695583, India",+91 99950 77280,76.8773598,8.548083,ChIJDVgfd_S-BTsRDrX9PGGPDgA,OPERATIONAL,https://www.google.com/maps/place/?q=place_id:ChIJDVgfd_S-BTsRDrX9PGGPDgA,restaurants.csv
UDAY SUITES - THE GARDEN HOTEL,"T.C. 34, 757/3, Watts Ln, Shangumukham, Kannanthura, Thiruvananthapuram, Kerala 695007, India",+91 85905 04355,76.911295,8.4836186,ChIJg-yPMHy8BTsRQMiNz0ebWwY,OPERATIONAL,https://www.google.com/maps/place/?q=place_id:ChIJg-yPMHy8BTsRQMiNz0ebWwY,restaurants.csv
Umamy Restaurant Thiruvallam,"Thiruvallam Bridge, Thiruvallam, Thiruvananthapuram, Kerala 695027, India",,76.9551328,8.4411163,ChIJFw9334G7BTsR9sIiEl_ZHXY,OPERATIONAL,https://www.google.com/maps/place/?q=place_id:ChIJFw9334G7BTsR9sIiEl_ZHXY,restaurants.csv
Ummachi's Biriyani,"kunnanpara Street 37/3038-1, Road arikathu veedu, kunnanpara, Tittamangalam, Thiruvananthapuram, Kerala 695013, India",,77.0012012,8.514797699999999,ChIJscEEZZq7BTsRL1KLEndveA4,OPERATIONAL,https://www.google.com/maps/place/?q=place_id:ChIJscEEZZq7BTsRL1KLEndveA4,restaurants.csv
Ummees Seafood Restaurant,"GX44+Q9X, Nandavanam, Palayam, Thiruvananthapuram, Kerala 695033, India",,76.95605979999999,8.506962099999999,ChIJx14XEAC7BTsRfL2x06JuWrA,OPERATIONAL,https://www.google.com/maps/place/?q=place_id:ChIJx14XEAC7BTsRfL2x06JuWrA,restaurants.csv
Unni's kitchen,"Oolanpara Junction, Bus Stop, Sasthamangalam - Peroorkada Rd, Oolampara Junction, Devi Nagar, Oolampara, Thiruvananthapuram, Kerala 695005, India",+91 79078 78887,76.9670703,8.5303433,ChIJ6w9kiY65BTsRZuJ7xTtuzC0,OPERATIONAL,https://www.google.com/maps/place/?q=place_id:ChIJ6w9kiY65BTsRZuJ7xTtuzC0,restaurants.csv
Unnis Food Corner & Tea Shop,"JW8Q+4VJ, Vettinad, Kerala 695028, India",,76.939641,8.6153389,ChIJZS2DqVvHBTsRTgBdwkJVQ3Q,OPERATIONAL,https://www.google.com/maps/place/?q=place_id:ChIJZS2DqVvHBTsRTgBdwkJVQ3Q,restaurants.csv
Urban Kitchen,"Rohini Buildings, TV nagar, Thirumala, Thiruvananthapuram, Kerala 695006, India",,76.99267340000002,8.502776899999999,ChIJoWFUBO27BTsRUus7LMPmMiU,OPERATIONAL,https://www.google.com/maps/place/?q=place_id:ChIJoWFUBO27BTsRUus7LMPmMiU,restaurants.csv
Urban Space Restaurant By Barbecue Space,"Kumarapuram, Anayara P.O, TC 95/241-2, Poonthi Rd, opposite Air Force Kendriya Vidyalaya, Venpalavattom, Thiruvananthapuram, Kerala 695029, India",+91 95390 94555,76.9141996,8.5138023,ChIJD6cZzwS9BTsRaJaMydUSXjw,OPERATIONAL,https://www.google.com/maps/place/?q=place_id:ChIJD6cZzwS9BTsRaJaMydUSXjw,restaurants.csv
USHAS Restaurant,"F247+7VG, Pallichal, Kerala 695020, India",,77.0147063,8.455678599999999,ChIJseOmGAmwBTsR_54nwNbs4Kk,CLOSED_TEMPORARILY,https://www.google.com/maps/place/?q=place_id:ChIJseOmGAmwBTsR_54nwNbs4Kk,restaurants.csv
Ustad Fast Food,"FXH2+QQ, Attakulangara, Thiruvananthapuram, Kerala 695036, India",,76.9519473,8.4794541,ChIJac7UZC67BTsRq0vsR5oia9k,OPERATIONAL,https://www.google.com/maps/place/?q=place_id:ChIJac7UZC67BTsRq0vsR5oia9k,hotels.csv (food business)
Usthad hotel,"FW2Q+5F7, Manickamvilakam, Beemapally, Thiruvananthapuram, Kerala 695008, India",,76.938552,8.4504786,ChIJrfMpNue7BTsRlQusPUuaHm4,OPERATIONAL,https://www.google.com/maps/place/?q=place_id:ChIJrfMpNue7BTsRlQusPUuaHm4,restaurants.csv
Uthram Restaurant,"Andoorkonam, Kerala 695584, India",+91 96053 20393,76.8772621,8.602858399999999,ChIJk42wUHm_BTsR9z2vtpqoQew,OPERATIONAL,https://www.google.com/maps/place/?q=place_id:ChIJk42wUHm_BTsR9z2vtpqoQew,restaurants.csv
V P Restaurant,"HX5H+WG4, Enikkara, Thiruvananthapuram, Kerala 695564, India",,76.9788324,8.559773,ChIJg56NibC5BTsR001uD0zmkCs,CLOSED_TEMPORARILY,https://www.google.com/maps/place/?q=place_id:ChIJg56NibC5BTsR001uD0zmkCs,restaurants.csv
Va Va nte Special Restaurant,"C2X7+2MH, Pallichal, Kerala 695020, India",,77.0143409,8.4474839,ChIJE-HEOACxBTsRn7n_vY9jdpY,OPERATIONAL,https://www.google.com/maps/place/?q=place_id:ChIJE-HEOACxBTsRn7n_vY9jdpY,restaurants.csv
VALLY RESTAURANT POONKULAM VELLAYANI TRIVANDRUM,"CXFG+4J, Poonkulam, Thiruvananthapuram, Kerala 695522, India",+91 97442 61314,76.9762391,8.422596,ChIJ3SlXDwClBTsRr_pj25gTPtA,OPERATIONAL,https://www.google.com/maps/place/?q=place_id:ChIJ3SlXDwClBTsRr_pj25gTPtA,restaurants.csv
VAPPACHI KITCHEN,"Vappachi Kitchen, Surya Rd, Kulavikonam, Pazhavadi, Nedumangad, Kerala 695541, India",+91 85939 31447,77.0040349,8.604042999999999,ChIJUaVk1Ii5BTsRqvOcgSTSiNQ,OPERATIONAL,https://www.google.com/maps/place/?q=place_id:ChIJUaVk1Ii5BTsRqvOcgSTSiNQ,restaurants.csv
Variety bakery,"Hospital Rd, Nedumangad, Kerala 695541, India",+91 79091 75430,77.0007323,8.603385099999999,ChIJ87D5l_G5BTsRclvJr82iGHk,OPERATIONAL,https://www.google.com/maps/place/?q=place_id:ChIJ87D5l_G5BTsRclvJr82iGHk,hotels.csv (food business)
Variety juice,"Hospital Rd, Nedumangad, Kerala 695541, India",+91 79091 75430,77.0007323,8.603385099999999,ChIJUUd7f8-5BTsRSGlleclpmlI,OPERATIONAL,https://www.google.com/maps/place/?q=place_id:ChIJUUd7f8-5BTsRSGlleclpmlI,hotels.csv (food business)
Variety Kitchen,"HV6V+QVH, near Gurumandiram, Pangappara, Thiruvananthapuram, Kerala 695581, India",,76.8952481,8.5616747,ChIJ751rewC_BTsRIFJTths7r8k,OPERATIONAL,https://www.google.com/maps/place/?q=place_id:ChIJ751rewC_BTsRIFJTths7r8k,restaurants.csv
Varnam Seafood Restaurant,"Bakery Jct Rd, Near RBI, Nandavanam, Palayam, Thiruvananthapuram, Kerala 695033, India",+91 471 232 0327,76.9535624,8.502534200000001,ChIJFyftkbe7BTsRrcUqPGdzdqI,OPERATIONAL,https://www.google.com/maps/place/?q=place_id:ChIJFyftkbe7BTsRrcUqPGdzdqI,restaurants.csv
Vasanta Bhavan Restaurant,"HV4G+V3Q, Railway Station Rd, Pallinada, Thiruvananthapuram, Kerala 695582, India",+91 94008 40575,76.8752243,8.557208,ChIJY_A8Mfm_BTsR2M46MRaFQz0,OPERATIONAL,https://www.google.com/maps/place/?q=place_id:ChIJY_A8Mfm_BTsR2M46MRaFQz0,restaurants.csv
Vasanthi's Veg Kitchen,"Manakkattu Madom, TRRA 206B, Nadakkavu Ln, Ambalamukku, Thiruvananthapuram, Kerala 695003, India",,76.9655239,8.528407,ChIJaTo8_9m5BTsRs40uRjKy9OU,OPERATIONAL,https://www.google.com/maps/place/?q=place_id:ChIJaTo8_9m5BTsRs40uRjKy9OU,restaurants.csv
Vava Hotel,"GXM3+WJX, Vayilkunnu, Muttada, Velikkunnu, Thiruvananthapuram, Kerala 695043, India",+91 94955 22099,76.954101,8.5348639,ChIJB6u7wXq5BTsRg7xTH9HMkuk,OPERATIONAL,https://www.google.com/maps/place/?q=place_id:ChIJB6u7wXq5BTsRg7xTH9HMkuk,restaurants.csv
"Vayalil Hotel, Vallakkadavu","FWHM+H3V, Vallakadavu Road, Eanchakkal, Thiruvananthapuram, Kerala 695008, India",,76.9326166,8.4789698,ChIJyfnrzkK7BTsRnCdsMFQg1HE,OPERATIONAL,https://www.google.com/maps/place/?q=place_id:ChIJyfnrzkK7BTsRnCdsMFQg1HE,restaurants.csv
"Vayalil Restaurant, The Finedine, eanchakkal","Thiruvananthapuram Byp, opposite SBI ATM, Eanchakkal, Thiruvananthapuram, Kerala 695008, India",+91 96336 79707,76.9337583,8.4799692,ChIJBTqy0oK7BTsRRcQ5MPRS784,OPERATIONAL,https://www.google.com/maps/place/?q=place_id:ChIJBTqy0oK7BTsRRcQ5MPRS784,restaurants.csv
Vazhathopil Family Restaurant,"VAZHATHOPPIL, Nettayam, Thiruvananthapuram, Kerala 695013, India",+91 62828 23862,76.9905832,8.5354066,ChIJj6y8pa25BTsROwE_utSO2l8,OPERATIONAL,https://www.google.com/maps/place/?q=place_id:ChIJj6y8pa25BTsROwE_utSO2l8,restaurants.csv
Vedhika's Restaurant,"G2QF+C88, Puliyarakonam, Vilappil, Kerala 695573, India",+91 77362 04565,77.0219596,8.538614299999999,ChIJc4qG1Q-3BTsReP8Hjlpfmwo,OPERATIONAL,https://www.google.com/maps/place/?q=place_id:ChIJc4qG1Q-3BTsReP8Hjlpfmwo,restaurants.csv
VEG & NONVEG FAMILY RESTAURANT,"Chanthavila, Kerala 695585, India",,76.87792929999999,8.587603,ChIJWd5BVXO_BTsRNQkWbXLYFJM,OPERATIONAL,https://www.google.com/maps/place/?q=place_id:ChIJWd5BVXO_BTsRNQkWbXLYFJM,restaurants.csv
Vigneshwara Brahmins Restaurant,"FWHV+GJ2, Anaval Street, Puthen Street, Manacaud, Thiruvananthapuram, Kerala 695009, India",,76.944006,8.478766499999999,ChIJhWnuBAu7BTsRaMhSo0bBW5w,OPERATIONAL,https://www.google.com/maps/place/?q=place_id:ChIJhWnuBAu7BTsRaMhSo0bBW5w,restaurants.csv
VIJAY HOTEL,"HX4W+52R, Maruthankuzhi - Kachani Rd, Kachani, Thiruvananthapuram, Kerala 695564, India",,76.9950178,8.5554948,ChIJwQ0gIh-5BTsR6EkdeNC2MvE,OPERATIONAL,https://www.google.com/maps/place/?q=place_id:ChIJwQ0gIh-5BTsR6EkdeNC2MvE,restaurants.csv
VIJAYA HOTEL,"G2P9+V36, Puliyarakonam, Vilappil, Kerala 695573, India",,77.01765329999999,8.5371521,ChIJ3fGvubm3BTsR5Crwjr0eCaI,OPERATIONAL,https://www.google.com/maps/place/?q=place_id:ChIJ3fGvubm3BTsR5Crwjr0eCaI,restaurants.csv
Village Kitchen,"9XWM+6R9, Kovalam Rd, Vizhinjam, Kovalam, Venganoor, Kerala 695527, India",,76.9846244,8.3955348,ChIJQ-1sjgWlBTsR0t_lietT8vA,OPERATIONAL,https://www.google.com/maps/place/?q=place_id:ChIJQ-1sjgWlBTsR0t_lietT8vA,restaurants.csv
Vindhya's Homely food,"Vijay bhavan vadakkumkara veedu, chathalampattukonam vedivachancovil, P.O, Balaramapuram, Pallichal, Kerala 695501, India",,77.03939679999999,8.4351219,ChIJfa5hRQCvBTsRsN0IFAS3xM4,OPERATIONAL,https://www.google.com/maps/place/?q=place_id:ChIJfa5hRQCvBTsRsN0IFAS3xM4,restaurants.csv
Vishnu Hotel Nadan Pazham Kanji,"Bund Rd, Killipalam, Karamana, Thiruvananthapuram, Kerala 695002, India",+91 96333 83139,76.9584933,8.4805446,ChIJcYHy1ga7BTsRfSYoK6Hn5lE,OPERATIONAL,https://www.google.com/maps/place/?q=place_id:ChIJcYHy1ga7BTsRfSYoK6Hn5lE,restaurants.csv
Vishnu's Cafe,"Pravachambalam, Thiruvananthapuram, Pallichal, Kerala 695020, India",+91 95445 48414,77.013837,8.4480603,ChIJOxjne_GxBTsRR40TKJcdw-A,OPERATIONAL,https://www.google.com/maps/place/?q=place_id:ChIJOxjne_GxBTsRR40TKJcdw-A,restaurants.csv
Vismaya Hotel,"C23F+JWW, Kattachalkuzhi, Kottukal, Venganoor, Kerala 695501, India",+91 96561 17637,77.02483,8.404121,ChIJxzidfZyvBTsRSUUVxpJcNlw,OPERATIONAL,https://www.google.com/maps/place/?q=place_id:ChIJxzidfZyvBTsRSUUVxpJcNlw,restaurants.csv
Vismaya Hotel,"C23G+F7P, Kattachalkuzhi, Kottukal, Venganoor, Kerala 695501, India",,77.0257108,8.403717799999999,ChIJTbBzLACvBTsRv4KwopUniW8,OPERATIONAL,https://www.google.com/maps/place/?q=place_id:ChIJTbBzLACvBTsRv4KwopUniW8,restaurants.csv
VIZHINJAM SEA FOOD,"Balaramapuram, Kerala 695501, India",,77.038159,8.427573299999999,ChIJMb8Q7MOvBTsRGgrmQy6-Gus,OPERATIONAL,https://www.google.com/maps/place/?q=place_id:ChIJMb8Q7MOvBTsRGgrmQy6-Gus,restaurants.csv
Vm Cafe,"Valiyaveli, Thyvilakam House, Veli, Thiruvananthapuram, Kerala 695021, India",,76.8787438,8.520056199999999,ChIJYfrmpGK9BTsR-tnNnKF8CJA,OPERATIONAL,https://www.google.com/maps/place/?q=place_id:ChIJYfrmpGK9BTsR-tnNnKF8CJA,restaurants.csv
"WE FIVE SEA FOOD RESTAURANT, BAKERS AND CATERS","84/3443/1, NH BY PASS, Eanchakkal, Thiruvananthapuram, Kerala 695008, India",,76.9354796,8.478629800000002,ChIJB59FSwC7BTsRKCnOTuL3zrw,CLOSED_TEMPORARILY,https://www.google.com/maps/place/?q=place_id:ChIJB59FSwC7BTsRKCnOTuL3zrw,restaurants.csv
Wellness Restaurant,"Sasthamangalam, Thiruvananthapuram, Kerala 695010, India",+91 99472 99569,76.97301929999999,8.5100232,ChIJnfP4Ixu7BTsREORpV5h-WhQ,OPERATIONAL,https://www.google.com/maps/place/?q=place_id:ChIJnfP4Ixu7BTsREORpV5h-WhQ,restaurants.csv
Yummy cloudy kitchen,"C2GW+57J, Pazhayakadalane, Balaramapuram, Kerala 695501, India",,77.0456268,8.4254628,ChIJ2ZP1IhOvBTsR67VYAElgmqM,CLOSED_TEMPORARILY,https://www.google.com/maps/place/?q=place_id:ChIJ2ZP1IhOvBTsR67VYAElgmqM,restaurants.csv
YUMMY SPOT BIRIYANI,"Ulloor - Akkulam Rd, opp. SBI, Prasanth Nagar, Pulayanarkotta, Thiruvananthapuram, Kerala 695011, India",+91 79072 53745,76.9129875,8.522795,ChIJp2Rr6-O9BTsRa-nPuWUwFfA,OPERATIONAL,https://www.google.com/maps/place/?q=place_id:ChIJp2Rr6-O9BTsRa-nPuWUwFfA,restaurants.csv
Zahar FOOD QUARTERS,"Kerala 695541, India",,77.04389019999999,8.592226000000002,ChIJEe9SEbi3BTsRJ3vWFEBnIAk,OPERATIONAL,https://www.google.com/maps/place/?q=place_id:ChIJEe9SEbi3BTsRJ3vWFEBnIAk,restaurants.csv
ZAIKA Restaurant,"JX8X+229, Pazhakutty, Nedumangad, Kerala 695561, India",+91 88481 14008,76.9975912,8.6150415,ChIJ69O4YwHHBTsRYcJrAzPEYf4,OPERATIONAL,https://www.google.com/maps/place/?q=place_id:ChIJ69O4YwHHBTsRYcJrAzPEYf4,restaurants.csv
Zain Restaurant,"Rotary junction, Cherukara Gardens, Poojapura, Thiruvananthapuram, Kerala 695012, India",+91 77362 28886,76.9806408,8.4970914,ChIJH69GVwK7BTsRx-SPX0_3aik,OPERATIONAL,https://www.google.com/maps/place/?q=place_id:ChIJH69GVwK7BTsRx-SPX0_3aik,restaurants.csv
Zam Zam Hotel,"1, Pachalloor Punkulam Rd, Thiruvallam, Thiruvananthapuram, Kerala 695027, India",+91 95672 49274,76.963573,8.4341485,ChIJs_CED9akBTsRZS7y5yQKvmk,OPERATIONAL,https://www.google.com/maps/place/?q=place_id:ChIJs_CED9akBTsRZS7y5yQKvmk,restaurants.csv
Zam Zam Iyya Restaurant,"Saleem Arcade, Valicode, Nedumangad, Kerala 695541, India",+91 90484 02548,76.9962121,8.6008873,ChIJ7y71sxG4BTsRbC6Y5dKuxb0,OPERATIONAL,https://www.google.com/maps/place/?q=place_id:ChIJ7y71sxG4BTsRbC6Y5dKuxb0,restaurants.csv
Zam Zam Restaurant,"NH Bypass Between Kunnil, &, Infosys, Kulathoor, Thiruvananthapuram, Kerala 695583, India",+91 98099 98080,76.8855731,8.5304434,ChIJ_7zPKsy_BTsRTSAC6hXw574,OPERATIONAL,https://www.google.com/maps/place/?q=place_id:ChIJ_7zPKsy_BTsRTSAC6hXw574,restaurants.csv
Zam Zam Restaurant,"opp. MLA Hostel, University of Kerala Senate House Campus, Palayam, Thiruvananthapuram, Kerala 695034, India",+91 98099 98080,76.94978540000001,8.5035385,ChIJofE3hri7BTsRAIPxl2Wb8kU,OPERATIONAL,https://www.google.com/maps/place/?q=place_id:ChIJofE3hri7BTsRAIPxl2Wb8kU,restaurants.csv
Zaytoon by malabar Family Restaurant,"Manacaud, Thiruvananthapuram, Kerala 695009, India",+91 96336 26706,76.9474371,8.473549499999999,ChIJc5iCunO7BTsR33XGB44gwQA,OPERATIONAL,https://www.google.com/maps/place/?q=place_id:ChIJc5iCunO7BTsR33XGB44gwQA,restaurants.csv
ZEIT MEHRAZ DINE RESTAURANT,"https://maps.app.goo.gl/gB392DBSAp8SgUtU7, Punalal, Thiruvananthapuram - Thenmala Rd, Nedumangad, Kerala 695541, India",+91 73061 06600,76.99826240000002,8.6045039,ChIJOeJIFgC5BTsRztPLBJzJrks,OPERATIONAL,https://www.google.com/maps/place/?q=place_id:ChIJOeJIFgC5BTsRztPLBJzJrks,restaurants.csv
ZROOZ FAMILY RESTAURANT,"ZROOZ Family Restaurant, near Juma Masjid, Sreekariyam Junction, Sreekaryam, Thiruvananthapuram, Kerala 695017, India",+91 81292 45467,76.91674569999999,8.5490727,ChIJPd2PfAC_BTsR_5h_V1ChMsQ,OPERATIONAL,https://www.google.com/maps/place/?q=place_id:ChIJPd2PfAC_BTsR_5h_V1ChMsQ,restaurants.csv
Zulfi food products,"FXCQ+9GW, Satyan Nagar, Pappanamcode, Thiruvananthapuram, Kerala 695019, India",,76.9888402,8.4709832,ChIJTSMzGgC7BTsRNrEdPPlwP4M,OPERATIONAL,https://www.google.com/maps/place/?q=place_id:ChIJTSMzGgC7BTsRNrEdPPlwP4M,restaurants.csv
🍲 Ruby’s Kitchen 🍲 4 Veggies Lover,"Kulathoor, Thiruvananthapuram, Kerala 695583, India",+91 95395 32401,76.8896361,8.537122799999999,ChIJy2dr_Ja_BTsR7cpCtaasLoM,OPERATIONAL,https://www.google.com/maps/place/?q=place_id:ChIJy2dr_Ja_BTsR7cpCtaasLoM,restaurants.csv
