name,address,phone,longitude,latitude,place_id,business_status,google_maps_url
"""Waves on the Beach"" a Seafood Restaurant","UdaySamudra Beach Hotel & Spa, CX2C+HP9, G.V.Raja Road, Samudra Beach, Kovalam, Thiruvananthapuram, Kerala 695527, India",+91 471 248 1654,76.97186099999999,8.401413,ChIJPbhh6walBTsRxIYxs_rpztQ,CLOSED_TEMPORARILY,https://www.google.com/maps/place/?q=place_id:ChIJPbhh6walBTsRxIYxs_rpztQ
365 Naadan,"Chandrasekharan Nair Stadium Rd, opp. MLA Hostel, University of Kerala Senate House Campus, Palayam, Thiruvananthapuram, Kerala 695034, India",,76.9500527,8.5039359,ChIJacOnfQC7BTsR588WmVmGY_8,OPERATIONAL,https://www.google.com/maps/place/?q=place_id:ChIJacOnfQC7BTsR588WmVmGY_8
5 Star Thattukada,"C2QV+J8G, Vellapally Mukkampalamoodu rd, Mukkampalamoodu, Balaramapuram, Pallichal, Kerala 695528, India",+91 62382 20062,77.04332529999999,8.439053200000002,ChIJ1xTpHwCvBTsRmdX5vuBKCmc,OPERATIONAL,https://www.google.com/maps/place/?q=place_id:ChIJ1xTpHwCvBTsRmdX5vuBKCmc
5 Star Thattukada,"GWJC+775, Prasanth Nagar Rd, Prasanth Nagar, Ulloor, Thiruvananthapuram, Kerala 695011, India",+91 90375 10438,76.9207433,8.5306452,ChIJzezbelO5BTsR0dZlyv8VE2I,OPERATIONAL,https://www.google.com/maps/place/?q=place_id:ChIJzezbelO5BTsR0dZlyv8VE2I
5 Star Thattukada,"CVN67-A, Samithy Nagar, Ambalamukku, Thiruvananthapuram, Kerala 695043, India",,76.95419249999999,8.5364678,ChIJM5ZPSgC5BTsReVGYKQlI_3A,OPERATIONAL,https://www.google.com/maps/place/?q=place_id:ChIJM5ZPSgC5BTsReVGYKQlI_3A
7day's Hotel,"Ambalathara near, bus stop, near ambalathara, Karimbuvila, Beemapally, Thiruvananthapuram, Kerala 695026, India",,76.94739229999999,8.4483795,ChIJ98nCzTC7BTsRYxrs1F2CXF0,OPERATIONAL,https://www.google.com/maps/place/?q=place_id:ChIJ98nCzTC7BTsRYxrs1F2CXF0
A K Hotel,"GV5W+64H, Madhavapuram Colony, Kochuveli, Thiruvananthapuram, Kerala 695021, India",+91 98958 99818,76.8953681,8.5080715,ChIJ_abYDAC9BTsRMGJgBYWLoNQ,OPERATIONAL,https://www.google.com/maps/place/?q=place_id:ChIJ_abYDAC9BTsRMGJgBYWLoNQ
A M JUICE CORNER,"A M JUICE CORNER, Amballoor, Thiruvananthapuram, Kerala 695585, India",+91 77367 71273,76.8750326,8.5877862,ChIJAZ8CLVO_BTsRG95pgNQmTnQ,OPERATIONAL,https://www.google.com/maps/place/?q=place_id:ChIJAZ8CLVO_BTsRG95pgNQmTnQ
A one Family Restaurant &Cool bar,"92WF+6J8, Junction, uchakkada, Vizhinjam, Venganoor, Kerala 695501, India",,77.02407819999999,8.3955492,ChIJzx6bRQCvBTsR9f1j372EAL0,OPERATIONAL,https://www.google.com/maps/place/?q=place_id:ChIJzx6bRQCvBTsR9f1j372EAL0
A S Chicken Stall,"JX8Q+QP5, Kolackode - Nagarikunnu - Pazhakutty Road, Nedumangad, Kerala 695561, India",,76.989347,8.6168966,ChIJgdAzDP7HBTsREMUfnSF7QzE,OPERATIONAL,https://www.google.com/maps/place/?q=place_id:ChIJgdAzDP7HBTsREMUfnSF7QzE
A Sree Vinayaka Chappathi Corner,"near Bus Stop, Karyavattom, Thiruvananthapuram, Kerala 695581, India",+91 94963 39344,76.8908558,8.566842099999999,ChIJMySupG6_BTsRM_IPpvzayC8,OPERATIONAL,https://www.google.com/maps/place/?q=place_id:ChIJMySupG6_BTsRM_IPpvzayC8
A-1 Fastfood,"KRA 11, Vattiyoorkkav Puliyarakkonam Rd, Thiruvananthapuram, Kerala 695013, India",+91 93881 14541,76.98935639999999,8.525274999999999,ChIJcWJ2uR-6BTsRxLJcBNH86iI,OPERATIONAL,https://www.google.com/maps/place/?q=place_id:ChIJcWJ2uR-6BTsRxLJcBNH86iI
A-One chicken stall,"G22V+X4W, Moongodu Rd, Vilappil, Kerala 695573, India",+91 94966 12806,77.04208750000001,8.5024531,ChIJr0eg7AaxBTsRRZrMr0ycnPA,OPERATIONAL,https://www.google.com/maps/place/?q=place_id:ChIJr0eg7AaxBTsRRZrMr0ycnPA
"A.m catering ambalathara,trivandrum","CXW2+FPH, Kovalam Rd, Thiruvallam, Thiruvananthapuram, Kerala 695026, India",,76.9518599,8.4461933,ChIJpQzaTvm7BTsRGVnbrxRt4F4,OPERATIONAL,https://www.google.com/maps/place/?q=place_id:ChIJpQzaTvm7BTsRGVnbrxRt4F4
A1 Bakery and Hotel,"Venchavode, Junction, Chempazhanthy, Sreekaryam, Thiruvananthapuram, Kerala 695017, India",,76.9126276,8.5600445,ChIJxU7a_be_BTsRpX_xgfbDhUo,OPERATIONAL,https://www.google.com/maps/place/?q=place_id:ChIJxU7a_be_BTsRpX_xgfbDhUo
A1 halal chicken stall.,"peroorkada market, Samithy Nagar, Peroorkada, Thiruvananthapuram, Kerala 695005, India",,76.9614174,8.5339714,ChIJj9XNlca5BTsR8mdjyEZNDHU,OPERATIONAL,https://www.google.com/maps/place/?q=place_id:ChIJj9XNlca5BTsR8mdjyEZNDHU
A1 തട്ടുകട,"CXQ6+V44 studio, jn, Thiruvallam, Thiruvananthapuram, Kerala 695027, India",,76.9603315,8.439647599999999,ChIJGe4rjXC7BTsRImqPrBuEGMQ,OPERATIONAL,https://www.google.com/maps/place/?q=place_id:ChIJGe4rjXC7BTsRImqPrBuEGMQ
Aadisaktthi Leisure Resort Kovalam,"227/A, KS Rd, Vellar, Kovalam, Thiruvananthapuram, Kerala 695527, India",+91 96331 78787,76.9787142,8.410811899999999,ChIJTd7hfIqlBTsRR3Wf6eSRltI,OPERATIONAL,https://www.google.com/maps/place/?q=place_id:ChIJTd7hfIqlBTsRR3Wf6eSRltI
Aami Hot Chips & Bakery,"GX7H+QQ9, Maruthumkuzhi, Thiruvananthapuram, Kerala 695030, India",+91 98957 42310,76.97949559999999,8.514405499999999,ChIJEQP_SDu6BTsRE9ODz4tcDnc,OPERATIONAL,https://www.google.com/maps/place/?q=place_id:ChIJEQP_SDu6BTsRE9ODz4tcDnc
Aami's T shop,"NH 66, Vazhamuttom, Thiruvananthapuram, Kerala 695027, India",,76.97063829999999,8.4144183,ChIJBRDtaQClBTsRCH3tIGHn6xs,OPERATIONAL,https://www.google.com/maps/place/?q=place_id:ChIJBRDtaQClBTsRCH3tIGHn6xs
Aamis CHAPPATHI CORNER,"Kerala 695541, India",,77.0174756,8.597810599999999,ChIJ17S-X_G3BTsRgst8EeOMjpw,OPERATIONAL,https://www.google.com/maps/place/?q=place_id:ChIJ17S-X_G3BTsRgst8EeOMjpw
Aamis Thattukada,"Kochar Rd, Sasthamangalam, Thiruvananthapuram, Kerala 695010, India",,76.9760403,8.5111291,ChIJB4Xe4027BTsRK_FLXpNSe9A,OPERATIONAL,https://www.google.com/maps/place/?q=place_id:ChIJB4Xe4027BTsRK_FLXpNSe9A
Aanakuzhikkara Chicken Stall,"Sut junction, Chettivila, Vattappara, Venkode, Kerala 695028, India",+91 96339 95292,76.96762609999999,8.5948301,ChIJH2SVG-25BTsRXw22kMaC7cA,OPERATIONAL,https://www.google.com/maps/place/?q=place_id:ChIJH2SVG-25BTsRXw22kMaC7cA
Aaoji Khaoji Punjabi Dhaba,"Trivandrum Road, opp. SJ Hospital, Vizhinjam, Kovalam, Thiruvananthapuram, Kerala 695527, India",+91 70129 72373,76.9800466,8.400414,ChIJ1y8ToAmlBTsRFU3dY5j_lbg,OPERATIONAL,https://www.google.com/maps/place/?q=place_id:ChIJ1y8ToAmlBTsRFU3dY5j_lbg
Aarya Hotel,"GWCH+HX2, Medical College Murinjapalam Rd, Murinjapalam, Thiruvananthapuram, Kerala 695011, India",,76.9298838,8.521398099999999,ChIJV3rxMuO7BTsR7_XU9vQaRH8,OPERATIONAL,https://www.google.com/maps/place/?q=place_id:ChIJV3rxMuO7BTsR7_XU9vQaRH8
Aarya's chapathi corner,"HV8R+P8P, Karyavattom, Thiruvananthapuram, Kerala 695581, India",,76.890851,8.5668337,ChIJ6xZsfAC_BTsRY4ezuvXLbpA,CLOSED_TEMPORARILY,https://www.google.com/maps/place/?q=place_id:ChIJ6xZsfAC_BTsRY4ezuvXLbpA
Aasife Biriyani - Eanchakkal (Trivandrum) Now Open Till 3:00 A.M,"SS Plaza, NH Bypass Service Rd, Eanchakkal, Thiruvananthapuram, Kerala 695008, India",+91 91691 60329,76.9334739,8.4809893,ChIJFwS7WwC7BTsRzJ56ncOVYn0,OPERATIONAL,https://www.google.com/maps/place/?q=place_id:ChIJFwS7WwC7BTsRzJ56ncOVYn0
Aasife Biriyani - Kesavadasapuram (Trivandrum),"The Vintage by Favourite Homes TC 14/4227(1, 2/3/4, Ulloor - Akkulam Rd, near by Ideal Home Appliance, Aiswarya Nagar, Kesavadasapuram, Thiruvananthapuram, Kerala 695004, India",+91 91291 21277,76.93256199999999,8.5292123,ChIJUUgOuYe5BTsRQZN90aJ64O8,OPERATIONAL,https://www.google.com/maps/place/?q=place_id:ChIJUUgOuYe5BTsRQZN90aJ64O8
Aasife Biriyani - Thampanoor (Trivandrum),"Teekay Palace Building, Aristo Junction, Aristo, Thampanoor, Thiruvananthapuram, Kerala 695001, India",+91 95262 14926,76.9537592,8.4895132,ChIJ_xws7i67BTsR2Wc7nUCg7eQ,OPERATIONAL,https://www.google.com/maps/place/?q=place_id:ChIJ_xws7i67BTsR2Wc7nUCg7eQ
Aasife Biriyani - Vellayambalam (Trivandrum),"Bus Stand, Vellayambalam - Sasthamangalam Rd, Althara Nagar, Vellayambalam, Thiruvananthapuram, Kerala 695010, India",+91 91691 60293,76.9634511,8.5120569,ChIJE614OQC7BTsR_ge1poRt2p4,OPERATIONAL,https://www.google.com/maps/place/?q=place_id:ChIJE614OQC7BTsR_ge1poRt2p4
Aavi Restaurant,"Near Infosys, thampuran nada, Kulathoor, Thiruvananthapuram, Kerala 695583, India",+91 98950 81688,76.8850844,8.530582299999999,ChIJxRj6iLG_BTsRojDn-pX9Fnk,OPERATIONAL,https://www.google.com/maps/place/?q=place_id:ChIJxRj6iLG_BTsRojDn-pX9Fnk
Abdul Kader M,"Medical College, Junction, Medical College Kumarapuram Rd, opposite Police Station, Murinjapalam, Thiruvananthapuram, Kerala 695011, India",+91 99474 45583,76.929585,8.5212985,ChIJrf5Xqbm7BTsRk-w-ek4iBlo,OPERATIONAL,https://www.google.com/maps/place/?q=place_id:ChIJrf5Xqbm7BTsRk-w-ek4iBlo
Abhikar Pure Vegetarian Restaurant,"FXGC+WR6, Main Road, Neeramankara, Karamana, Thiruvananthapuram, Kerala 695018, India",+91 70122 40078,76.9720048,8.4772759,ChIJmRCY3Pu6BTsRUNS5uWgL2K4,OPERATIONAL,https://www.google.com/maps/place/?q=place_id:ChIJmRCY3Pu6BTsRUNS5uWgL2K4
Abraca Dabra Juice & Foods,"Bypass road, Kumarichantha, Poonthura, Thiruvananthapuram, Kerala 695026, India",+91 70127 32207,76.94841199999999,8.449671,ChIJK8Vg64u7BTsRYyuJHzFs7nc,OPERATIONAL,https://www.google.com/maps/place/?q=place_id:ChIJK8Vg64u7BTsRYyuJHzFs7nc
Abrar Family Restaurant,"FW2W+MMF, NH Bypass Service Rd, Karimbuvila, Beemapally, Thiruvananthapuram, Kerala 695026, India",+91 90741 39595,76.94666769999999,8.4516752,ChIJKVEmI4q7BTsRiuiQZX35Jcg,OPERATIONAL,https://www.google.com/maps/place/?q=place_id:ChIJKVEmI4q7BTsRiuiQZX35Jcg
Absolut Kitchen,"Pipinmoodu, Sasthamangalam, Thiruvananthapuram, Kerala 695010, India",+91 90746 68017,76.9723195,8.5198475,ChIJWc-DzRW7BTsRbTDkVkA4qEk,OPERATIONAL,https://www.google.com/maps/place/?q=place_id:ChIJWc-DzRW7BTsRbTDkVkA4qEk
Abunte Thattukada,"Vellar Junction, Vizhinjam, Thiruvananthapuram, Kerala 695527, India",+91 79948 07186,76.9763067,8.407239299999999,ChIJ6Qs6iw-lBTsRzKsEFcJRm2E,OPERATIONAL,https://www.google.com/maps/place/?q=place_id:ChIJ6Qs6iw-lBTsRzKsEFcJRm2E
ADAM HALAL CHICKEN,"Charummoodu, near brothers auditorium, Thiruvananthapuram, Kerala 695541, India",+91 85929 49240,77.037067,8.5957411,ChIJk0PzkZW3BTsRYXrfgdb_Sq0,CLOSED_TEMPORARILY,https://www.google.com/maps/place/?q=place_id:ChIJk0PzkZW3BTsRYXrfgdb_Sq0
ADERSH S ASHOK,"THANINADA THATTUKADA, near Sreekariyam - Pothencode Road, Pangappara, Thiruvananthapuram, Kerala 695017, India",+91 62829 58734,76.9067848,8.5526953,ChIJuZULMHu_BTsRYcUwSrneXvY,OPERATIONAL,https://www.google.com/maps/place/?q=place_id:ChIJuZULMHu_BTsRYcUwSrneXvY
ADITHYAN B R,"ADITHYAN B R NEDUMANGAD, ROAD, Konganam, Aryanad, Kerala 695541, India",+91 87149 23587,77.0253038,8.596170599999999,ChIJw1KRth23BTsRPYCUdAeLzmk,CLOSED_TEMPORARILY,https://www.google.com/maps/place/?q=place_id:ChIJw1KRth23BTsRPYCUdAeLzmk
Aditi homes PG for women,"APRA 9, Arappura Ln, Kannammoola, Thiruvananthapuram, Kerala 695011, India",+91 94960 21905,76.92872659999999,8.505802899999999,ChIJfwWQQo67BTsRC2C3SR-C1nc,OPERATIONAL,https://www.google.com/maps/place/?q=place_id:ChIJfwWQQo67BTsRC2C3SR-C1nc
AFC - American Fried Chicken,"84/3443/1, Eanchakkal, Thiruvananthapuram, Kerala 695008, India",+91 98959 72698,76.935681,8.4785297,ChIJyx5-gt67BTsR5sS_I7fYZwg,OPERATIONAL,https://www.google.com/maps/place/?q=place_id:ChIJyx5-gt67BTsR5sS_I7fYZwg
Afiya and Mohammed Pazhamkanji/Kanji Kada,"2/419-1, Amballoor- Chanthavila Rd, Amballoor, Kazhakkoottam, Thiruvananthapuram, Kerala 695585, India",,76.8751674,8.587449699999999,ChIJA7PouMW_BTsRzuJBNnEUy6g,OPERATIONAL,https://www.google.com/maps/place/?q=place_id:ChIJA7PouMW_BTsRzuJBNnEUy6g
AG Cold Store,"GX6P+4FM, PO, Vettamukku, Thirumala, Thiruvananthapuram, Kerala 695038, India",+91 93885 82888,76.98618239999999,8.510345599999999,ChIJm6D0Cz66BTsRAAAA0LeoMAE,OPERATIONAL,https://www.google.com/maps/place/?q=place_id:ChIJm6D0Cz66BTsRAAAA0LeoMAE
Agastya Farm Pure Veg Restaurant,"Aristo Junction, Aristo, Thampanoor, Thiruvananthapuram, Kerala 695001, India",+91 94009 40017,76.95376449999999,8.489743899999999,ChIJB3JVdM27BTsRhArhufcxeNw,OPERATIONAL,https://www.google.com/maps/place/?q=place_id:ChIJB3JVdM27BTsRhArhufcxeNw
Agrahaara Restaurant,"Sreevaraham, Muttathara, Thiruvananthapuram, Kerala 695009, India",+91 98463 29692,76.9426727,8.476951099999999,ChIJUQ-CXwu7BTsRH2bQZfIYwFQ,OPERATIONAL,https://www.google.com/maps/place/?q=place_id:ChIJUQ-CXwu7BTsRH2bQZfIYwFQ
Ahlan Wa Sahlan,"FW5V+J58, Neelattinkara, Paruthikuzhy, Thiruvananthapuram, Kerala 695009, India",,76.942948,8.459036,ChIJk5aOIgC7BTsR2xDv-_lps9c,OPERATIONAL,https://www.google.com/maps/place/?q=place_id:ChIJk5aOIgC7BTsR2xDv-_lps9c
Aishwarya hotel,"GX7H+44X, Maruthumkuzhi, Thiruvananthapuram, Kerala 695030, India",,76.9778029,8.5128323,ChIJ9WMYCQC7BTsRTVglsktuekI,OPERATIONAL,https://www.google.com/maps/place/?q=place_id:ChIJ9WMYCQC7BTsRTVglsktuekI
Aiswarya Fast Food,"GXWP+VPC, Vazhayila Mukkola Rd, Mukkola, Nettayam, Thiruvananthapuram, Kerala 695564, India",,76.9867582,8.5471831,ChIJmxjUGTm5BTsRu-GYCU8NKYQ,OPERATIONAL,https://www.google.com/maps/place/?q=place_id:ChIJmxjUGTm5BTsRu-GYCU8NKYQ
Aiswarya Hotel,"FXFG+CVW, Kaimanam, Pappanamcode, Thiruvananthapuram, Kerala 695018, India",,76.9772134,8.4736108,ChIJMQiWVZm7BTsR8i4crewUM_U,OPERATIONAL,https://www.google.com/maps/place/?q=place_id:ChIJMQiWVZm7BTsR8i4crewUM_U
Aiswarya Hotel,"ASOKA BUILDING, Ambady Nagar, Amadi Nagar, Sreekaryam, Thiruvananthapuram, Kerala 695017, India",,76.9083648,8.548929099999999,ChIJgRz4KQC_BTsRFrcWIdeOS8g,OPERATIONAL,https://www.google.com/maps/place/?q=place_id:ChIJgRz4KQC_BTsRFrcWIdeOS8g
Aiswarya Hotel & Family Restaurant,"Peringammala, Pallichal, Venganoor, Kerala 695042, India",+91 95260 60901,77.0183459,8.4140071,ChIJ_-drkY6vBTsRCzvvYYd3Zzw,OPERATIONAL,https://www.google.com/maps/place/?q=place_id:ChIJ_-drkY6vBTsRCzvvYYd3Zzw
Aiswarya Restaurant,"Vattiyoorkavu, Thiruvananthapuram, Kerala 695013, India",+91 97447 09840,76.9886927,8.5247073,ChIJU0oEV627BTsRLKrIMJ34VdI,OPERATIONAL,https://www.google.com/maps/place/?q=place_id:ChIJU0oEV627BTsRLKrIMJ34VdI
AISWARYA RESTAURANT,"Shop No 1, Aiswarya Restaurant, Trivandrum Road, opposite Optima Battery Shop, Vattappara, Thiruvananthapuram, Kerala 695028, India",+91 90746 42772,76.9505573,8.5921102,ChIJFfcxzVG5BTsRf-iaRrvuINw,OPERATIONAL,https://www.google.com/maps/place/?q=place_id:ChIJFfcxzVG5BTsRf-iaRrvuINw
AJ Kitchens,"Jawahar, CWWR+FMM, Sree Shastha Nagar, Poonthura, Thiruvananthapuram, Kerala 695008, India",+91 98097 70220,76.9416663,8.446224,ChIJr0V8xSu7BTsR5wE4qd9CiXQ,OPERATIONAL,https://www.google.com/maps/place/?q=place_id:ChIJr0V8xSu7BTsR5wE4qd9CiXQ
Ajay Thattukada,"JV3X+W2H, Kattaikonam, Kerala 695584, India",,76.8975938,8.6048213,ChIJN5vmXrO_BTsR4J6uGNFDpoE,OPERATIONAL,https://www.google.com/maps/place/?q=place_id:ChIJN5vmXrO_BTsR4J6uGNFDpoE
Ajith Family Restaurant,"HWRX+2WG, Vattappara, Thiruvananthapuram, Vattappara, Kerala 695028, India",+91 95448 83956,76.949837,8.5900749,ChIJydu7KpO4BTsRcIprP1Do9n0,OPERATIONAL,https://www.google.com/maps/place/?q=place_id:ChIJydu7KpO4BTsRcIprP1Do9n0
Ajwa Biriyani,"No-114 Kalabhavan Mani Road, Near, Women's College Rd, Panavila, Thycaud, Thiruvananthapuram, Kerala 695014, India",+91 95679 02777,76.9558284,8.4978819,ChIJRdsdIbG7BTsRUks02N9A5tM,OPERATIONAL,https://www.google.com/maps/place/?q=place_id:ChIJRdsdIbG7BTsRUks02N9A5tM
AK Caters & Restaurant,"2nd, Pravachambalam - Ooruttambalam Rd, Pallichal, Kerala 695020, India",+91 94951 54574,77.02051399999999,8.4493521,ChIJLQb3WDGxBTsRfIiWvYFqYOs,OPERATIONAL,https://www.google.com/maps/place/?q=place_id:ChIJLQb3WDGxBTsRfIiWvYFqYOs
AK Fresh Chicken Stall,"ARA153, Kalady Rd, Attukal, Manacaud, Thiruvananthapuram, Kerala 695009, India",,76.9553552,8.4667643,ChIJjT4-agC7BTsRMtjmbVucaq4,OPERATIONAL,https://www.google.com/maps/place/?q=place_id:ChIJjT4-agC7BTsRMtjmbVucaq4
AK RESTAURANT,"F234+75H, Ganapathy Kovil Rd, Nemom, Kerala 695020, India",,77.0054736,8.4531752,ChIJQT4WGuu7BTsR6EjC1FIBtNM,OPERATIONAL,https://www.google.com/maps/place/?q=place_id:ChIJQT4WGuu7BTsR6EjC1FIBtNM
AK Tea Shop,"Tourist Village Appanpilla Road, Madhavapuram Colony, Veli, Thiruvananthapuram, Kerala 695021, India",+91 90741 74798,76.88698049999999,8.508001199999999,ChIJxdVQq9O9BTsRVaNMuM3ggeM,CLOSED_TEMPORARILY,https://www.google.com/maps/place/?q=place_id:ChIJxdVQq9O9BTsRVaNMuM3ggeM
Akash Hotel,"GVVV+FQV, Manvila Industrial Estate, Manvila, Thiruvananthapuram, Kerala 695583, India",,76.89442559999999,8.5437294,ChIJfyw0uZy_BTsRnvTe-rlmmdA,OPERATIONAL,https://www.google.com/maps/place/?q=place_id:ChIJfyw0uZy_BTsRnvTe-rlmmdA
Akash Restaurant,"Arashumoodu jn, Anayara Rd, near Mahadeva temple, Anayara, Thiruvananthapuram, Kerala 695029, India",+91 81291 09519,76.9174269,8.5046283,ChIJTekoa_K9BTsRQy3iqbYXgrg,OPERATIONAL,https://www.google.com/maps/place/?q=place_id:ChIJTekoa_K9BTsRQy3iqbYXgrg
Akhil Classic,"CHETTIKULANGARA ROAD, MG ROAD, near ARIES PLEX THEATRE, Vanchiyoor, Thiruvananthapuram, Kerala 695001, India",,76.9457292,8.489239999999999,ChIJHe9lmo27BTsRPB5kt3Bxouc,OPERATIONAL,https://www.google.com/maps/place/?q=place_id:ChIJHe9lmo27BTsRPB5kt3Bxouc
Akhila's kitchen,"Tvra 54, V P Thampi Rd, Kudappanakunnu, Thiruvananthapuram, Kerala 695043, India",+91 99951 52496,76.9572558,8.553339,ChIJi0FvQNm5BTsRalBdqc0Rs-8,OPERATIONAL,https://www.google.com/maps/place/?q=place_id:ChIJi0FvQNm5BTsRalBdqc0Rs-8
Akshayam Pure Vegetarian Restaurant,"GXF3+F77, Kuravankonam, Thiruvananthapuram, Kerala 695003, India",,76.9531662,8.5236618,ChIJqxLiT9S7BTsRUgqfznJEqfc,OPERATIONAL,https://www.google.com/maps/place/?q=place_id:ChIJqxLiT9S7BTsRUgqfznJEqfc
AL Ameen Chicken Shop,"Kallattumukku, PO, Konchiravila, Manacaud, Thiruvananthapuram, Kerala 695009, India",+91 96331 70040,76.95401389999999,8.4631103,ChIJ4cSFKPm7BTsRBD3FYgQunyw,OPERATIONAL,https://www.google.com/maps/place/?q=place_id:ChIJ4cSFKPm7BTsRBD3FYgQunyw
Al Ameen Fast Food & Sea Food,"Vizhinjam - Balaramapuram Rd, Balaramapuram, Kerala 695501, India",,77.0432417,8.4203644,ChIJnSO2E5OvBTsRi7Ctpg9BCzA,OPERATIONAL,https://www.google.com/maps/place/?q=place_id:ChIJnSO2E5OvBTsRi7Ctpg9BCzA
AL AMEEN TEA SHOP,"Al Ameen Building, Kannammoola, Thiruvananthapuram, Kerala 695011, India",+91 79077 06477,76.93187209999999,8.503599,ChIJ2evap767BTsRCYuYKkmYx_o,OPERATIONAL,https://www.google.com/maps/place/?q=place_id:ChIJ2evap767BTsRCYuYKkmYx_o
AL Arabia,"HV8R+P3F, Karyavattom, Thiruvananthapuram, Kerala 695581, India",,76.8901566,8.5668543,ChIJF2Ljll-_BTsR9j36k36M4JM,OPERATIONAL,https://www.google.com/maps/place/?q=place_id:ChIJF2Ljll-_BTsR9j36k36M4JM
Al Arabia Family Restaurant,"HXGW+G9H, Azhicode, Kerala 695564, India",,76.9959775,8.5763041,ChIJQ3bwJUa5BTsRsV--ND_hW0A,CLOSED_TEMPORARILY,https://www.google.com/maps/place/?q=place_id:ChIJQ3bwJUa5BTsRsV--ND_hW0A
Al Azhaar Family Restaurant,"junction, Sasthamangalam Rd, Valiyavila, Thiruvananthapuram, Kerala 695013, India",+91 98959 29387,76.99835019999999,8.5072637,ChIJh9P2nNy7BTsRdktDC2MIC5I,OPERATIONAL,https://www.google.com/maps/place/?q=place_id:ChIJh9P2nNy7BTsRdktDC2MIC5I
Al Baike Fried Chicken,"Vellayambalam Maruthankuzhi Rd, Althara Nagar, Vellayambalam, Thiruvananthapuram, Kerala 695010, India",+91 95673 33979,76.9630178,8.5120252,ChIJ4duuvzW7BTsRdaUdbJJCoGY,OPERATIONAL,https://www.google.com/maps/place/?q=place_id:ChIJ4duuvzW7BTsRdaUdbJJCoGY
Al Baike Fried Chicken,"GWHJ+RR2, Ulloor Brg, near iSmile Dental Clinic, Aiswarya Nagar, Kesavadasapuram, Thiruvananthapuram, Kerala 695004, India",+91 95673 33838,76.9320039,8.529517199999999,ChIJ0TQMZK-5BTsRcJRo2hyA6nI,OPERATIONAL,https://www.google.com/maps/place/?q=place_id:ChIJ0TQMZK-5BTsRcJRo2hyA6nI
Al Baike Fried Chicken Restaurant,"Kazhakuttom, Kulathoor, Thiruvananthapuram, Kerala 695583, India",+91 95672 28222,76.87743499999999,8.545812,ChIJlyw8ovS-BTsRp8Fj4QBiYho,OPERATIONAL,https://www.google.com/maps/place/?q=place_id:ChIJlyw8ovS-BTsRp8Fj4QBiYho
Al buraaq,"FX9Q+QCX, Pappanamcode Malayinkeezhu Rd, Eastet, Pappanamcode, Thiruvananthapuram, Kerala 695019, India",+91 90612 37707,76.9886125,8.4694773,ChIJGYiDEwC7BTsRgE7yVRAV_hE,OPERATIONAL,https://www.google.com/maps/place/?q=place_id:ChIJGYiDEwC7BTsRgE7yVRAV_hE
AL FARAH RESTAURANT,"AL FARAH KURISHADI, Karyavattom, Thiruvananthapuram, Kerala 695582, India",+91 75610 07099,76.890746,8.5745947,ChIJoUIBpHC_BTsRW8BuIpBijW0,OPERATIONAL,https://www.google.com/maps/place/?q=place_id:ChIJoUIBpHC_BTsRW8BuIpBijW0
Al Hassan Family Restaurant - Manacaud,"FWGX+R66, Trivandrum Vizhinjam Rd, opposite SBI Branch Manacaud, Attakulangara, Thiruvananthapuram, Kerala 695009, India",+91 471 401 0444,76.94787149999999,8.476875099999999,ChIJkaq7tg67BTsRzJwH08O5hNY,OPERATIONAL,https://www.google.com/maps/place/?q=place_id:ChIJkaq7tg67BTsRzJwH08O5hNY
"Al kaiz,","Ulloor - Akkulam Rd, near YANA IVF HOSPITAL, PSC Nagar, Ulloor, Thiruvananthapuram, Kerala 695011, India",,76.9256649,8.527369600000002,ChIJk0USQwC5BTsRw789Ys_g67E,OPERATIONAL,https://www.google.com/maps/place/?q=place_id:ChIJk0USQwC5BTsRw789Ys_g67E
Al Maaz Foodie Hub,"Cpt, Nettayam, Thiruvananthapuram, Kerala 695013, India",,76.9906634,8.5369464,ChIJszx1TTO5BTsR-OmrqfQipYM,OPERATIONAL,https://www.google.com/maps/place/?q=place_id:ChIJszx1TTO5BTsR-OmrqfQipYM
Al Maaz Grill House,"Kachani Aruvikkara Rd, near csi church, Nedumangadu, Kachani, Thiruvananthapuram, Kerala 695564, India",+91 89210 12123,76.9945212,8.5535976,ChIJxzI1XAC5BTsRoPZZA-CsDnE,OPERATIONAL,https://www.google.com/maps/place/?q=place_id:ChIJxzI1XAC5BTsRoPZZA-CsDnE
Al Maaz Parcel Center,"Vazhayila Mukkola Rd, Mukkola, Nettayam, Thiruvananthapuram, Kerala 695013, India",,76.98634229999999,8.547063399999999,ChIJH0RlIRm5BTsRmmJOfRfZ6dw,OPERATIONAL,https://www.google.com/maps/place/?q=place_id:ChIJH0RlIRm5BTsRmmJOfRfZ6dw
Al Mina Restaurant,"near Pick And Pay Super Market, Kurisadimukku, Thiruvananthapuram, Kerala 695582, India",+91 62380 58499,76.8905446,8.574411099999999,ChIJN3aDAzy_BTsRNGi7hyha124,OPERATIONAL,https://www.google.com/maps/place/?q=place_id:ChIJN3aDAzy_BTsRNGi7hyha124
Al Mubarak Family Restaurant,"FW4M+CC5, Valiyathura - Beemapally - Poonthura Rd, Beemapally, Thiruvananthapuram, Kerala 695008, India",,76.9336053,8.4560046,ChIJ-7-ekUO7BTsRleQ9qivOo9M,OPERATIONAL,https://www.google.com/maps/place/?q=place_id:ChIJ-7-ekUO7BTsRleQ9qivOo9M
Al Naztha Halal Fast Food,"GXGQ+8MX, Vattiyoorkavu, Thiruvananthapuram, Kerala 695013, India",,76.98922739999999,8.5258687,ChIJg1dpxWW7BTsRQyWCKshZexo,OPERATIONAL,https://www.google.com/maps/place/?q=place_id:ChIJg1dpxWW7BTsRQyWCKshZexo
Al Noor Restaurant & Fast Food,"HWCW+R4G, Junction, near Market, Maruthoor, Thiruvananthapuram, Kerala 695028, India",+91 97470 05868,76.945328,8.572058,ChIJvXKKE-G4BTsRnKmwEHnYNvo,OPERATIONAL,https://www.google.com/maps/place/?q=place_id:ChIJvXKKE-G4BTsRnKmwEHnYNvo
Al Romansi brosted chicken,"C29V+X59, Vizhinjam Rd, Balaramapuram, Kerala 695501, India",,77.04303689999999,8.4198215,ChIJNSfCDACvBTsRUpeNES_NpzA,OPERATIONAL,https://www.google.com/maps/place/?q=place_id:ChIJNSfCDACvBTsRUpeNES_NpzA
AL SANA HALAL HOTEL,"GWXV+G43, Step Junction, Thiruvananthapuram, Kerala 695015, India",,76.9427924,8.5487652,ChIJYSsTdAC5BTsRXHGtH028oys,OPERATIONAL,https://www.google.com/maps/place/?q=place_id:ChIJYSsTdAC5BTsRXHGtH028oys
AL SANAS FAST FOOD,"SHOP NO1, AL SANAS FOOD COURT, M C ROAD, opp. CANARA BANK, Nalanchira, Thiruvananthapuram, Kerala 695015, India",+91 70259 06675,76.9430958,8.5510983,ChIJBdD8NEO5BTsRdu4ruWtgVsU,OPERATIONAL,https://www.google.com/maps/place/?q=place_id:ChIJBdD8NEO5BTsRdu4ruWtgVsU
Al Shais Kitchen Indo Arabic Chinese Family Restaurant,"Elamkulam Ln, Gowari Nagar, Sreekaryam, Thiruvananthapuram, Kerala 695017, India",+91 79070 13515,76.92152779999999,8.5475116,ChIJuWRVqDy5BTsRvE5ZOXJOAGg,OPERATIONAL,https://www.google.com/maps/place/?q=place_id:ChIJuWRVqDy5BTsRvE5ZOXJOAGg
Al Taj Lodge,"FW4M+3P6, Valiyathura - Beemapally - Poonthura Rd, Beemapally, Thiruvananthapuram, Kerala 695008, India",,76.93426889999999,8.455170899999999,ChIJueMORAm7BTsRXi6gx45WCN4,OPERATIONAL,https://www.google.com/maps/place/?q=place_id:ChIJueMORAm7BTsRXi6gx45WCN4
Al Tawa Broast & Grill,"GXHQ+FW2, Mannarakonam Junction, Nettayam, Thiruvananthapuram, Kerala 695013, India",,76.9897551,8.528636299999999,ChIJBV45QwC5BTsR5sYr-vPfoDY,OPERATIONAL,https://www.google.com/maps/place/?q=place_id:ChIJBV45QwC5BTsR5sYr-vPfoDY
Al Tawa Kuzhi Mandi,"Mannarakonam - Thoppumukku Rd, Vattiyoorkavu, Maruthankuzhi, Thiruvananthapuram, Kerala 695013, India",+91 92888 88885,76.99107,8.5259155,ChIJwfuoMB66BTsRUCuJDdAAzK8,OPERATIONAL,https://www.google.com/maps/place/?q=place_id:ChIJwfuoMB66BTsRUCuJDdAAzK8
Al Taza - Trivandrum,"Kuravankonam, Thiruvananthapuram, Kerala 695003, India",+91 75111 73333,76.9530192,8.5237622,ChIJ39kTk7u7BTsRXh2wuxILRKU,OPERATIONAL,https://www.google.com/maps/place/?q=place_id:ChIJ39kTk7u7BTsRXh2wuxILRKU
Al Thaj Restaurant,"G277+5J2, Pallimukku, Peyad, Thiruvananthapuram, Kerala 695573, India",+91 94967 07903,77.0140224,8.5128759,ChIJV3jewqawBTsR0Y96_1qRTFI,OPERATIONAL,https://www.google.com/maps/place/?q=place_id:ChIJV3jewqawBTsR0Y96_1qRTFI
AL-AMEEN FASTFOOD,"FX6V+9QQ, Nemom, Kerala 695020, India",+91 90374 79727,76.9944344,8.460912,ChIJBfsyEwC7BTsRhQPvLtI7eMY,OPERATIONAL,https://www.google.com/maps/place/?q=place_id:ChIJBfsyEwC7BTsRhQPvLtI7eMY
AL-ZOUQ FRIED AND ARABIC CUSINE,"JS, PLAZA, KUNNUMPURAM, Andoorkonam, Kerala 695584, India",+91 99950 16949,76.8809347,8.6060646,ChIJPTgXjre_BTsRW_IBuVl_Rwc,OPERATIONAL,https://www.google.com/maps/place/?q=place_id:ChIJPTgXjre_BTsRW_IBuVl_Rwc
ALAAKAT SEA FOOD RESTAURANT,"Chacka, Thiruvananthapuram, Kerala 695024, India",+91 79076 34053,76.924418,8.4906265,ChIJ1V6Biry7BTsRfTCCxKFUezQ,CLOSED_TEMPORARILY,https://www.google.com/maps/place/?q=place_id:ChIJ1V6Biry7BTsRfTCCxKFUezQ
Albaik,"Lulu International Shopping Mall, Akkulam Bridge, Anayara, Post, Thiruvananthapuram, Kerala 695029, India",+91 90722 48800,76.8983374,8.5145906,ChIJtZJn2om9BTsRtARAuziPWSk,OPERATIONAL,https://www.google.com/maps/place/?q=place_id:ChIJtZJn2om9BTsRtARAuziPWSk
ALChick,"p.o, near trivandrumfishfarm, nalukettuline, moonnammanakkal, Anayara, Thiruvananthapuram, Kerala 695029, India",,76.9230024,8.4962614,ChIJ08QdFg27BTsRMuDGtAEP7Hs,CLOSED_TEMPORARILY,https://www.google.com/maps/place/?q=place_id:ChIJ08QdFg27BTsRMuDGtAEP7Hs
Alfa RESTAURANT,"FX3X+6H6, Nemom Punnamoodu Rd, Santhivila, Kerala 695020, India",,76.9988995,8.453025400000001,ChIJqz5VS6W6BTsRaNTa4fztVgA,OPERATIONAL,https://www.google.com/maps/place/?q=place_id:ChIJqz5VS6W6BTsRaNTa4fztVgA
Alfas Ruchimelam,"C2XC+QJJ, Pallichal, Kerala 695020, India",,77.0215265,8.4494718,ChIJ305YyaCxBTsRPWDeccKFsg4,CLOSED_TEMPORARILY,https://www.google.com/maps/place/?q=place_id:ChIJ305YyaCxBTsRPWDeccKFsg4
ALFIYA Fast Food,"Vellayani Junction, Nemom, Kerala 695020, India",+91 97463 55231,76.999906,8.45731,ChIJgeEvp6S6BTsRExYBn8XqS4Y,OPERATIONAL,https://www.google.com/maps/place/?q=place_id:ChIJgeEvp6S6BTsRExYBn8XqS4Y
Alibaba & 41 Dishes - Trivandrum,"Sasthamangalam Rd, opp. Indira Bhavan, Althara Nagar, Vellayambalam, Thiruvananthapuram, Kerala 695010, India",+91 80890 61122,76.9657036,8.5118141,ChIJ14wfMTO6BTsRDyEI9XasU3k,OPERATIONAL,https://www.google.com/maps/place/?q=place_id:ChIJ14wfMTO6BTsRDyEI9XasU3k
Alif Chicken Shop,"Poundukadavu, Thiruvananthapuram, Kerala 695583, India",+91 94471 11002,76.8819192,8.5279814,ChIJtQnJaIO-BTsR56okoueQJqE,OPERATIONAL,https://www.google.com/maps/place/?q=place_id:ChIJtQnJaIO-BTsR56okoueQJqE
Alif Kerala Boiler Chicken,"2nd floor,ponnayya building complex, Peyad, Kerala 695573, India",+91 98953 29242,77.01921229999999,8.5144922,ChIJxdNY8HixBTsRpuhKjN8wOr0,CLOSED_TEMPORARILY,https://www.google.com/maps/place/?q=place_id:ChIJxdNY8HixBTsRpuhKjN8wOr0
Alif Mandi House,"3, Service Road, opposite Technopark Phase 3, Karippottu Vilakom, Kulathoor, Thiruvananthapuram, Kerala 695582, India",+91 99468 09008,76.87691500000001,8.5475844,ChIJlaBsni6_BTsRo2AiwPD-okE,OPERATIONAL,https://www.google.com/maps/place/?q=place_id:ChIJlaBsni6_BTsRo2AiwPD-okE
Alis kitchen,"KTDC, Kovalam, Thiruvananthapuram, Kerala 695527, India",,76.9731401,8.398875199999999,ChIJ5cexcAClBTsR9WiJj5_Ue0g,OPERATIONAL,https://www.google.com/maps/place/?q=place_id:ChIJ5cexcAClBTsR9WiJj5_Ue0g
All day chicken,"HV8R+R66, Karyavattom, Thiruvananthapuram, Kerala 695581, India",,76.8905261,8.567093,ChIJZZpEQQC_BTsRuyRL7UIUv30,OPERATIONAL,https://www.google.com/maps/place/?q=place_id:ChIJZZpEQQC_BTsRuyRL7UIUv30
Allus Kitchen,"Allus Kitchen, near Vj Hospital, Vattappara, Thiruvananthapuram, Kerala 695028, India",+91 96054 21376,76.950972,8.591586399999999,ChIJFVSblKu5BTsRXUnzGgmdsWA,CLOSED_TEMPORARILY,https://www.google.com/maps/place/?q=place_id:ChIJFVSblKu5BTsRXUnzGgmdsWA
Althaf Bakery And Stores,"H2F7+RVX, Aruvikkara, Kerala 695564, India",,77.01471939999999,8.5746105,ChIJyy8qFYG3BTsRCmoYnkfyQfs,CLOSED_TEMPORARILY,https://www.google.com/maps/place/?q=place_id:ChIJyy8qFYG3BTsRCmoYnkfyQfs
AM Restaurant,"FWVG+GQG, Palayam Airport Rd, Pettah, Thiruvananthapuram, Kerala 695024, India",+91 98956 31205,76.9269465,8.4938214,ChIJ4cFkoI-7BTsRAhQRzROFYzY,OPERATIONAL,https://www.google.com/maps/place/?q=place_id:ChIJ4cFkoI-7BTsRAhQRzROFYzY
Amaram Restaurant,"Jagathy, DPI, Junction, Thiruvananthapuram, Kerala 695014, India",,76.9613568,8.49588,ChIJd6Fl4E67BTsRmh16YAZiQE0,OPERATIONAL,https://www.google.com/maps/place/?q=place_id:ChIJd6Fl4E67BTsRmh16YAZiQE0
Amarivila,"C258+J6C, Pullannimukku, Venganoor, Kerala 695523, India",,77.01550480000002,8.4090585,ChIJsWmgRACvBTsRyhcEFnJAA_Q,OPERATIONAL,https://www.google.com/maps/place/?q=place_id:ChIJsWmgRACvBTsRyhcEFnJAA_Q
Ambadi Hotel and Family Restaurant,"Pazhavadi, Nedumangad, Kerala 695541, India",+91 81389 01445,77.0031872,8.6066129,ChIJ7Rr3EOy5BTsReXEQtHhczDM,OPERATIONAL,https://www.google.com/maps/place/?q=place_id:ChIJ7Rr3EOy5BTsReXEQtHhczDM
Ambadi Kannan Restaurant,"GWCH+JVG, Medical College Murinjapalam Rd, Murinjapalam, Thiruvananthapuram, Kerala 695011, India",,76.9297051,8.5215699,ChIJ6T2mLeO7BTsRVCZq42dWqz8,OPERATIONAL,https://www.google.com/maps/place/?q=place_id:ChIJ6T2mLeO7BTsRVCZq42dWqz8
Ambadi Thattukada,"G22V+RV, Vilappil, Kerala 695573, India",,77.0446585,8.5021189,ChIJK177cQCxBTsRCuM7Sns8U2k,OPERATIONAL,https://www.google.com/maps/place/?q=place_id:ChIJK177cQCxBTsRCuM7Sns8U2k
Ambady Hotel And Tea Shop,"HWCF+694, Mukkilkada, Thiruvananthapuram, Kerala 695587, India",,76.9234592,8.5705168,ChIJfxlOLNS4BTsRwnQv-bkuOeA,OPERATIONAL,https://www.google.com/maps/place/?q=place_id:ChIJfxlOLNS4BTsRwnQv-bkuOeA
Ambalamukku,"near LG service center, samathi nagar, Ambalamukku, Thiruvananthapuram, Kerala 695005, India",,76.9579578,8.5363936,ChIJP9M1GXe5BTsRsDWT6SKZlmU,OPERATIONAL,https://www.google.com/maps/place/?q=place_id:ChIJP9M1GXe5BTsRsDWT6SKZlmU
Ambalapatt Restaurant,"GWCR+X8F, Opposite Life Insurance Corporation of India, Pattom, Pattom, Thiruvananthapuram, Kerala 695004, India",+91 94470 66647,76.9408041,8.5224472,ChIJdYUUh-C7BTsRg-s4D6jUNdE,OPERATIONAL,https://www.google.com/maps/place/?q=place_id:ChIJdYUUh-C7BTsRg-s4D6jUNdE
Ambis Kitchen,"Panachi, Niranjan Squre, Manacaud, Thiruvananthapuram, Kerala 695009, India",+91 73562 22234,76.94785739999999,8.4754963,ChIJAXRYspy7BTsRR_Ry6J44Wh8,OPERATIONAL,https://www.google.com/maps/place/?q=place_id:ChIJAXRYspy7BTsRR_Ry6J44Wh8
Amboori Thattukada,"GXWF+44X, Thiruvananthapuram - Thenmala Rd, Winners Nagar, Peroorkada, Thiruvananthapuram, Kerala 695005, India",,76.9728476,8.5453735,ChIJVcQ1YQC5BTsRqyZK4FHzggM,OPERATIONAL,https://www.google.com/maps/place/?q=place_id:ChIJVcQ1YQC5BTsRqyZK4FHzggM
Amer Gustoso Resto,"near ICICI Bank, Jawahar Nagar, Sasthamangalam, Thiruvananthapuram, Kerala 695010, India",+91 97453 34366,76.9715995,8.513362599999999,ChIJIUe1CAC7BTsRmA6GGPdmOYo,OPERATIONAL,https://www.google.com/maps/place/?q=place_id:ChIJIUe1CAC7BTsRmA6GGPdmOYo
American Fried Chicken,"Johns fitness, Shanghumugham Park, Kannanthura, Thiruvananthapuram, Kerala 695007, India",+91 80867 78087,76.9100955,8.484478400000002,ChIJs97MkS29BTsRDO5NP3b9Rg8,CLOSED_TEMPORARILY,https://www.google.com/maps/place/?q=place_id:ChIJs97MkS29BTsRDO5NP3b9Rg8
Ameya foods,"kulathara, KSRA 19, Kalady, karamana p.o, Maruthoorkadavu, Thiruvananthapuram, Kerala 695002, India",+91 99952 34906,76.967197,8.4640267,ChIJa5WBYAC7BTsRcfSz7clLMuc,OPERATIONAL,https://www.google.com/maps/place/?q=place_id:ChIJa5WBYAC7BTsRcfSz7clLMuc
Amigoz Hub,"Near Infosys, Kulathoor, Thiruvananthapuram, Kerala 695583, India",+91 471 241 4900,76.8810354,8.53584,ChIJlTZoyyS_BTsRZJGUpx0KedY,OPERATIONAL,https://www.google.com/maps/place/?q=place_id:ChIJlTZoyyS_BTsRZJGUpx0KedY
AMIYA Restaurant,"G2QV+MCV, Kadambanad Cheriyakonni Road, Nedumkuzhi, Vilappilsala, Vilappil, Kerala 695543, India",,77.0435516,8.5392488,ChIJgy47CzC3BTsRGeGJ6KCPcAw,OPERATIONAL,https://www.google.com/maps/place/?q=place_id:ChIJgy47CzC3BTsRGeGJ6KCPcAw
Amma HOTLE,"Amma Hotal Shop1, Vattapara Rod, opposite Jothi Restless, Ayiroopara, Thiruvananthapuram, Kerala 695584, India",+91 99953 58351,76.9137189,8.6055941,ChIJHwdxypy_BTsRv-JN0scuPWg,OPERATIONAL,https://www.google.com/maps/place/?q=place_id:ChIJHwdxypy_BTsRv-JN0scuPWg
AMMA RESTAURANT,"CV Raman Pillai Rd, Althara Junction, Nandavanam, Vellayambalam, Thiruvananthapuram, Kerala 695010, India",+91 93493 13329,76.96238009999999,8.5087248,ChIJH3UtE8u7BTsRkmwfJ3RgHCA,OPERATIONAL,https://www.google.com/maps/place/?q=place_id:ChIJH3UtE8u7BTsRkmwfJ3RgHCA
Amma Royal Family Restaurant,"opposite public health lab, Ayyankali Nagar, Pattoor, Thiruvananthapuram, Kerala 695035, India",+91 95448 23029,76.9393666,8.4996662,ChIJM_gRE9u7BTsRy5yFjIHvyC4,OPERATIONAL,https://www.google.com/maps/place/?q=place_id:ChIJM_gRE9u7BTsRy5yFjIHvyC4
Amma ruchi Restaurant,"GWHG+8XJ, Ulloor - Akkulam Rd, Ulloor, Thiruvananthapuram, Kerala 695011, India",,76.9274018,8.528328499999999,ChIJhdKNPAC5BTsRvU3Zsf-OLzU,OPERATIONAL,https://www.google.com/maps/place/?q=place_id:ChIJhdKNPAC5BTsRvU3Zsf-OLzU
Amma Veedu Family Restaurant,"to, Vazhuthacaud - Poojappura Rd, near PWD Rest House and Police Training College, Thycaud, Thiruvananthapuram, Kerala 695014, India",+91 85900 88330,76.9587878,8.4918554,ChIJU84c6By7BTsRr2hxqic3X6M,OPERATIONAL,https://www.google.com/maps/place/?q=place_id:ChIJU84c6By7BTsRr2hxqic3X6M
Amma'S Curry Kada,"171, Manikandeswaram Rd, Manikanteswaram, Thiruvananthapuram, Kerala 695013, India",,76.97939079999999,8.5372007,ChIJzfkUTgC5BTsRDqcSY3Od50A,OPERATIONAL,https://www.google.com/maps/place/?q=place_id:ChIJzfkUTgC5BTsRDqcSY3Od50A
Ammachi hotel,"Railway Station, near Pettah, Pallimukku, Pettah, Thiruvananthapuram, Kerala 695024, India",+91 87873 99439,76.9315458,8.495183899999999,ChIJeVfUYDa7BTsRkNct3PN3gJQ,OPERATIONAL,https://www.google.com/maps/place/?q=place_id:ChIJeVfUYDa7BTsRkNct3PN3gJQ
Ammachy Thattukada,"Nalanchira, Paruthippara, Thiruvananthapuram, Kerala 695015, India",+91 70128 80182,76.9445008,8.547392499999999,ChIJTUs8LZy5BTsR4MqfpeGfJjw,OPERATIONAL,https://www.google.com/maps/place/?q=place_id:ChIJTUs8LZy5BTsR4MqfpeGfJjw
Ammas Kitchen (homely foods),"Panayil veedu, Durga Nagar, 65, poomalliyoorkonam, Peroorkada, Thiruvananthapuram, Kerala 695005, India",+91 95620 35441,76.9574057,8.5424483,ChIJMZqsQtG5BTsR-e7Ix6cAzPo,OPERATIONAL,https://www.google.com/maps/place/?q=place_id:ChIJMZqsQtG5BTsR-e7Ix6cAzPo
AMMAS TATTUKADA,"AMMAS TATTUKADA NEAR DPMS HOSPITAL KARAKULAM JUNCTION, PEROORKADA ROAD, Ampalanirappu, Karakulam, Nedumangad, Thiruvananthapuram, Kerala 695564, India",+91 95442 82244,76.9817789,8.561744299999999,ChIJvRU5vjW5BTsRYfcdsRM7J-Y,OPERATIONAL,https://www.google.com/maps/place/?q=place_id:ChIJvRU5vjW5BTsRYfcdsRM7J-Y
AMMAVEEDU OONUKADA,"AMMAVEEDU OONUKADA, Peroorkada Vattiyoorkavu Rd, near Sreya Medicals, Mannammoola, Thiruvananthapuram, Kerala 695005, India",+91 88487 82756,76.9755484,8.5310607,ChIJhyHXXwq5BTsR0YKQcL9kgug,OPERATIONAL,https://www.google.com/maps/place/?q=place_id:ChIJhyHXXwq5BTsR0YKQcL9kgug
Amma’s kitchen,"EVRA185, Vazhuthacaud, Thiruvananthapuram, Kerala 695014, India",+91 79074 19523,76.9665614,8.503325,ChIJ7fn2QJy7BTsRk7vyZr9WdOo,OPERATIONAL,https://www.google.com/maps/place/?q=place_id:ChIJ7fn2QJy7BTsRk7vyZr9WdOo
Ammumma Kada - Aruvikkara,"H297+XWH Ammachi Kada, PO, opposite INDIAN BANK, Aruvikkara, Kerala 695564, India",,77.0148536,8.5699455,ChIJ1zAArR63BTsRzrTp9qHyOuY,OPERATIONAL,https://www.google.com/maps/place/?q=place_id:ChIJ1zAArR63BTsRzrTp9qHyOuY
AMRITHA HOTEL,"AMRITHA HOTEL Near SREEKARIYAM JUNCTION Ulloor, Road, Sreekaryam, Thiruvananthapuram, Kerala 695017, India",+91 99956 53625,76.9182175,8.5487567,ChIJ4aqxqZO5BTsRZPmbJDis45k,OPERATIONAL,https://www.google.com/maps/place/?q=place_id:ChIJ4aqxqZO5BTsRZPmbJDis45k
Amrutam Vegetarian Restaurant,"Devaswom Board Jct, Nanthancodu, Thiruvananthapuram, Kerala 695003, India",+91 96331 44544,76.95693589999999,8.5174076,ChIJw6CtXgC7BTsRn8JTn4Co3JQ,OPERATIONAL,https://www.google.com/maps/place/?q=place_id:ChIJw6CtXgC7BTsRn8JTn4Co3JQ
Amrutham Ayurvedic Village Resort,"RKN Road, Panangode, Venganoor P O, Vizhinjam, Thiruvananthapuram, Venganoor, Kerala 695523, India",+91 81470 49699,76.9916987,8.399114599999999,ChIJl4wUv3WlBTsRbPFes74ojIw,OPERATIONAL,https://www.google.com/maps/place/?q=place_id:ChIJl4wUv3WlBTsRbPFes74ojIw
AMS Chicken Shop,"Vizhinjam Rd, near Kerala Housing Board, Balaramapuram, Kerala 695501, India",,77.0438501,8.4222343,ChIJvfbzWrivBTsRjtxTUfviBxA,OPERATIONAL,https://www.google.com/maps/place/?q=place_id:ChIJvfbzWrivBTsRjtxTUfviBxA
Anagha hot chipps and bakery,"Peringammala, Trivandrum, Pallichal, Kerala 695042, India",+91 98955 88248,77.0207278,8.4172754,ChIJFRBx_JSvBTsR7D2ps01SS6U,OPERATIONAL,https://www.google.com/maps/place/?q=place_id:ChIJFRBx_JSvBTsR7D2ps01SS6U
Anandhaas,"FXJ7+8FR, Judge Rd, Killipalam, Karamana, Thiruvananthapuram, Kerala 695002, India",,76.96369539999999,8.4808759,ChIJ_f4DdAC7BTsRQU6OS9tWPuA,OPERATIONAL,https://www.google.com/maps/place/?q=place_id:ChIJ_f4DdAC7BTsRQU6OS9tWPuA
ANANDHAAS VEG RESTAURANT,"Pravachambalam Near SBI Thiruvanthapuram, Pravachambalam, Nemom, Kerala 695020, India",+91 85473 33031,77.01054719999999,8.4498588,ChIJpXipgQewBTsRJmzKrGaYS1Y,OPERATIONAL,https://www.google.com/maps/place/?q=place_id:ChIJpXipgQewBTsRJmzKrGaYS1Y
Ananthapuri Hospital Restaurant,"Ananthapuri Hospital Chackai, FWPG+FR6, Eanchakkal, Thiruvananthapuram, Kerala 695024, India",,76.92701579999999,8.4861572,ChIJX1eKVGi7BTsRx3B1iQxNndo,OPERATIONAL,https://www.google.com/maps/place/?q=place_id:ChIJX1eKVGi7BTsRx3B1iQxNndo
"ANANTHU HOTEL, അനന്ദു ഹോട്ടൽ","C29C+G93, Peringammala, Pallichal, Kerala 695042, India",,77.02092689999999,8.418759099999999,ChIJIZIZZUivBTsR-FDSYcHfJz8,OPERATIONAL,https://www.google.com/maps/place/?q=place_id:ChIJIZIZZUivBTsR-FDSYcHfJz8
Anas Hotel,"Puthenpalam, Subhash Nagar, Vallakkadavu, Thiruvananthapuram, Kerala 695008, India",+91 98473 35711,76.9321868,8.4785787,ChIJEXg7QHe7BTsRIJ5t9d1nKd4,OPERATIONAL,https://www.google.com/maps/place/?q=place_id:ChIJEXg7QHe7BTsRIJ5t9d1nKd4
Anchor66 Cloud Kitchen,"Santhosh Nagar Rd, Santhosh Nagar, Muttada, Nalanchira, Thiruvananthapuram, Kerala 695025, India",+91 94000 64410,76.9462141,8.536353799999999,ChIJ2bQxVQC5BTsRHi082jObtDg,OPERATIONAL,https://www.google.com/maps/place/?q=place_id:ChIJ2bQxVQC5BTsRHi082jObtDg
Andhra mess,"GVQP+XP7, Kulathoor, Thiruvananthapuram, Kerala 695583, India",,76.886747,8.5399279,ChIJHw3FTAC_BTsRQPOKkHicuEM,OPERATIONAL,https://www.google.com/maps/place/?q=place_id:ChIJHw3FTAC_BTsRQPOKkHicuEM
Angel lucky centre,"ThiruvananthaPuram Road, Meppukada, Thiruvananthapuram, Malayinkeezh, Kerala 695571, India",+91 96454 64731,77.04280159999999,8.487499699999999,ChIJa5i3o6uxBTsRwshSjLsy9a0,CLOSED_TEMPORARILY,https://www.google.com/maps/place/?q=place_id:ChIJa5i3o6uxBTsRwshSjLsy9a0
Ani Chettan's Tattukada,"29, Madan Kovil Ln, Muttada, Sree Nagar, Paruthippara, Thiruvananthapuram, Kerala 695004, India",,76.9426154,8.534734600000002,ChIJEcvg6me5BTsR1E8mWpJnOb8,OPERATIONAL,https://www.google.com/maps/place/?q=place_id:ChIJEcvg6me5BTsR1E8mWpJnOb8
ANIL KUMAR S SURENDRAN NAIR,"ANIL KUMARS, SURENRAN NAIR, Sreekariyam - Pothencode Rd, Kariyam, Rod, Thiruvananthapuram, Kerala 695017, India",,76.92240679999999,8.5595714,ChIJQzOMI1G5BTsRKlNV44SSZEI,OPERATIONAL,https://www.google.com/maps/place/?q=place_id:ChIJQzOMI1G5BTsRKlNV44SSZEI
Anishma hotel,"C2C6+3M3, Kaakkamoola - Poonkulam Rd, Kakkakuzhi, Kerala 695042, India",,77.011662,8.420143,ChIJMeliCtqvBTsRtS-98SzYGcY,OPERATIONAL,https://www.google.com/maps/place/?q=place_id:ChIJMeliCtqvBTsRtS-98SzYGcY
ANJANA HOTEL,"Venniyoor, Venniyoor Rd, Veniyoor, Thiruvananthapuram, Venganoor, Kerala 695523, India",+91 86067 42940,77.0021192,8.412300199999999,ChIJ0Q4cBOalBTsR1P7KCvfXy_4,CLOSED_TEMPORARILY,https://www.google.com/maps/place/?q=place_id:ChIJ0Q4cBOalBTsR1P7KCvfXy_4
Anjana Hotel,"FWFC+P2V, Vallakkadavu, Thiruvananthapuram, Kerala 695008, India",,76.9200315,8.4743628,ChIJu1mAu327BTsRgBU3BfxATEY,CLOSED_TEMPORARILY,https://www.google.com/maps/place/?q=place_id:ChIJu1mAu327BTsRgBU3BfxATEY
Anju's kitchen,"Oruvathilkotta, Venpalavattom opposite to State Bank ATM Venpalavattom, Anayara, Venpalavattom, Thiruvananthapuram, Kerala 695029, India",+91 86081 33322,76.9085065,8.5107914,ChIJfU7L6Vq9BTsRx05RpYmxlPM,OPERATIONAL,https://www.google.com/maps/place/?q=place_id:ChIJfU7L6Vq9BTsRx05RpYmxlPM
ANK chicken shop,"FX5R+827, Nemom, Kerala 695020, India",,76.9906286,8.4572032,ChIJySPOewC7BTsRU_61W6CXfGA,CLOSED_TEMPORARILY,https://www.google.com/maps/place/?q=place_id:ChIJySPOewC7BTsRU_61W6CXfGA
Anna Bhavan Veg Restaurant,"FWVX+22P, Mahatma Gandhi Rd, Santhi Nagar, Pulimoodu, Thiruvananthapuram, Kerala 695001, India",+91 97470 39777,76.9475368,8.4924883,ChIJvROvI0K7BTsRxAOWMoq_lTY,OPERATIONAL,https://www.google.com/maps/place/?q=place_id:ChIJvROvI0K7BTsRxAOWMoq_lTY
Anna Bhavan(Pure Veg),"FX9M+7H8, Trivandrum - Nagercoil Hwy, Kaimanam Vivek Nagar Residential Association, Pappanamcode, Thiruvananthapuram, Kerala 695018, India",+91 85940 48885,76.9839602,8.4681693,ChIJy6Hpe-y6BTsRtroVBeU3bsE,OPERATIONAL,https://www.google.com/maps/place/?q=place_id:ChIJy6Hpe-y6BTsRtroVBeU3bsE
"Anna's Foods, Nettayam","Post office junction, Nettayam, Aruvikkara Road, Kachani, Thiruvananthapuram, Kerala 695013, India",,76.98718749999999,8.5441875,ChIJLc4XtX25BTsRypcQ54aJ-oQ,OPERATIONAL,https://www.google.com/maps/place/?q=place_id:ChIJLc4XtX25BTsRypcQ54aJ-oQ
Annachi muttakada,"FXJ3+GMP, Chalai Market Road, Pazhayasalai, Chalai, Thiruvananthapuram, Kerala 695036, India",,76.95421209999999,8.4813318,ChIJJwN-gpq7BTsR_KQTRV-u6NE,OPERATIONAL,https://www.google.com/maps/place/?q=place_id:ChIJJwN-gpq7BTsR_KQTRV-u6NE
Annam Restaurant & catering services,"Vishnu Nagar, Pappanamcode, Thiruvananthapuram, Kerala 695018, India",,76.9828933,8.4693405,ChIJzeWoafK7BTsRfAyMbQjYspo,OPERATIONAL,https://www.google.com/maps/place/?q=place_id:ChIJzeWoafK7BTsRfAyMbQjYspo
Annapurnashvari Hotel,"10, Vattiyoorkkav Puliyarakkonam Rd, Puliyarakonam, Vilappil, Kerala 695573, India",,77.0218202,8.5383422,ChIJ5c5yAlC3BTsRhbbTTeZ2kVE,OPERATIONAL,https://www.google.com/maps/place/?q=place_id:ChIJ5c5yAlC3BTsRhbbTTeZ2kVE
Anuja,"Carnival Technopark, Technopark Rd, Technopark Campus, Thiruvananthapuram, Kerala 695583, India",+91 62825 71769,76.884357,8.5538001,ChIJ4SEl8AG_BTsRrXme3YDXNzY,OPERATIONAL,https://www.google.com/maps/place/?q=place_id:ChIJ4SEl8AG_BTsRrXme3YDXNzY
Anupinte thattukada,"SH45, Vazhayila, Thiruvananthapuram, Kerala 695564, India",,76.9763116,8.5537125,ChIJ47lbaSW5BTsR3PSTegvih6E,OPERATIONAL,https://www.google.com/maps/place/?q=place_id:ChIJ47lbaSW5BTsR3PSTegvih6E
APM Hotel,"FXCJ+663, Opposite KSRTC Dippo, CTO Colony, Pappanamcode, Thiruvananthapuram, Kerala 695018, India",+91 99959 69506,76.98054909999999,8.4705145,ChIJacBLYu66BTsRz_f1GYk52Lo,OPERATIONAL,https://www.google.com/maps/place/?q=place_id:ChIJacBLYu66BTsRz_f1GYk52Lo
Apna Punjabi Dhaba,"Upstairs, Divine Supermarket, Kovalam Rd, Vizhinjam, Thiruvananthapuram, Kerala 695527, India",+91 88487 15090,76.9817064,8.3986489,ChIJPwSVCtWlBTsRPYL0IGIjKNc,OPERATIONAL,https://www.google.com/maps/place/?q=place_id:ChIJPwSVCtWlBTsRPYL0IGIjKNc
Apoos Hotel,"HVQH+FGX, Kazhakoottam - Kilimanoor Rd, Thiruvananthapuram, Chanthavila, Kerala 695585, India",,76.87899519999999,8.5887177,ChIJmcVbJQC_BTsRBs8l01_Ta3M,OPERATIONAL,https://www.google.com/maps/place/?q=place_id:ChIJmcVbJQC_BTsRBs8l01_Ta3M
AppleBee's,"Pothencode, Kerala 695584, India",,76.89689349999999,8.614921299999999,ChIJ31Y3_gbBBTsRpPN-W5_NU5U,OPERATIONAL,https://www.google.com/maps/place/?q=place_id:ChIJ31Y3_gbBBTsRpPN-W5_NU5U
APPU’s fast food,"G26C+XHP, Thirumala Peyad Malayinkeezhu Rd, Peyad, Kerala 695573, India",,77.02146359999999,8.51249,ChIJTc45xOmxBTsRoTq6V7LzRbI,OPERATIONAL,https://www.google.com/maps/place/?q=place_id:ChIJTc45xOmxBTsRoTq6V7LzRbI
Ap’s payasakada,"GXM2+M39, Paruthippara Ambalamukku Rd, Muttada, Thiruvananthapuram, Kerala 695025, India",+91 70129 69083,76.9502203,8.5341542,ChIJHcDNz8W5BTsRyU1iNdW9KMM,OPERATIONAL,https://www.google.com/maps/place/?q=place_id:ChIJHcDNz8W5BTsRyU1iNdW9KMM
AR poultry farm,"AR Bhavan, P.O, Kariyavattom - Chenkottukonam Rd, Thundathil, Thiruvananthapuram, Kerala 695587, India",,76.90313739999999,8.584842199999999,ChIJhfv6cjW_BTsRgPx-Yu1M4gM,OPERATIONAL,https://www.google.com/maps/place/?q=place_id:ChIJhfv6cjW_BTsRgPx-Yu1M4gM
AR restaurant,"AR restaurant, Nellikadu, Santhamoola, Malayinkeezh, Kerala 695571, India",+91 99955 50137,77.0360338,8.4902257,ChIJd5yMrPmxBTsRq-i9qKkc4s0,OPERATIONAL,https://www.google.com/maps/place/?q=place_id:ChIJd5yMrPmxBTsRq-i9qKkc4s0
Arabian Broast,"Trivandrum Vizhinjam Rd, Kamaleshwaram, Thiruvananthapuram, Kerala 695009, India",+91 96331 27788,76.9491085,8.4648541,ChIJIwrU6Ba7BTsRy-6cwSgA6ck,OPERATIONAL,https://www.google.com/maps/place/?q=place_id:ChIJIwrU6Ba7BTsRy-6cwSgA6ck
ARABIAN GRILL Restaurant,"Peroorkada Junction, AKG Nagar, Peroorkada, Thiruvananthapuram, Kerala 695005, India",+91 87149 68175,76.96669179999999,8.537762299999999,ChIJh-VVr8a5BTsRD0zQt1cWKfA,CLOSED_TEMPORARILY,https://www.google.com/maps/place/?q=place_id:ChIJh-VVr8a5BTsRD0zQt1cWKfA
arabian masala,"Ambalathinkara, Kazhakkoottam, Thiruvananthapuram, Kerala 695582, India",,76.88027459999999,8.5650117,ChIJ5WHGT9W7BTsRp1wMg5YdubI,OPERATIONAL,https://www.google.com/maps/place/?q=place_id:ChIJ5WHGT9W7BTsRp1wMg5YdubI
Arabian Tasty Cafe,"Attakulangara - Enchakkal Rd, Sreevaraham, East Fort, Pazhavangadi, Thiruvananthapuram, Kerala 695009, India",+91 99958 83886,76.9429837,8.4789266,ChIJk6k3Fwu7BTsR5MzofhnFRQI,OPERATIONAL,https://www.google.com/maps/place/?q=place_id:ChIJk6k3Fwu7BTsR5MzofhnFRQI
Arabica Fried Chicken,"Karyavattom, Thiruvananthapuram, Kerala 695581, India",+91 98222 12226,76.890815,8.5668536,ChIJ0YPDaOq_BTsRD7Ohqhv-L7c,CLOSED_TEMPORARILY,https://www.google.com/maps/place/?q=place_id:ChIJ0YPDaOq_BTsRD7Ohqhv-L7c
ARABIYAN TAWAS,"GV9J+55H, Veli - Perumathura Rd, Veli, Thiruvananthapuram, Kerala 695021, India",,76.8804596,8.518000299999999,ChIJQQaQJwC9BTsRkK6zdosgH7A,CLOSED_TEMPORARILY,https://www.google.com/maps/place/?q=place_id:ChIJQQaQJwC9BTsRkK6zdosgH7A
Aramam Family Restaurant,"HX3G+WWW, Thiruvananthapuram, Kerala 695564, India",,76.9773214,8.5548608,ChIJp2-fFbu5BTsRhYDW1df6xjA,CLOSED_TEMPORARILY,https://www.google.com/maps/place/?q=place_id:ChIJp2-fFbu5BTsRhYDW1df6xjA
Arasumoodu,"GVVP+43Q, Thripadappuram Rd, Kulathoor, Thiruvananthapuram, Kerala 695583, India",,76.8852321,8.5427608,ChIJcWYkKgC_BTsR4hdYQiJoIzQ,OPERATIONAL,https://www.google.com/maps/place/?q=place_id:ChIJcWYkKgC_BTsR4hdYQiJoIzQ
Arif's boofiya al'youm,"NH Bypass Service Rd, Paruthikuzhy, Thiruvananthapuram, Kerala 695026, India",,76.94415029999999,8.456095099999999,ChIJUVhUSxe7BTsRo20d1tBuk74,OPERATIONAL,https://www.google.com/maps/place/?q=place_id:ChIJUVhUSxe7BTsRo20d1tBuk74
Ariya Jyothi Vegetarian Restaurant,"Pattom Square, Near One, Lekshmi Nagar, Pattom, Thiruvananthapuram, Kerala 695004, India",+91 471 254 5645,76.94023,8.5237677,ChIJkZ-eFOC7BTsR03qxG925FOw,OPERATIONAL,https://www.google.com/maps/place/?q=place_id:ChIJkZ-eFOC7BTsR03qxG925FOw
Ariya Nivaas Restaurant,"Manorama Rd, near Thampanoor, Aristo Junction, Thampanoor, Thiruvananthapuram, Kerala 695014, India",+91 94000 00769,76.9537565,8.4887508,ChIJ2e5EuZO7BTsR85kL8-6DfCo,OPERATIONAL,https://www.google.com/maps/place/?q=place_id:ChIJ2e5EuZO7BTsR85kL8-6DfCo
Aroma Hotel,"ground floor, Co-Operative Society, Prasanth Nagar, Aakkulam, Thiruvananthapuram, Kerala 695011, India",+91 89438 22045,76.914041,8.5229737,ChIJc7qiPaW-BTsRB4Smqhh0zwg,OPERATIONAL,https://www.google.com/maps/place/?q=place_id:ChIJc7qiPaW-BTsRB4Smqhh0zwg
Arowna Family Restaurant,"F2QQ+H27, Pappanamcode Malayinkeezhu Rd, Malayinkeezh, Kerala 695571, India",+91 94469 71250,77.03755439999999,8.488918,ChIJ3-hERqSwBTsRaLzsf683lEA,CLOSED_TEMPORARILY,https://www.google.com/maps/place/?q=place_id:ChIJ3-hERqSwBTsRaLzsf683lEA
Arunima Restaurant,"Arunima Restaurant, junction, Prasanthnagar, Vattappara, Kerala 695028, India",+91 472 258 6716,76.95185169999999,8.5928223,ChIJSXhdYpK4BTsRZKVBujsVf-k,OPERATIONAL,https://www.google.com/maps/place/?q=place_id:ChIJSXhdYpK4BTsRZKVBujsVf-k
Arya Bhavan- Pure vegetarian,"GW33+XVP, CNRA-A28, Karikkakom, Karikkakam, Thiruvananthapuram, Kerala 695021, India",+91 93492 09878,76.9047461,8.5049256,ChIJdxR5XO29BTsRkdmzMzYtyZ8,OPERATIONAL,https://www.google.com/maps/place/?q=place_id:ChIJdxR5XO29BTsRkdmzMzYtyZ8
Aryaas Elite Veg Restaurant,"G Nath Building, Old NH Rd, Ambalathinkara, Pavithram, Thiruvananthapuram, Kerala 695582, India",+91 90722 10753,76.87881229999999,8.5652165,ChIJkUjHWI2_BTsRMTkpEKnzOpg,OPERATIONAL,https://www.google.com/maps/place/?q=place_id:ChIJkUjHWI2_BTsRMTkpEKnzOpg
Aryaas Park Veg Restaurant,"FXQ2+634, Theatre Station Road, near Apollo Dimora & Sreekumar, Overbridge, Thampanoor, Thiruvananthapuram, Kerala 695001, India",+91 90728 63449,76.9503149,8.4881785,ChIJZ13V1aW7BTsRHr1XJDaJkTI,OPERATIONAL,https://www.google.com/maps/place/?q=place_id:ChIJZ13V1aW7BTsRHr1XJDaJkTI
Aryaas Pure Veg. Family Restaurant,"GW7H+32X AJ Hall, Kumarapuram, Thiruvananthapuram, Kerala 695011, India",,76.92762309999999,8.5127344,ChIJf1r3OIy7BTsRnpiwcZCMheg,OPERATIONAL,https://www.google.com/maps/place/?q=place_id:ChIJf1r3OIy7BTsRnpiwcZCMheg
ARYAAS PURE VEGETARIAN HOTEL,"GWPR+VM3, Pananvila Jnunction, Nalanchira P.O, Tilak Nagar, Parottukonam, Thiruvananthapuram, Kerala 695015, India",,76.9416703,8.5371261,ChIJp4uIPAC5BTsRbby_Jm5k6Ks,OPERATIONAL,https://www.google.com/maps/place/?q=place_id:ChIJp4uIPAC5BTsRbby_Jm5k6Ks
Aryaas Vegetarian Restaurant,"Medical College, opposite to police station, Murinjapalam, Thiruvananthapuram, Kerala 695011, India",,76.92961129999999,8.521493699999999,ChIJAWE3dGW7BTsRa7PjoN-AtOA,OPERATIONAL,https://www.google.com/maps/place/?q=place_id:ChIJAWE3dGW7BTsRa7PjoN-AtOA
ARYANS FOOD CASTLE,"C268+QP3, Pullannimukku, Venganoor, Kerala 695042, India",,77.016787,8.411877900000002,ChIJQQSOEQCvBTsRhH6aW4FjZoY,OPERATIONAL,https://www.google.com/maps/place/?q=place_id:ChIJQQSOEQCvBTsRhH6aW4FjZoY
AS Chicken Centre,"GW4Q+X23, Gowreesapattom, Gowreshapatom, Thiruvananthapuram, Kerala 695004, India",,76.93756239999999,8.507392,ChIJS5FKu8O7BTsRbfhyk68L8-I,OPERATIONAL,https://www.google.com/maps/place/?q=place_id:ChIJS5FKu8O7BTsRbfhyk68L8-I
AS halal chicken,"FW5R+GQ8, Paruthikuzhy, Thiruvananthapuram, Kerala 695009, India",+91 80896 33706,76.94194019999999,8.4587801,ChIJIXru62a7BTsRLDXYRQoC0T0,OPERATIONAL,https://www.google.com/maps/place/?q=place_id:ChIJIXru62a7BTsRLDXYRQoC0T0
asquare biriyani,"22/3717/1, Sasthamangalam Rd, near KPCC Office, Althara Nagar, Vellayambalam, Thiruvananthapuram, Kerala 695010, India",+91 87144 91782,76.9662706,8.511447,ChIJtxGQKAW7BTsRS143G_B_-WM,OPERATIONAL,https://www.google.com/maps/place/?q=place_id:ChIJtxGQKAW7BTsRS143G_B_-WM
Aswathi Hotel,"Pachalloor Rd, Pachalloor, Thiruvananthapuram, Kerala 695027, India",+91 95268 31826,76.9636213,8.4233459,ChIJb8wERd-kBTsR_daQti-6IWs,OPERATIONAL,https://www.google.com/maps/place/?q=place_id:ChIJb8wERd-kBTsR_daQti-6IWs
Aswathy Hotel,"JW37+XCJ, Ayiroopara, Thiruvananthapuram, Kerala 695584, India",,76.913526,8.604975,ChIJJ_m2DQC_BTsR1ozpk-zUXNA,CLOSED_TEMPORARILY,https://www.google.com/maps/place/?q=place_id:ChIJJ_m2DQC_BTsR1ozpk-zUXNA
ASWATHY HOTEL & TEASHOP,"HX7P+M8Q, Karakulam Palam - Kachani Rd, Karakulam, Thiruvananthapuram, Kerala 695564, India",,76.9858666,8.5642117,ChIJk2wodba5BTsRDJpJBiylbEo,OPERATIONAL,https://www.google.com/maps/place/?q=place_id:ChIJk2wodba5BTsRDJpJBiylbEo
Aswin Fast Food,"G254+WRC, കുണ്ടമൺകടവ്, Peyad, Kerala 695573, India",,77.00698950000002,8.5098053,ChIJr5VUYgC7BTsRAUB89WnlzCY,OPERATIONAL,https://www.google.com/maps/place/?q=place_id:ChIJr5VUYgC7BTsRAUB89WnlzCY
Atelier by Ambrosia,"Ground Floor, Koluthara Towers, Marappalam Rd, Pattom, Thiruvananthapuram, Kerala 695004, India",+91 93870 87066,76.9440472,8.5200369,ChIJ2dZj-yO7BTsR3dRz2zTaMjg,OPERATIONAL,https://www.google.com/maps/place/?q=place_id:ChIJ2dZj-yO7BTsR3dRz2zTaMjg
Attakulangara kethel chicken Rahmaniya Restaurant,"Attakulangara - Enchakkal Rd, East Fort, Attakulangara, Thiruvananthapuram, Kerala 695036, India",+91 95394 33207,76.94762639999999,8.4792291,ChIJMybEw3G7BTsRb3Zv2BMm4XM,OPERATIONAL,https://www.google.com/maps/place/?q=place_id:ChIJMybEw3G7BTsRb3Zv2BMm4XM
Attingal,"C2P6+X8P, Kalliyoor, Kerala 695020, India",,77.0108221,8.4374637,ChIJDXfHLACvBTsRjIho-d_gy-8,CLOSED_TEMPORARILY,https://www.google.com/maps/place/?q=place_id:ChIJDXfHLACvBTsRjIho-d_gy-8
Attukal Fast Food,"Maruthunkuzhi Kachani Road, GXGQ+WW8, Thiruvananthapuram, Kerala 695013, India",+91 96455 44242,76.9898144,8.5272782,ChIJ48Xve_W5BTsRFGqXNLAXrmI,OPERATIONAL,https://www.google.com/maps/place/?q=place_id:ChIJ48Xve_W5BTsRFGqXNLAXrmI
Attukal Hotel,"FX93+JCH, Medamukku Rd, Attukal, Manacaud, Thiruvananthapuram, Kerala 695009, India",+91 471 246 4649,76.9536194,8.4690627,ChIJCWusfBq7BTsRQ4KAavRw5tI,OPERATIONAL,https://www.google.com/maps/place/?q=place_id:ChIJCWusfBq7BTsRQ4KAavRw5tI
AVE MARIYA NADAN THATTUKADA,"Ave Mariya Thacjottukavu, NA, Thachottukavu - Thirumala Rd, Puthuveettumele, Thiruvananthapuram, Perukavu, Kerala 695573, India",+91 80863 46538,77.0170814,8.4987326,ChIJrxn71Q-xBTsR9VIYSdOyGeA,OPERATIONAL,https://www.google.com/maps/place/?q=place_id:ChIJrxn71Q-xBTsR9VIYSdOyGeA
Avittam Thattukada,"FXXV+CRV, Puthenkada, Thiruvananthapuram, Kerala 695006, India",,76.99455859999999,8.498620899999999,ChIJEe-bBgC7BTsR8yFakg78E98,OPERATIONAL,https://www.google.com/maps/place/?q=place_id:ChIJEe-bBgC7BTsR8yFakg78E98
Ayilyam hotal,"HXFG+93R, Karakulam Mullassery Venkode Rd, Kerala 695564, India",,76.97516089999999,8.573557899999999,ChIJjw_IUQC5BTsRMQgg3qc8O4s,CLOSED_TEMPORARILY,https://www.google.com/maps/place/?q=place_id:ChIJjw_IUQC5BTsRMQgg3qc8O4s
Ayswariya Hotel & Lodge,"Thakaraparambu, Nalumukku, Pazhavangadi, Thiruvananthapuram, Kerala 695023, India",+91 99618 34848,76.9471682,8.486084,ChIJfybxzKa7BTsRCMJ7C0_zk-8,OPERATIONAL,https://www.google.com/maps/place/?q=place_id:ChIJfybxzKa7BTsRCMJ7C0_zk-8
Ayyappankuzhi,"Hevean fast food, p.op.o, Ayyappankuzhi - Paruthikuzhy Rd, അയ്യപ്പൻകുഴി, പരുത്തിക്കുഴി, കേരള 695541, India",,77.0505074,8.60533,ChIJoWJSisa3BTsRfMncETZ8wM0,CLOSED_TEMPORARILY,https://www.google.com/maps/place/?q=place_id:ChIJoWJSisa3BTsRfMncETZ8wM0
Azad Restaurant,"Medical Collge, P.O, Medical College Ulloor Rd, near Sree Narayana Guru Mandir, Ulloor, Thiruvananthapuram, Kerala 695011, India",+91 97458 97454,76.9284284,8.5256036,ChIJf3fVv1e5BTsRB6hlsuM9crM,OPERATIONAL,https://www.google.com/maps/place/?q=place_id:ChIJf3fVv1e5BTsRB6hlsuM9crM
Azad Restaurant at Over Bridge,"Overbridge, Mele, Pazhavangadi, Thiruvananthapuram, Kerala 695036, India",+91 97458 97450,76.9478707,8.487247,ChIJoXPUuqa7BTsRSSujVeNeaiE,OPERATIONAL,https://www.google.com/maps/place/?q=place_id:ChIJoXPUuqa7BTsRSSujVeNeaiE
Azad Star at Mall of Travancore,"Mall of Travancore, Chacka, Thiruvananthapuram, Kerala 695024, India",+91 97458 97455,76.92630260000001,8.4873975,ChIJGQeYxZW7BTsRnWqVDfyNAto,OPERATIONAL,https://www.google.com/maps/place/?q=place_id:ChIJGQeYxZW7BTsRnWqVDfyNAto
Azad Star at Vazhuthacaud,"CV Raman Pillai Rd, opposite Bharat Petrol Pump, Bakery, Vazhuthacaud, Thiruvananthapuram, Kerala 695014, India",+91 97458 97452,76.9583612,8.5007743,ChIJ6xwQJ7S7BTsRTaVv8CwAVSU,OPERATIONAL,https://www.google.com/maps/place/?q=place_id:ChIJ6xwQJ7S7BTsRTaVv8CwAVSU
Azeez Halal Chicken,"695002, Shastri Nagar, Poojapura, Thiruvananthapuram, Kerala 695002, India",+91 471 234 8886,76.9719995,8.4846433,ChIJp7pRR1a6BTsR2mHCMD0EpNI,OPERATIONAL,https://www.google.com/maps/place/?q=place_id:ChIJp7pRR1a6BTsR2mHCMD0EpNI
"Azeez Restaurant, Poojapura","Poojappura Main Rd, Poojapura, Thiruvananthapuram, Kerala 695012, India",+91 77362 28166,76.97439279999999,8.492731599999999,ChIJm36aalC6BTsRZIFRBfFwbRQ,OPERATIONAL,https://www.google.com/maps/place/?q=place_id:ChIJm36aalC6BTsRZIFRBfFwbRQ
Azhakadal hotel,"10th Stone Bus Stop, SH 2, Kerala 695541, India",,76.99529489999999,8.5875831,ChIJ9w6Fo0q5BTsRFypKByEtMQ0,CLOSED_TEMPORARILY,https://www.google.com/maps/place/?q=place_id:ChIJ9w6Fo0q5BTsRFypKByEtMQ0
Azhamkal,"Road, FX8F+M62, 1st St, Karumam, Krishna Nagar, Punchakkari, Thiruvananthapuram, Kerala 695018, India",+91 83300 51474,76.972436,8.466914,ChIJ5YXMAQC7BTsRxbFVpDFYmgQ,OPERATIONAL,https://www.google.com/maps/place/?q=place_id:ChIJ5YXMAQC7BTsRxbFVpDFYmgQ
Baawarchi,"Bawarchi, Kinfra Park, Kazhakkoottam, Thiruvananthapuram, Kerala 695585, India",+91 85476 36984,76.8769866,8.5870257,ChIJkcxfhPa_BTsRc2fuAvmqERQ,CLOSED_TEMPORARILY,https://www.google.com/maps/place/?q=place_id:ChIJkcxfhPa_BTsRc2fuAvmqERQ
Baawarchi The Royal Chef,"KINFRA Film And Video Park , Sinik School, Dhrishya Building, PO, Ulloorkonam, Thiruvananthapuram, Kerala 695585, India",,76.8782724,8.5805451,ChIJMQiup62_BTsR5yNSMtf5-Ks,CLOSED_TEMPORARILY,https://www.google.com/maps/place/?q=place_id:ChIJMQiup62_BTsR5yNSMtf5-Ks
Bab Arabia,"Pattom - Kowdiar Rd, next to SFS Mayfair Appartment, Marappalam, Thiruvananthapuram, Kerala 695004, India",+91 73567 79888,76.9468297,8.520053899999999,ChIJQ_b63iS7BTsRHe9bIHJdoMQ,OPERATIONAL,https://www.google.com/maps/place/?q=place_id:ChIJQ_b63iS7BTsRHe9bIHJdoMQ
Babu Hotel,"GW6H+M4X J. Hall, A, Junction, Kumarapuram, Thiruvananthapuram, Kerala 695011, India",+91 99959 12980,76.9279154,8.511724899999999,ChIJc5CMmKK7BTsRPnF2177u2sA,OPERATIONAL,https://www.google.com/maps/place/?q=place_id:ChIJc5CMmKK7BTsRPnF2177u2sA
Backstreet Bistro,"Kundamonbhagam, Peyad, Kerala 695573, India",+91 79073 18755,77.0053887,8.509258899999999,ChIJpT3LOAC7BTsR-HYl43_eX2M,OPERATIONAL,https://www.google.com/maps/place/?q=place_id:ChIJpT3LOAC7BTsR-HYl43_eX2M
Bait,"Taj Green Cove Resort & Spa G. V. Raja, Road, Vattappara, Kovalam, Thiruvananthapuram, Kerala 695527, India",+91 471 661 3000,76.97348699999999,8.403073000000001,ChIJd-t1JwmlBTsR7AOnkCw2lms,OPERATIONAL,https://www.google.com/maps/place/?q=place_id:ChIJd-t1JwmlBTsR7AOnkCw2lms
Bake n Corner - killipalam jn,"Junction, Killipalam, Pazhayasalai, Valiyasalai, Thiruvananthapuram, Kerala 695036, India",+91 99933 38636,76.9571089,8.4821708,ChIJL1NxKsu7BTsRg_D2YDlH8-U,OPERATIONAL,https://www.google.com/maps/place/?q=place_id:ChIJL1NxKsu7BTsRg_D2YDlH8-U
BAKED 'N' COOKED,"SNRA 40, Swagath Nagar, Manacaud, Kallattumukku, Thiruvananthapuram, Kerala 695009, India",+91 70128 47606,76.9513802,8.4615976,ChIJhSYLYgG7BTsRhUHz_PDJnN4,OPERATIONAL,https://www.google.com/maps/place/?q=place_id:ChIJhSYLYgG7BTsRhUHz_PDJnN4
Baker's Arch Garden Cafe,"18/1400-1, Vikramapuram Hill Rd, Kowdiar P.O, Kuravankonam, Thiruvananthapuram, Kerala 695004, India",+91 87146 42900,76.9501258,8.5231929,ChIJPROsmAS7BTsRe5QY7UCdiyU,OPERATIONAL,https://www.google.com/maps/place/?q=place_id:ChIJPROsmAS7BTsRe5QY7UCdiyU
Bakshanapura,"Muthoot Fincorp, Jagathy Main Road, opposite More Supermarket, Vazhuthacaud, Thiruvananthapuram, Kerala 695014, India",+91 73562 68550,76.9634763,8.494668899999999,ChIJG6Ph7we7BTsR3rghRc-13ug,CLOSED_TEMPORARILY,https://www.google.com/maps/place/?q=place_id:ChIJG6Ph7we7BTsR3rghRc-13ug
BALA'S HUB,"near Venganoor Post Office, Vizhinjam, Thiruvananthapuram, Kerala 695523, India",,77.0025167,8.3961851,ChIJIyD228elBTsREri9Rd4tvIU,OPERATIONAL,https://www.google.com/maps/place/?q=place_id:ChIJIyD228elBTsREri9Rd4tvIU
Balaji Cafe,"Vazhapally Junction, Fort, East Fort, Pazhavangadi, Thiruvananthapuram, Kerala 695023, India",+91 94446 81468,76.9421019,8.4806086,ChIJeSPbxQq7BTsRIWvkMzrHe60,OPERATIONAL,https://www.google.com/maps/place/?q=place_id:ChIJeSPbxQq7BTsRIWvkMzrHe60
Balaji Hotel,"92WF+HW9, uchakkada, Vizhinjam, Venganoor, Kerala 695501, India",+91 86064 61887,77.0248561,8.3964082,ChIJ7QHN7TWvBTsRkVPe92PU4-A,OPERATIONAL,https://www.google.com/maps/place/?q=place_id:ChIJ7QHN7TWvBTsRkVPe92PU4-A
Balan's Kamalam Restaurant,"Kaithamukku Petta Rd, Nalumukku, Kaithamukku, Thiruvananthapuram, Kerala 695023, India",+91 471 247 6841,76.9402377,8.489412399999999,ChIJ0yxjkZi7BTsRe0aGaypU0NQ,OPERATIONAL,https://www.google.com/maps/place/?q=place_id:ChIJ0yxjkZi7BTsRe0aGaypU0NQ
Bambi satvik business,"Pazhavadi, Nedumangad, Thiruvananthapuram, Kerala 695541, India",+91 94975 68119,77.004626,8.6080226,ChIJe4ApwV-5BTsRzE3GxCMWJ1w,OPERATIONAL,https://www.google.com/maps/place/?q=place_id:ChIJe4ApwV-5BTsRzE3GxCMWJ1w
"Bangalore Juicy and Foods , Kazhakootam","Technopark Phase III Main Rd, Kulathoor, Thiruvananthapuram, Kerala 695583, India",+91 62388 87878,76.877326,8.5488574,ChIJTwmsR_C_BTsRiOqSOAXaxmg,OPERATIONAL,https://www.google.com/maps/place/?q=place_id:ChIJTwmsR_C_BTsRiOqSOAXaxmg
Banyan Tree Pure Veg Restaurant,"Banyan Tree Samudra, GV Raja Rd, near KTDC Samudra, Kovalam, Thiruvananthapuram, Kerala 695527, India",,76.97293959999999,8.4009135,ChIJ87hQOaqlBTsR-Xxqg6fHPcc,OPERATIONAL,https://www.google.com/maps/place/?q=place_id:ChIJ87hQOaqlBTsR-Xxqg6fHPcc
Barbecue Space,"SPENCER JN, Spencer Junction, Statue, Palayam, Thiruvananthapuram, Kerala 695001, India",+91 95390 65555,76.9489761,8.5003742,ChIJ83HdbZW7BTsRULbZrobuCNQ,OPERATIONAL,https://www.google.com/maps/place/?q=place_id:ChIJ83HdbZW7BTsRULbZrobuCNQ
Barbecue Space,"Ed Heights, Salem - Kochi Hwy, Pattom, Thiruvananthapuram, Kerala 695004, India",+91 95395 25555,76.94112059999999,8.521737600000002,ChIJL6BTm4m7BTsRxBlASUhfXvI,OPERATIONAL,https://www.google.com/maps/place/?q=place_id:ChIJL6BTm4m7BTsRxBlASUhfXvI
Barbecue SPACE Restaurant,"All India Radio Vazhuthacaud, Jagathy NK Achari Rd, DPI, Vazhuthacaud, Thiruvananthapuram, Kerala 695014, India",+91 95392 65555,76.95983300000002,8.499458200000001,ChIJiwOuP7q_BTsRHO8Whc_i1k8,OPERATIONAL,https://www.google.com/maps/place/?q=place_id:ChIJiwOuP7q_BTsRHO8Whc_i1k8
"Barbeque Nation - Lulu Mall, Thiruvananthapuram","2nd floor, Barbeque Nation Hospitallity Limited, Lulu International Shopping Mall, TC 91, Akkulam Bridge, Anayara Post, Thiruvananthapuram, Kerala 695029, India",+91 80 6405 8006,76.8976919,8.515362099999999,ChIJiWfiida9BTsRPwNqvbhCWXQ,OPERATIONAL,https://www.google.com/maps/place/?q=place_id:ChIJiWfiida9BTsRPwNqvbhCWXQ
Barbeque Space Technovalley,"GVPJ+M5H Technovalley, Kulathoor, Thiruvananthapuram, Kerala 695583, India",+91 95390 68888,76.88119069999999,8.535513,ChIJ4SctdIC_BTsRoVvKJNhmOI0,OPERATIONAL,https://www.google.com/maps/place/?q=place_id:ChIJ4SctdIC_BTsRoVvKJNhmOI0
Barkath HALAL CHICKEN,"FW9H+6J9, BSF Ln, Vidya Gardens, Salafi Nagar, Vallakkadavu, Thiruvananthapuram, Kerala 695008, India",+91 94474 28889,76.9291246,8.4680275,ChIJ0YzshGW7BTsR5F_lqfm7qV0,OPERATIONAL,https://www.google.com/maps/place/?q=place_id:ChIJ0YzshGW7BTsR5F_lqfm7qV0
"Beach & Lake Ayurvedic Resort, Kovalam","Pozhikkara Beach, Pachalloor, Kovalam, Thiruvananthapuram, Kerala 695027, India",+91 99465 44000,76.961383,8.4266913,ChIJVVVVRSalBTsRsFh7YDngHdM,OPERATIONAL,https://www.google.com/maps/place/?q=place_id:ChIJVVVVRSalBTsRsFh7YDngHdM
Beevi’s noodles hub & Fast food,"C24M+3C3, Vizhinjam - Balaramapuram Rd, Mangalathukonam, Kattachalkuzhi, Kottukal, Kerala 695501, India",,77.033349,8.405014999999999,ChIJD-myKgCvBTsRcAVBaLFQscQ,CLOSED_TEMPORARILY,https://www.google.com/maps/place/?q=place_id:ChIJD-myKgCvBTsRcAVBaLFQscQ
Behrouz Biryani Medical college,"Pazhaya Rd First Floor, T.C 6/1367, Bhagavathy Plaza Pongummoodu Medical College, Ulloor, Thiruvananthapuram, Kerala 695011, India",+91 77000 50050,76.9258842,8.5384019,ChIJgQ1cg2u5BTsRZR7mgF0b48o,OPERATIONAL,https://www.google.com/maps/place/?q=place_id:ChIJgQ1cg2u5BTsRZR7mgF0b48o
Bell Pepper,"Peroorkada-Kudappanakunnu Rd, Haritha Nagar, Harvipuram Colony, Peroorkada, Thiruvananthapuram, Kerala 695005, India",+91 80785 35011,76.9618222,8.541917699999999,ChIJj_cNeXa5BTsRNoK4h4j0Hu4,OPERATIONAL,https://www.google.com/maps/place/?q=place_id:ChIJj_cNeXa5BTsRNoK4h4j0Hu4
Besties Halal Chicken Center,"H2F7+VV4, Aruvikkara, Kerala 695564, India",,77.0147104,8.574643199999999,ChIJ6TR1XWG3BTsRPddY7gFR-is,CLOSED_TEMPORARILY,https://www.google.com/maps/place/?q=place_id:ChIJ6TR1XWG3BTsRPddY7gFR-is
BETHASTHA FOOD STALL,"G2MG+W77, Peyad-Puliyarakonam Road, Puliyarakonam, Vilappil, Kerala 695573, India",,77.02568269999999,8.5347819,ChIJXfonk063BTsRY5XfqcFdmxM,OPERATIONAL,https://www.google.com/maps/place/?q=place_id:ChIJXfonk063BTsRY5XfqcFdmxM
Bhagavathi Restaurant,"FX9Q+QCQ, Pappanamcode Malayinkeezhu Rd, Vishnu Nagar, Pappanamcode, Thiruvananthapuram, Kerala 695019, India",+91 81294 76067,76.98862230000002,8.469455900000002,ChIJ02p4PpO6BTsRLuHS4pXCxZg,OPERATIONAL,https://www.google.com/maps/place/?q=place_id:ChIJ02p4PpO6BTsRLuHS4pXCxZg
BHAGYAM FAMILY RESTAURANT,"GW76+8P9, Poonthi Rd, Aakkulam, Thiruvananthapuram, Kerala 695029, India",,76.91184830000002,8.5132854,ChIJkRMoJAC9BTsRZlxH3ay2oAE,OPERATIONAL,https://www.google.com/maps/place/?q=place_id:ChIJkRMoJAC9BTsRZlxH3ay2oAE
Bhakshanappura,"FXQJ+59Q, Kesari Nagar, Poojapura, Thiruvananthapuram, Kerala 695012, India",,76.9809896,8.487974099999999,ChIJeWyoj_-7BTsRd1SZvFua3sY,OPERATIONAL,https://www.google.com/maps/place/?q=place_id:ChIJeWyoj_-7BTsRd1SZvFua3sY
Bhandaris,"JX9P+VFG, Venkavila, Kerala 695561, India",,76.9861907,8.619697799999999,ChIJzZNEVQDHBTsRxM09ns03C3M,OPERATIONAL,https://www.google.com/maps/place/?q=place_id:ChIJzZNEVQDHBTsRxM09ns03C3M
BHANDARIS KITCHEN,"BHANDARIS KITCHEN PENKAVILA, VEMBAYAM ROAD, Pazhavadi, Thiruvananthapuram, Nedumangad, Kerala 695541, India",+91 90612 88845,77.0023989,8.610950599999999,ChIJj2bT_K65BTsRZ0XT2u_Kp3w,OPERATIONAL,https://www.google.com/maps/place/?q=place_id:ChIJj2bT_K65BTsRZ0XT2u_Kp3w
Bhanpur,"FXPM+Q7H, Mudavanmugal, Kesari Nagar, Poojapura, Thiruvananthapuram, Kerala 695012, India",,76.9832283,8.4869358,ChIJYfQhYAC7BTsR0mYVxx-dTNo,OPERATIONAL,https://www.google.com/maps/place/?q=place_id:ChIJYfQhYAC7BTsR0mYVxx-dTNo
BHASKARA HOTEL,"Kalliyoor, Kerala 695042, India",,77.0182059,8.4320979,ChIJPYVpi2GvBTsR06z66kEzFLs,OPERATIONAL,https://www.google.com/maps/place/?q=place_id:ChIJPYVpi2GvBTsR06z66kEzFLs
Big Belly Momos - Nalanchira,"GWVR+2VJ, Nalanchira, Paruthippara, Thiruvananthapuram, Kerala 695015, India",+91 62827 26887,76.942149,8.5425969,ChIJfWOSSQC5BTsRR7ejj9hBSKE,OPERATIONAL,https://www.google.com/maps/place/?q=place_id:ChIJfWOSSQC5BTsRR7ejj9hBSKE
Big Belly Momos - Pattoor,"Knanaya Center, Palayam Airport Rd, Ayyankali Nagar, Kunnukuzhy, Thiruvananthapuram, Kerala 695035, India",+91 62827 26887,76.9389625,8.499799099999999,ChIJ0-brfTe7BTsRath8-uV99Y0,OPERATIONAL,https://www.google.com/maps/place/?q=place_id:ChIJ0-brfTe7BTsRath8-uV99Y0
Big Poppa’s Bistro,"TC 99, GVRG+JR3 Devs sakura, 2254-2, Thiruvananthapuram, Kerala 695583, India",+91 80753 51455,76.8770317,8.5417044,ChIJC-rwXAC_BTsR1Qwah66mY7c,OPERATIONAL,https://www.google.com/maps/place/?q=place_id:ChIJC-rwXAC_BTsR1Qwah66mY7c
Biji's Food Service,"Vattiyoorkkav Puliyarakkonam Rd, Thiruvananthapuram, Kerala 695013, India",,76.9987633,8.5308983,ChIJgyoXYlm5BTsRu5mnA2SoVjk,OPERATIONAL,https://www.google.com/maps/place/?q=place_id:ChIJgyoXYlm5BTsRu5mnA2SoVjk
Bijus Kitchen,"GWPG+RGW, Bhasi Nagar, Ulloor, Thiruvananthapuram, Kerala 695011, India",,76.9263364,8.5370931,ChIJA3ONNQC5BTsRv7ZsQvmyr3g,OPERATIONAL,https://www.google.com/maps/place/?q=place_id:ChIJA3ONNQC5BTsRv7ZsQvmyr3g
Billus thattukada,"near, masjid koppam, Valicode, Nedumangad, Kerala 695541, India",,76.993248,8.597727599999999,ChIJLW8FRAC5BTsRC3EYLvH05Es,OPERATIONAL,https://www.google.com/maps/place/?q=place_id:ChIJLW8FRAC5BTsRC3EYLvH05Es
BILLY G.O.A.T,"NH66 ,Service Rd, and TSC hospital, between, Technopark Phase III Main Rd, Kulathoor, Kazhakkoottam, Thiruvananthapuram, Kerala 695583, India",+91 81298 25096,76.87755969999999,8.541562299999999,ChIJfy3ZlJe_BTsR0GWEXHD-dVA,OPERATIONAL,https://www.google.com/maps/place/?q=place_id:ChIJfy3ZlJe_BTsR0GWEXHD-dVA
Bindhu's Delicacy Window,"Jyothis, KG 211, Kalpaka Garden Rd, Kaimanam Vivek Nagar Residential Association, Pappanamcode, Thiruvananthapuram, Kerala 695018, India",+91 94963 76311,76.9763808,8.4678954,ChIJczkYUQC7BTsR0PSYLLiGSYQ,OPERATIONAL,https://www.google.com/maps/place/?q=place_id:ChIJczkYUQC7BTsR0PSYLLiGSYQ
BindhuVijayan,"Koliyacodu, Industrial Estate P.O, Vishnu Nagar, Pappanamcode, Malayinkeezh, Thiruvananthapuram, Kerala 695019, India",+91 98097 02097,76.99250060000001,8.469291199999999,ChIJvUT7Cqe7BTsRRBhaP1SQwRQ,CLOSED_TEMPORARILY,https://www.google.com/maps/place/?q=place_id:ChIJvUT7Cqe7BTsRRBhaP1SQwRQ
Binny’s kitchen restaurant,"tc 17, Karthika Nivas, 1919, Mudavanmugal Rd, Kesari Nagar, Poojapura, Thiruvananthapuram, Kerala 695012, India",+91 90612 11178,76.97943830000001,8.4886261,ChIJR3VBNWO7BTsR1-Rcj48-JlU,OPERATIONAL,https://www.google.com/maps/place/?q=place_id:ChIJR3VBNWO7BTsR1-Rcj48-JlU
Biriyani Capital,"NH66.Near Thaykavu Masjid,Amadi Nagar, Muttampuram, Chavadimukku, Thiuvananthapuram, Sreekaryam, Thiruvananthapuram, Kerala 695017, India",+91 97782 64748,76.9131979,8.5505365,ChIJq02Sllq_BTsRshme5ixOkPs,CLOSED_TEMPORARILY,https://www.google.com/maps/place/?q=place_id:ChIJq02Sllq_BTsRshme5ixOkPs
Biriyani Castle,"CVRA 73 VAYALIKADA JUNCTION Kuravankonam - Maruthoor Road, Muttada - Paruthippara Rd, Ambala Nagar Colony, Ambalamukku, Thiruvananthapuram, Kerala 695003, India",+91 77360 31230,76.95385809999999,8.5326562,ChIJ4QMxNFq5BTsRzj_GrvG4ocs,OPERATIONAL,https://www.google.com/maps/place/?q=place_id:ChIJ4QMxNFq5BTsRzj_GrvG4ocs
Biriyani Counter,"T.C.93/2247, Pettah Jn, Pettah, Thiruvananthapuram, Kerala 695024, India",,76.9293648,8.495184,ChIJuTry-4y7BTsR1oc2qwEI3mE,OPERATIONAL,https://www.google.com/maps/place/?q=place_id:ChIJuTry-4y7BTsR1oc2qwEI3mE
Biriyani Hut,"1, Pachalloor Punkulam Rd, Thiruvallam, Thiruvananthapuram, Kerala 695027, India",+91 97466 71678,76.95822989999999,8.4405396,ChIJsba7qCy7BTsRO0RO4Xk3XCc,OPERATIONAL,https://www.google.com/maps/place/?q=place_id:ChIJsba7qCy7BTsRO0RO4Xk3XCc
Biriyani hut,"FWWJ+RX4, Pallimukku, Pettah, Thiruvananthapuram, Kerala 695024, India",,76.93245019999999,8.497011,ChIJLYxJXQC7BTsRFUx9IG0qx8U,OPERATIONAL,https://www.google.com/maps/place/?q=place_id:ChIJLYxJXQC7BTsRFUx9IG0qx8U
Biriyani hut,"near Cosmopolitan Hospital, Veerabhadra Gardens, Pottakkuzhi, Thiruvananthapuram, Kerala 695004, India",+91 62825 10038,76.9367415,8.5149217,ChIJV-O3KsW7BTsRsUbJFDHEDiM,OPERATIONAL,https://www.google.com/maps/place/?q=place_id:ChIJV-O3KsW7BTsRsUbJFDHEDiM
Biriyani Hut,"Nalanda Ln, Pushpa Nagar, Plamoodu Thekkumoodu Residents Association, Plammoodu, Thiruvananthapuram, Kerala 695004, India",+91 90371 61419,76.9460897,8.5137735,ChIJzYqRRcO7BTsRfQD-BVV9Iio,OPERATIONAL,https://www.google.com/maps/place/?q=place_id:ChIJzYqRRcO7BTsRfQD-BVV9Iio
Biriyani Hut,"Bypass Junction, Kazhakkoottam, Thiruvananthapuram, Kerala 695582, India",+91 90484 81006,76.8756415,8.5650204,ChIJtxsFMQC_BTsR-jK1LGFGrlk,OPERATIONAL,https://www.google.com/maps/place/?q=place_id:ChIJtxsFMQC_BTsR-jK1LGFGrlk
Biriyani Manzil,"Biriyani Manzil, Kattakada Road, opposite Automax Car Showroom, Peyad, Kerala 695573, India",+91 86064 53481,77.0228284,8.5114812,ChIJeyf1KACxBTsRCERk5Kk3iEs,OPERATIONAL,https://www.google.com/maps/place/?q=place_id:ChIJeyf1KACxBTsRCERk5Kk3iEs
Biriyanippura,"G265+58Q, Old Kundamankadavu Brg, Thiruvananthapuram, Peyad, Kerala 695573, India",,77.0082884,8.5104176,ChIJz04RTAC7BTsRtitVQ4GNpqA,OPERATIONAL,https://www.google.com/maps/place/?q=place_id:ChIJz04RTAC7BTsRtitVQ4GNpqA
Bismi Chicken Corner,"GXM7+MH6, SH 2, Devapalan Nagar, Peroorkada, Thiruvananthapuram, Kerala 695005, India",,76.9636489,8.533932499999999,ChIJ51PqcQC5BTsRjvVOsbd4am0,OPERATIONAL,https://www.google.com/maps/place/?q=place_id:ChIJ51PqcQC5BTsRjvVOsbd4am0
Bismi Chicken Shop,"FXPQ+56Q, Mudavanmugal, Kesari Nagar, Poojapura, Thiruvananthapuram, Kerala 695032, India",,76.9894162,8.4857366,ChIJdw3oeQC7BTsRhab0uJcNVHA,OPERATIONAL,https://www.google.com/maps/place/?q=place_id:ChIJdw3oeQC7BTsRhab0uJcNVHA
Bismi Family Restaurant,"Charummoottil, Thiruvallam, Thiruvananthapuram, Kerala 695027, India",+91 81388 33326,76.9551494,8.4410942,ChIJ_Y5hIS27BTsRvqJh3R4OuAU,OPERATIONAL,https://www.google.com/maps/place/?q=place_id:ChIJ_Y5hIS27BTsRvqJh3R4OuAU
Bismi Family Restaurant,"FX62+C5F, opposite QMart, Kallattumukku, Thiruvananthapuram, Kerala 695009, India",+91 99954 67823,76.95042219999999,8.4610673,ChIJu_yafj27BTsRAArwSk19JrY,OPERATIONAL,https://www.google.com/maps/place/?q=place_id:ChIJu_yafj27BTsRAArwSk19JrY
BISMI FAST FOOD,"BISMI FAST FOOD, MUSLIM JAMATH, Pothencode - Pallippuram Rd, near ANDURKONAM, Thiruvananthapuram, Andoorkonam, Kerala 695584, India",+91 99950 60607,76.8755825,8.601822700000001,ChIJQaSer_K_BTsRyoSi6Bc7hxg,CLOSED_TEMPORARILY,https://www.google.com/maps/place/?q=place_id:ChIJQaSer_K_BTsRyoSi6Bc7hxg
BISMI FRESH FRESH HALAL CHICKEN,"akshaya center and zonel office, JUNCTION, near nettayam, Nettayam, Thiruvananthapuram, Kerala 695013, India",,76.98950359999999,8.5410953,ChIJ8Sf12Gi5BTsRSUlXSHs0XyU,CLOSED_TEMPORARILY,https://www.google.com/maps/place/?q=place_id:ChIJ8Sf12Gi5BTsRSUlXSHs0XyU
Bismi Halal chicken,"CXR2+FXX, Edayar Bridge, Edayar, Poonthura, Thiruvananthapuram, Kerala 695026, India",,76.9524948,8.4412316,ChIJT51g52e7BTsRkcQ94bI383A,CLOSED_TEMPORARILY,https://www.google.com/maps/place/?q=place_id:ChIJT51g52e7BTsRkcQ94bI383A
"Bismi Halal Chicken,Peyad,Pallimukku","Thirumala Peyad Malayinkeezhu Rd, Peyad, Kerala 695573, India",,77.014836,8.5130532,ChIJx18dk86xBTsREzgL6sBirTY,OPERATIONAL,https://www.google.com/maps/place/?q=place_id:ChIJx18dk86xBTsREzgL6sBirTY
Bismi Hotel,"Oppossite to police aid post, Vizhinjam - Balaramapuram Rd, Pazhayakadalane, Balaramapuram, Kerala 695501, India",+91 94469 96786,77.04562039999999,8.4249941,ChIJ87ZzmsivBTsRHtaPlBsc9EI,OPERATIONAL,https://www.google.com/maps/place/?q=place_id:ChIJ87ZzmsivBTsRHtaPlBsc9EI
Bismi Hotel,"GV5W+V46, Veli - Perumathura Rd, Madhavapuram Colony, Kochuveli, Thiruvananthapuram, Kerala 695021, India",+91 98470 07154,76.89526939999999,8.5096543,ChIJDzvogD28BTsRctd966BrNzE,OPERATIONAL,https://www.google.com/maps/place/?q=place_id:ChIJDzvogD28BTsRctd966BrNzE
BISMI HOTEL,"Shop No 1 Bismi Hotel Near Ambalamukku Girls School Peroorkada, Road, Devapalan Nagar, Perorkada, Kowdiar, Thiruvananthapuram, Kerala 695005, India",+91 77362 56365,76.963745,8.5341416,ChIJ02H3Wum5BTsRogWN4jWo85E,OPERATIONAL,https://www.google.com/maps/place/?q=place_id:ChIJ02H3Wum5BTsRogWN4jWo85E
Bismi Restaurant,"Kuthukallumoodu, FX73+GPM, Konchiravila, Manacaud, Thiruvananthapuram, Kerala 695009, India",+91 98951 49971,76.9543104,8.4638264,ChIJ6ZvXyBm7BTsRviN1jZnw7kI,OPERATIONAL,https://www.google.com/maps/place/?q=place_id:ChIJ6ZvXyBm7BTsRviN1jZnw7kI
Bismi Tea Shop,"S/8485, Park, Priyadarsini Nagar, Vallakkadavu, Road, P. D Nagar, Valiyathura, Thiruvananthapuram, Kerala 695008, India",+91 77366 01918,76.93200949999999,8.4674821,ChIJ50NyWfK7BTsRV0qy7k14TAI,OPERATIONAL,https://www.google.com/maps/place/?q=place_id:ChIJ50NyWfK7BTsRV0qy7k14TAI
BISMI TEA STALL,"SHOP NO1, BISMI TEA STALL, Maruthankuzhi - Kachani Rd, opp. MUTHOOT FIN CORP, Nettayam, Thiruvananthapuram, Kerala 695013, India",+91 86060 46254,76.9973025,8.5460214,ChIJI3vGDL65BTsRTI1RzAqMbbc,OPERATIONAL,https://www.google.com/maps/place/?q=place_id:ChIJI3vGDL65BTsRTI1RzAqMbbc
Bismillah Family Restaurant,"TC 79, 2144, vallakadavu, rd, Attakulangara - Enchakkal Rd, Subhash Nagar, Thiruvananthapuram, Kerala 695008, India",+91 90741 33596,76.9339935,8.479707399999999,ChIJXaGJXna7BTsRjbn2zsjAf8g,CLOSED_TEMPORARILY,https://www.google.com/maps/place/?q=place_id:ChIJXaGJXna7BTsRjbn2zsjAf8g
Bismillah Halal Chicken &Bis Mart Grocery shop,"Pullannivila Karyavattom,Thundathil P O. Pin- 695581, Thiruvananthapuram, Kerala 695581, India",+91 80863 88219,76.893996,8.576845,ChIJfUueGRi_BTsRe-nfIyzy7nc,OPERATIONAL,https://www.google.com/maps/place/?q=place_id:ChIJfUueGRi_BTsRe-nfIyzy7nc
BISMILLAH THATTUKADA - VIZHIJAM STYLE FOOD,"NH Bypass Service Rd, Paravankunnu, Thiruvananthapuram, Kerala 695009, Paravankunnu, Thiruvananthapuram, Kerala 695026, India",,76.945404,8.454768399999999,ChIJjyiJsz67BTsRdSihASVIbWU,OPERATIONAL,https://www.google.com/maps/place/?q=place_id:ChIJjyiJsz67BTsRdSihASVIbWU
Biverah Hotel & Suites,"P O, Medical College, Pattom Kumarapuram Rd, Kumarapuram, Thiruvananthapuram, Kerala 695011, India",+91 471 421 1111,76.9295781,8.5137729,ChIJs5ViA_C7BTsRJkZg55Kqd-Q,OPERATIONAL,https://www.google.com/maps/place/?q=place_id:ChIJs5ViA_C7BTsRJkZg55Kqd-Q
Black Pepper,"Mukkola, Nettayam, Thiruvananthapuram, Kerala 695013, India",+91 96569 60986,76.986801,8.5470164,ChIJgxYJF325BTsRvIe3eGcLVDw,OPERATIONAL,https://www.google.com/maps/place/?q=place_id:ChIJgxYJF325BTsRvIe3eGcLVDw
BLND Restobar,"SFS Cyber Palms Rd, near Nexa Motors, Karimanal, Kochuveli, Thiruvananthapuram, Kerala 695583, India",+91 96330 53222,76.88781089999999,8.5268607,ChIJpS6Xiqy_BTsRwIik-5vAdzU,OPERATIONAL,https://www.google.com/maps/place/?q=place_id:ChIJpS6Xiqy_BTsRwIik-5vAdzU
Blue Star Cafe,"455, Edan House, Peyad - Vellanad Rd, Nedumkuzhi, Vilappilsala, Thiruvananthapuram, Kerala 695543, India",+91 90375 78294,77.0436508,8.5391485,ChIJbZr-bcK3BTsRS0DDd3hN_7M,OPERATIONAL,https://www.google.com/maps/place/?q=place_id:ChIJbZr-bcK3BTsRS0DDd3hN_7M
Borma Chappathi,"Nalanchira, Pananvila, Nalanchira, Paruthippara, Thiruvananthapuram, Kerala 695015, India",,76.94186789999999,8.5374974,ChIJo20fdAC5BTsRA1IdtYq3ivk,CLOSED_TEMPORARILY,https://www.google.com/maps/place/?q=place_id:ChIJo20fdAC5BTsRA1IdtYq3ivk
BRANDED restaurant,"HXR2+RRX, Prasanthnagar, Vattappara, Kerala 695028, India",+91 96565 33958,76.9520979,8.592113099999999,ChIJEcZFrqi5BTsR302lcEFFqc4,OPERATIONAL,https://www.google.com/maps/place/?q=place_id:ChIJEcZFrqi5BTsR302lcEFFqc4
Break Time Restro Cafe - Thiruvallam,"THIRUVALLOM, Thiruvallam Bridge, Thiruvallam, Thiruvananthapuram, Kerala 695027, India",,76.9574803,8.4410185,ChIJUSk5AAC7BTsRY5zE-rPe6u8,OPERATIONAL,https://www.google.com/maps/place/?q=place_id:ChIJUSk5AAC7BTsRY5zE-rPe6u8
Break Time Restro Cafe-Thirumala,"Break Time Cafeteria, PO, Thirumala Junction, Thirumala, Thiruvananthapuram, Kerala 695006, India",+91 70122 22143,76.99183579999999,8.5019434,ChIJo6F8fQC7BTsRrCgAF-Y63iA,OPERATIONAL,https://www.google.com/maps/place/?q=place_id:ChIJo6F8fQC7BTsRrCgAF-Y63iA
Breeze Restaurant,"GWWV+9W2, Post Office Rd, Nalanchira, Paruthippara, Thiruvananthapuram, Kerala 695015, India",,76.94481429999999,8.5458652,ChIJL-vJaAC5BTsRqHC0Zg23y7k,OPERATIONAL,https://www.google.com/maps/place/?q=place_id:ChIJL-vJaAC5BTsRqHC0Zg23y7k
Bro.Co Kulathoor (The Midnight Food Hub),"Vilayil Veedu, Kulathoor, Thiruvananthapuram, Kerala 695583, India",+91 80757 69890,76.8807008,8.5362481,ChIJsxcxc7S_BTsRglIaJsZRNOw,OPERATIONAL,https://www.google.com/maps/place/?q=place_id:ChIJsxcxc7S_BTsRglIaJsZRNOw
Brother take away,"Jai Nagar, Kunnapuzha, Thiruvananthapuram, Kerala 695032, India",+91 97462 51457,76.9978462,8.4894863,ChIJ4V2lgza7BTsRPW6tRGSYvhs,OPERATIONAL,https://www.google.com/maps/place/?q=place_id:ChIJ4V2lgza7BTsRPW6tRGSYvhs
Brothers family restaurant,"HW26+7CJ, Chavadimukku, Amadi Nagar, Sreekaryam, Thiruvananthapuram, Kerala 695016, India",+91 80868 35404,76.9110547,8.5506508,ChIJOQXgy4a_BTsRuqQ1IX_EJa4,OPERATIONAL,https://www.google.com/maps/place/?q=place_id:ChIJOQXgy4a_BTsRuqQ1IX_EJa4
Brothers Kitchen,"JV8W+XXG, Pothencode, Kerala 695584, India",,76.8974527,8.6174223,ChIJ50jCcwDBBTsRrNAX9MYhrkc,CLOSED_TEMPORARILY,https://www.google.com/maps/place/?q=place_id:ChIJ50jCcwDBBTsRrNAX9MYhrkc
Broun,"J255+HF6, Nedumangad Karipoor Rd, Nedumangad, Kerala 695541, India",,77.0085493,8.6088124,ChIJkXiZOAC5BTsRn3hHoXy7JeM,OPERATIONAL,https://www.google.com/maps/place/?q=place_id:ChIJkXiZOAC5BTsRn3hHoXy7JeM
Broun Resto Cafe,"Broun Resto Cafe, Kachani, Thiruvananthapuram, Kerala 695564, India",+91 97471 98325,76.99395109999999,8.552924599999999,ChIJGWQwdQC5BTsRb8XbJevr0eY,OPERATIONAL,https://www.google.com/maps/place/?q=place_id:ChIJGWQwdQC5BTsRb8XbJevr0eY
Brunch & Juz,"Ground Floor BFit Fitness Club Valiyavila Jn, Thirumala P.O, Elankathu Nagar, Thiruvananthapuram, Kerala 695006, India",,76.999956,8.506990199999999,ChIJh6QNc9W7BTsRRHVGjLWluec,CLOSED_TEMPORARILY,https://www.google.com/maps/place/?q=place_id:ChIJh6QNc9W7BTsRRHVGjLWluec
Bsix Tom and Jerry,"GX69+P4Q, Vellayambalam - Sasthamangalam Rd, Jawahar Nagar, Sasthamangalam, Thiruvananthapuram, Kerala 695010, India",,76.96787259999999,8.5118301,ChIJ-zhwXvK7BTsRaIeAGaunde8,OPERATIONAL,https://www.google.com/maps/place/?q=place_id:ChIJ-zhwXvK7BTsRaIeAGaunde8
BSNL Canteen,"GW5X+V58, PMG, Thiruvananthapuram, Kerala 695033, India",+91 471 230 6060,76.9479526,8.5096664,ChIJIQl8G8S7BTsRVpsIul0iGCY,OPERATIONAL,https://www.google.com/maps/place/?q=place_id:ChIJIQl8G8S7BTsRVpsIul0iGCY
BU.MI,"Thiruvananthapuram Byp, Eanchakkal, Thiruvananthapuram, Kerala 695008, India",+91 88919 76660,76.93147909999999,8.483118,ChIJfayxUXG7BTsRDfIL-HUn3OY,OPERATIONAL,https://www.google.com/maps/place/?q=place_id:ChIJfayxUXG7BTsRDfIL-HUn3OY
Buhari bismi chicken center,"GV5W+X45, Madhavapuram Colony, Veli, Thiruvananthapuram, Kerala 695021, India",,76.8953466,8.5098851,ChIJNXLWSQC9BTsRKs5nLtx3888,OPERATIONAL,https://www.google.com/maps/place/?q=place_id:ChIJNXLWSQC9BTsRKs5nLtx3888
Buhari Hotel,"FWHW+HWX, Attakkulangara - Killippalam Bypass Rd, East Fort, Attakulangara, Thiruvananthapuram, Kerala 695009, India",+91 99955 50048,76.9473648,8.4789999,ChIJfd92lOa7BTsRQSMewpu6QAw,OPERATIONAL,https://www.google.com/maps/place/?q=place_id:ChIJfd92lOa7BTsRQSMewpu6QAw
Bun maska,"junction, KSEB office road, Pazhayakadalane, Balaramapuram, Trivandrum, Kerala 695501, India",+91 89439 80766,77.0456208,8.4253407,ChIJQaBlKNqvBTsRNNtkQwpUBds,OPERATIONAL,https://www.google.com/maps/place/?q=place_id:ChIJQaBlKNqvBTsRNNtkQwpUBds
Burger Band Food Truck,"FWH7+83M, Palayam Airport Rd, Shangumukham, Vallakkadavu, Thiruvananthapuram, Kerala 695008, India",,76.9126577,8.4783463,ChIJ2dqEK4G8BTsRO6HFMybUfkc,CLOSED_TEMPORARILY,https://www.google.com/maps/place/?q=place_id:ChIJ2dqEK4G8BTsRO6HFMybUfkc
Burger King,"FCC 12&13, Mall of Travancore, Airport Rd, near International AIrport, Eanchakkal, Thiruvananthapuram, Kerala 695024, India",+91 89767 00426,76.9255982,8.4870976,ChIJqXt5nGW7BTsRJkDjXuoLBBk,OPERATIONAL,https://www.google.com/maps/place/?q=place_id:ChIJqXt5nGW7BTsRJkDjXuoLBBk
Burger King,"No I20, 2nd Floor, TC 91, Lulu Mall, 270/2, Anayara, Thiruvananthapuram, Kerala 695029, India",+91 89767 00423,76.89798689999999,8.515229399999999,ChIJt1BlK0W9BTsRKqYV9WWqKX8,OPERATIONAL,https://www.google.com/maps/place/?q=place_id:ChIJt1BlK0W9BTsRKqYV9WWqKX8
Burger Wave,"TC 12, Pauls Buildings Pauls Buildings, 3490(12, Thiruvananthapuram, Kerala 695015, India",,76.94299199999999,8.544711699999999,ChIJZ4vwgia5BTsR1gRZ6xmHCLI,CLOSED_TEMPORARILY,https://www.google.com/maps/place/?q=place_id:ChIJZ4vwgia5BTsR1gRZ6xmHCLI
Burj Al Mandi Restaurant,"Opposite Fort Police Station, Attakulangara, Thiruvananthapuram, Kerala 695009, India",+91 62358 44402,76.9476378,8.4780441,ChIJJbvreq27BTsRygEwY9T2uDs,OPERATIONAL,https://www.google.com/maps/place/?q=place_id:ChIJJbvreq27BTsRygEwY9T2uDs
Burooj spicy hub,"Ktda-Tvm Road Kulakoottu valav,meppukada, F2PV+GGQ, Malayinkeezh, Kerala 695571, India",,77.0438442,8.4863346,ChIJeSw7UW6xBTsRu18QJF024JY,OPERATIONAL,https://www.google.com/maps/place/?q=place_id:ChIJeSw7UW6xBTsRu18QJF024JY
Burooj Spicy Hub,"GXQR+P36, Nettayam, Thiruvananthapuram, Kerala 695013, India",,76.9901453,8.5392527,ChIJxx4yEwC5BTsRHsnzJwGvllE,OPERATIONAL,https://www.google.com/maps/place/?q=place_id:ChIJxx4yEwC5BTsRHsnzJwGvllE
Burooj spicyhub,"GX5Q+C58, Vettamukku Rd, Vettamukku, Thirumala, Thiruvananthapuram, Kerala 695006, India",,76.98794819999999,8.5085298,ChIJZ7n8wyW7BTsRtRrmJcI9ckQ,OPERATIONAL,https://www.google.com/maps/place/?q=place_id:ChIJZ7n8wyW7BTsRtRrmJcI9ckQ
Burooj spicyhub,"Junction, Azhikode, Azhicode Junction, Azhicode, Kerala 695564, India",,76.996572,8.575147399999999,ChIJk6sXNQC5BTsRfXp6-jjJ3Sw,CLOSED_TEMPORARILY,https://www.google.com/maps/place/?q=place_id:ChIJk6sXNQC5BTsRfXp6-jjJ3Sw
Butter Fry ; Take Away,"Vizhinjam - Poovaar Rd, Vizhinjam, Venganoor, Kerala 695523, India",,77.0012175,8.3960987,ChIJKbYUax6lBTsRmkkrIH1Q3YM,CLOSED_TEMPORARILY,https://www.google.com/maps/place/?q=place_id:ChIJKbYUax6lBTsRmkkrIH1Q3YM
C.S.K Snacks,"KP 9/461 A Near RC Church, Vallamcode, P.O, Kalliyoor, Kerala 695020, India",,77.0070769,8.4368876,ChIJWYhnRQClBTsRNVnuiget688,OPERATIONAL,https://www.google.com/maps/place/?q=place_id:ChIJWYhnRQClBTsRNVnuiget688
CAF,"National Nagar, Paravankunnu, Thiruvananthapuram, Kerala 695009, India",+91 99954 38131,76.9508187,8.4583551,ChIJJykwv1i7BTsRWYrRRXjwThA,CLOSED_TEMPORARILY,https://www.google.com/maps/place/?q=place_id:ChIJJykwv1i7BTsRWYrRRXjwThA
Cafe,"FWH6+PR4, Next to Coffee House, Shangumukham, Vallakkadavu, Thiruvananthapuram, Kerala 695007, India",,76.91206629999999,8.479268,ChIJO5dzCIy9BTsRUwLZ0LduGbM,CLOSED_TEMPORARILY,https://www.google.com/maps/place/?q=place_id:ChIJO5dzCIy9BTsRUwLZ0LduGbM
CAFE 1961,"KRA 24, Kattu Rd, Kesari Nagar, Poojapura, Thiruvananthapuram, Kerala 695012, India",+91 99477 00633,76.97639629999999,8.4938415,ChIJcTP9sd67BTsR0BtqSTv4EKY,OPERATIONAL,https://www.google.com/maps/place/?q=place_id:ChIJcTP9sd67BTsR0BtqSTv4EKY
Cafe Boba Queen,"near Arya Central School, Pattom, Thiruvananthapuram, Kerala 695004, India",+91 62382 48324,76.937612,8.5157626,ChIJd0dTdgC7BTsRa2LRpkBnGLk,OPERATIONAL,https://www.google.com/maps/place/?q=place_id:ChIJd0dTdgC7BTsRa2LRpkBnGLk
CAFE FRANCISCO RESTO CAFE,"CAFE FRANCISCO, CHANDIKA YAGA TEMPLE, Road, opposite SARANGA SAHASRA, Oruvathilkotta, Thiruvananthapuram, Kerala 695029, India",+91 88483 23051,76.9086398,8.5110295,ChIJ6X7d3529BTsRwDoNWpQYpQQ,OPERATIONAL,https://www.google.com/maps/place/?q=place_id:ChIJ6X7d3529BTsRwDoNWpQYpQQ
Cafe Jade - All Day Dining (24X7),"Hycinth Hotels, Manorama Office, Manorama Rd, near Malayala Manorama, Aristo, Thampanoor, Thiruvananthapuram, Kerala 695001, India",+91 471 255 2999,76.95336859999999,8.4919531,ChIJ7UB_kq-7BTsRgD8-oW6durU,OPERATIONAL,https://www.google.com/maps/place/?q=place_id:ChIJ7UB_kq-7BTsRgD8-oW6durU
Cafe Kerala,"Durga Tower malayinkeezhu karipor, P O, Malayinkeezh, Kerala 695571, India",+91 80863 48000,77.0299387,8.498952599999999,ChIJS80ovJyxBTsR7uM0yllBoT0,OPERATIONAL,https://www.google.com/maps/place/?q=place_id:ChIJS80ovJyxBTsR7uM0yllBoT0
Cafe Malabaricus,"Cafe Malabaricus, Karyavattom, Thiruvananthapuram, Kerala 695581, India",+91 96334 44112,76.890832,8.567844,ChIJV5Rbu-6_BTsRn0SIMMe9zFY,OPERATIONAL,https://www.google.com/maps/place/?q=place_id:ChIJV5Rbu-6_BTsRn0SIMMe9zFY
Cafe Shubhangam,"Kuravankonam YMR Rd, Vickramapuram, Kuravankonam, Thiruvananthapuram, Kerala 695003, India",+91 97783 42507,76.9523973,8.5229137,ChIJT_l5YgC7BTsRnByhscROMPQ,OPERATIONAL,https://www.google.com/maps/place/?q=place_id:ChIJT_l5YgC7BTsRnByhscROMPQ
Cafe'96 By Team 96,"near Reliance Petrol Pump, Valicode, Nedumangad, Kerala 695541, India",+91 96260 69656,76.9954138,8.5987224,ChIJfS9OEwC5BTsRj-u2gX8U4S0,CLOSED_TEMPORARILY,https://www.google.com/maps/place/?q=place_id:ChIJfS9OEwC5BTsRj-u2gX8U4S0
Cafeteria - Food for Freedom,"FXRC+RF5, Vazhuthacaud - Poojappura Rd, Poojapura, Thiruvananthapuram, Kerala 695012, India",+91 471 234 2434,76.9712314,8.4920035,ChIJN5jomVG6BTsR24EPiOLDU0w,OPERATIONAL,https://www.google.com/maps/place/?q=place_id:ChIJN5jomVG6BTsR24EPiOLDU0w
Café Coffee Day,"Cordial Cyber Castle, Kulathoor, Thiruvananthapuram, Kerala 695583, India",+91 1800 102 5093,76.8773752,8.5493817,ChIJ88EubNK7BTsRAfqYPr4h2XI,OPERATIONAL,https://www.google.com/maps/place/?q=place_id:ChIJ88EubNK7BTsRAfqYPr4h2XI
Café Fish,"149B, Aircargo Shangumukham, Valiathope, Thiruvananthapuram, Kerala 695008, India",,76.91397289999999,8.4768975,ChIJTaBWcwC9BTsR76-nB0fZAUA,OPERATIONAL,https://www.google.com/maps/place/?q=place_id:ChIJTaBWcwC9BTsR76-nB0fZAUA
Café Francisco FAST FOODX,"Railway station, near Kochuveli, Madhavapuram Colony, Kochuveli, Thiruvananthapuram, Kerala 695021, India",,76.8962525,8.508645,ChIJV32MVAC9BTsRKxYnz6wmCTQ,CLOSED_TEMPORARILY,https://www.google.com/maps/place/?q=place_id:ChIJV32MVAC9BTsRKxYnz6wmCTQ
Café Mojo,"Shaheen Building Pattom Kowdiar Road Near Kuravankonam, Kowdiar, Thiruvananthapuram, Kerala 695003, India",+91 471 243 0437,76.953334,8.5239846,ChIJO7J8jte7BTsRMTYgCWwiul0,OPERATIONAL,https://www.google.com/maps/place/?q=place_id:ChIJO7J8jte7BTsRMTYgCWwiul0
Cake Bliss,"Kalpadrumam,Near medical center, Thiruvananthapuram695010 Pipinmoodu, Mannammoola Rd, Jawahar Nagar, Sasthamangalam, Thiruvananthapuram, Kerala 695010, India",+91 94474 29366,76.9722463,8.5142894,ChIJwxKPvDG6BTsRMhQ1v5MSzKk,OPERATIONAL,https://www.google.com/maps/place/?q=place_id:ChIJwxKPvDG6BTsRMhQ1v5MSzKk
Cake World,"GX82+VHR, YMR Jct, Nanthancodu, Thiruvananthapuram, Kerala 695003, India",+91 70254 78478,76.9512074,8.5184245,ChIJ9XboZuq7BTsR3PFPOAuy2AU,OPERATIONAL,https://www.google.com/maps/place/?q=place_id:ChIJ9XboZuq7BTsR3PFPOAuy2AU
Calicut Cuisine ( Authentic Malabar Dum Biriyani ),"TC 1, Al Rawda Tower, 3788/1, Circle, Kazhakuttam, P O, Kazhakkoottam, Thiruvananthapuram, Kerala 695582, India",+91 95671 87020,76.87579769999999,8.562543999999999,ChIJW-iN__u_BTsRt2BpF9fVBZg,OPERATIONAL,https://www.google.com/maps/place/?q=place_id:ChIJW-iN__u_BTsRt2BpF9fVBZg
Calicut stories family Restaurant,"HXV9+HR3, Vattappara Valikode Rd, Venkode, Kerala 695028, India",+91 79079 76185,76.9693897,8.5940611,ChIJ_bTOFgC5BTsRPvn0kBpjobw,OPERATIONAL,https://www.google.com/maps/place/?q=place_id:ChIJ_bTOFgC5BTsRPvn0kBpjobw
Campus Cravings,"GWX5+C2M, Ambady Nagar, Chavadimukku, Puthuvalmukku, Sreekaryam, Thiruvananthapuram, Kerala 695017, India",,76.90754480000001,8.5485892,ChIJ5bUJXgC_BTsRno6JsLiKQjY,OPERATIONAL,https://www.google.com/maps/place/?q=place_id:ChIJ5bUJXgC_BTsRno6JsLiKQjY
Canayil Fast Food,"FWF9+VQR, Vallakkadavu, Thiruvananthapuram, Kerala 695008, India",,76.9193906,8.4747433,ChIJxUPwlH27BTsRvG5s1SNzgDo,OPERATIONAL,https://www.google.com/maps/place/?q=place_id:ChIJxUPwlH27BTsRvG5s1SNzgDo
Canteen,"GX54+WMW, Museum - Nanthencode Rd, Kanaka Nagar, Nanthancodu, Thiruvananthapuram, Kerala 695033, India",,76.95670249999999,8.5098741,ChIJ8w9wzM67BTsRLNLkAzaaRJE,OPERATIONAL,https://www.google.com/maps/place/?q=place_id:ChIJ8w9wzM67BTsRLNLkAzaaRJE
Canteen,"6, Triveni Ln, Karyavattom, Thiruvananthapuram, Kerala 695581, India",,76.88761579999999,8.5640053,ChIJJdRNSeK-BTsRnr1KOCQJZUs,OPERATIONAL,https://www.google.com/maps/place/?q=place_id:ChIJJdRNSeK-BTsRnr1KOCQJZUs
Capital Cafe,"Opp Lulu Mall, Oruvathilkotta, Thiruvananthapuram, Kerala 695029, India",,76.8987027,8.5158758,ChIJbWyH_sa9BTsRFoFbG2AYHxw,OPERATIONAL,https://www.google.com/maps/place/?q=place_id:ChIJbWyH_sa9BTsRFoFbG2AYHxw
CAPITAL MANDI HOUSE,"opp. Lulu Mall, Oruvathilkotta, Venpalavattom, Thiruvananthapuram, Kerala 695029, India",+91 97461 11258,76.8986955,8.5158648,ChIJW4PDiyC9BTsRbOm2EOhBXd8,OPERATIONAL,https://www.google.com/maps/place/?q=place_id:ChIJW4PDiyC9BTsRbOm2EOhBXd8
CAPITAL MANDI HOUSE,"near Federal Bank, Kazhakuttam, Kazhakkoottam, Thiruvananthapuram, Kerala 695582, India",+91 96333 34438,76.87519759999999,8.5657825,ChIJ5R3EVQC_BTsR3cv5ZRoGldY,OPERATIONAL,https://www.google.com/maps/place/?q=place_id:ChIJ5R3EVQC_BTsR3cv5ZRoGldY
CAPITAL PARAGAN Restorent,"GXVV+6MH, Nettayam, Thiruvananthapuram, Kerala 695013, India",,76.9942401,8.543069899999999,ChIJ69eyVwC5BTsRnh9Tlp4Ew64,OPERATIONAL,https://www.google.com/maps/place/?q=place_id:ChIJ69eyVwC5BTsRnh9Tlp4Ew64
"Capital Park Residency, Kazhakkoottam","Kazhakootam, Thiruvananthapuram Byp, Technopark Campus, Kazhakkoottam, Thiruvananthapuram, Kerala 695582, India",+91 471 259 9990,76.875963,8.564541199999999,ChIJcRP8jqW_BTsRu7DI046rWS8,OPERATIONAL,https://www.google.com/maps/place/?q=place_id:ChIJcRP8jqW_BTsRu7DI046rWS8
Capitano kitchen,"Capitano kitchen, kattuvila, Peyad, Kerala 695573, India",,77.0246755,8.5191927,ChIJIeKFMQCxBTsRDYNi8pFVlJo,OPERATIONAL,https://www.google.com/maps/place/?q=place_id:ChIJIeKFMQCxBTsRDYNi8pFVlJo
Capse chicken,"Balaramapuram, Kerala 695501, India",+91 94474 28883,77.04177299999999,8.4267746,ChIJWxHah9GvBTsRDcnvpImKLM0,OPERATIONAL,https://www.google.com/maps/place/?q=place_id:ChIJWxHah9GvBTsRDcnvpImKLM0
Casa Kitchen,"Chacka, Thiruvananthapuram, Kerala 695007, India",+91 99959 97753,76.9192133,8.4890841,ChIJsVRd0AC7BTsRGGNUqlgJGlA,OPERATIONAL,https://www.google.com/maps/place/?q=place_id:ChIJsVRd0AC7BTsRGGNUqlgJGlA
Casamigo Restaurant,"Uppidammoodu Rd, Nalumukku, Ambalathumukku, Thiruvananthapuram, Kerala 695024, India",,76.9352917,8.493790599999999,ChIJPZN8u1O7BTsRMgDtPVbGJuI,OPERATIONAL,https://www.google.com/maps/place/?q=place_id:ChIJPZN8u1O7BTsRMgDtPVbGJuI
Central Restaurant,"F2RQ+335, Thirumala Peyad Malayinkeezhu Rd, Malayinkeezh, Kerala 695571, India",,77.0377259,8.490141,ChIJ6TIwbfSwBTsRP1Q3HF-Qhdo,CLOSED_TEMPORARILY,https://www.google.com/maps/place/?q=place_id:ChIJ6TIwbfSwBTsRP1Q3HF-Qhdo
CET College Canteen,"CET Main Block, CET Parking Dr, Ambady Nagar, Thiruvananthapuram, Kerala 695016, India",,76.9046365,8.545355599999999,ChIJX2HIl46_BTsRAnGhdJDM38Y,OPERATIONAL,https://www.google.com/maps/place/?q=place_id:ChIJX2HIl46_BTsRAnGhdJDM38Y
Chaappi Restaurant,"Chenkottukonam, Thiruvananthapuram, Kerala 695587, India",+91 90482 74295,76.9048348,8.5800764,ChIJ4VutYQC_BTsR9BWpPdYyaXE,OPERATIONAL,https://www.google.com/maps/place/?q=place_id:ChIJ4VutYQC_BTsR9BWpPdYyaXE
Chaat Ka Nasha,"Narmada Shopping Complex, Ambalamukku, Thiruvananthapuram, Kerala 695003, India",+91 73561 05999,76.96068079999999,8.527283100000002,ChIJC-uFPu25BTsR7lvB9H0e1uk,OPERATIONAL,https://www.google.com/maps/place/?q=place_id:ChIJC-uFPu25BTsR7lvB9H0e1uk
Chaaya Vanji,"Kattaikonam, Thiruvananthapuram, Kerala 695584, India",+91 88911 53452,76.89785970000001,8.6042386,ChIJ-VdLLya_BTsRLgEYD-6qaEc,OPERATIONAL,https://www.google.com/maps/place/?q=place_id:ChIJ-VdLLya_BTsRLgEYD-6qaEc
CHAI & CHARKOOL,"Chai Charkool, Peyad - Vellanad Rd, near ALIND Kavinpuram Junction, Puliyarakonam, Trivandrum, Vilappil, Kerala 695573, India",+91 96338 41513,77.0259153,8.532216199999999,ChIJReClR223BTsR35VToQPtM74,OPERATIONAL,https://www.google.com/maps/place/?q=place_id:ChIJReClR223BTsR35VToQPtM74
Chai Bar,"695010, Pipinmoodu, Thiruvananthapuram, Kerala 695010, India",,76.9721771,8.5190941,ChIJ5VwEysi7BTsRWXQdZx8VUzI,CLOSED_TEMPORARILY,https://www.google.com/maps/place/?q=place_id:ChIJ5VwEysi7BTsRWXQdZx8VUzI
Chai Cult,"Pattom - Kowdiar Rd, Marappalam, Thiruvananthapuram, Kerala 695003, India",+91 90743 14146,76.9468127,8.5202147,ChIJr-Kdvfq7BTsRCD6TQlVKP3o,OPERATIONAL,https://www.google.com/maps/place/?q=place_id:ChIJr-Kdvfq7BTsRCD6TQlVKP3o
Chaikaari,"GWXV+4M2, Step Junction, Nalanchira, Paruthippara, Thiruvananthapuram, Kerala 695015, India",,76.9441465,8.547753199999999,ChIJVdXGbAC5BTsRmRU1PxFv0Fc,OPERATIONAL,https://www.google.com/maps/place/?q=place_id:ChIJVdXGbAC5BTsRmRU1PxFv0Fc
Chaikaari Kazhakoottam,"Gate 4 1st floor, Chaikaari, Thampuranmukku Rd, Near Infosys, Kulathoor, Thiruvananthapuram, Kerala 695583, India",,76.88481870000001,8.5309218,ChIJ_QCcbp2_BTsRUKvjNN_eH4s,OPERATIONAL,https://www.google.com/maps/place/?q=place_id:ChIJ_QCcbp2_BTsRUKvjNN_eH4s
Chaikaari Manacaud,"opp. All India Thowheed Jamaath, Manacaud, Thiruvananthapuram, Kerala 695009, India",+91 98950 14996,76.9481125,8.4706622,ChIJow3keXq7BTsRtfGpZlslV-4,OPERATIONAL,https://www.google.com/maps/place/?q=place_id:ChIJow3keXq7BTsRtfGpZlslV-4
Chaitanya a/c restaurant,"FWV4+7F9, Kannanthura, Thiruvananthapuram, Kerala 695007, India",,76.90622069999999,8.493165399999999,ChIJdaIPy_u9BTsR4rwbG2Sn0E0,CLOSED_TEMPORARILY,https://www.google.com/maps/place/?q=place_id:ChIJdaIPy_u9BTsR4rwbG2Sn0E0
CHANDHU RESTAURANT,"J234+56J, Kulavikonam, Nedumangad, Kerala 695541, India",,77.0055205,8.6029663,ChIJYRXkhCa5BTsRndK86sNHnGw,OPERATIONAL,https://www.google.com/maps/place/?q=place_id:ChIJYRXkhCa5BTsRndK86sNHnGw
Chandra Hotel,"GX2R+MGP, Thirumala Junction, Nareencheril, Thiruvananthapuram, Kerala 695006, India",+91 94471 11083,76.99132329999999,8.5017248,ChIJr_MvvGu6BTsReFC6_8oiuy8,OPERATIONAL,https://www.google.com/maps/place/?q=place_id:ChIJr_MvvGu6BTsReFC6_8oiuy8
Changathees restaurant,"FX7R+J88, Karakkamandapam, Nemom, Kerala 695020, India",+91 94964 07000,76.9908126,8.4640463,ChIJT8XxE0W7BTsR-Rv2nTrBJDU,OPERATIONAL,https://www.google.com/maps/place/?q=place_id:ChIJT8XxE0W7BTsR-Rv2nTrBJDU
Changathi Family Hotel,"F2QP+3VR, Malayinkeezh, Kerala 695571, India",+91 98479 49895,77.0371316,8.4877325,ChIJp9e7r_WwBTsRBouBC2nOlcY,OPERATIONAL,https://www.google.com/maps/place/?q=place_id:ChIJp9e7r_WwBTsRBouBC2nOlcY
Chanthavila,"HVPG+X2J, Amballoor, Chanthavila, Kerala 695585, India",+91 81378 95530,76.8750175,8.5874619,ChIJGbMzMgC_BTsRtyHwIbYkM8I,OPERATIONAL,https://www.google.com/maps/place/?q=place_id:ChIJGbMzMgC_BTsRtyHwIbYkM8I
Chappathi Centre,"TC 7/559, Kesavapuram Ln, Maruthunkuzhi, Kanjirampara, Thiruvananthapuram, Kerala 695030, India",+91 77364 98458,76.97967539999999,8.514506299999999,ChIJs359Rzu6BTsRqgFMOXVU7Z4,CLOSED_TEMPORARILY,https://www.google.com/maps/place/?q=place_id:ChIJs359Rzu6BTsRqgFMOXVU7Z4
CHAPPATHI CENTRE,"Anchamada Vattiyoorkavu - kodunganoor road, Thiruvananthapuram, Kerala 695013, India",+91 77364 98458,76.9935809,8.524092699999999,ChIJQbnWOOq7BTsR0tObOHmHc0Q,OPERATIONAL,https://www.google.com/maps/place/?q=place_id:ChIJQbnWOOq7BTsR0tObOHmHc0Q
CHAPPATHI CORNER,"FWF9+VXH, Palayam Airport- Valiyathura Rd, Valiathope, Thiruvananthapuram, Kerala 695008, India",,76.9199783,8.4746995,ChIJqdYpv327BTsRooLUC0HY7jo,OPERATIONAL,https://www.google.com/maps/place/?q=place_id:ChIJqdYpv327BTsRooLUC0HY7jo
Chappathi Corner,"KLRA82, Chenkallur, Thiruvananthapuram, Kerala 695043, India",,76.9607642,8.5496794,ChIJkbVyObS5BTsRcy2wbc5JDt8,CLOSED_TEMPORARILY,https://www.google.com/maps/place/?q=place_id:ChIJkbVyObS5BTsRcy2wbc5JDt8
Charummoodu Thattukada,"Charummoodu, Nedumangad, Kerala 695541, India",+91 88485 33349,77.03860060000001,8.5955099,ChIJM-aqh6a3BTsRzMDdgU4QCKY,OPERATIONAL,https://www.google.com/maps/place/?q=place_id:ChIJM-aqh6a3BTsRzMDdgU4QCKY
Chaya Peediya,"GW96+53M, Thiruvananthapuram, Kerala 695011, India",,76.9101843,8.5179729,ChIJq6ug6DC9BTsRxeTatESi5Ms,CLOSED_TEMPORARILY,https://www.google.com/maps/place/?q=place_id:ChIJq6ug6DC9BTsRxeTatESi5Ms
Chayamukku,"H2WP+9H5, Uzhamalakkal, Kerala 695541, India",+91 89217 06601,77.03649419999999,8.595899,ChIJrWwHKwC3BTsR9_wHmN4Sm_Q,OPERATIONAL,https://www.google.com/maps/place/?q=place_id:ChIJrWwHKwC3BTsR9_wHmN4Sm_Q
Chechinde Mess,"HW24+2CP, Ambady Nagar, Pangappara, Thiruvananthapuram, Kerala 695581, India",,76.9060781,8.5500875,ChIJRTGnwvy_BTsRaOEOMX5wivk,OPERATIONAL,https://www.google.com/maps/place/?q=place_id:ChIJRTGnwvy_BTsRaOEOMX5wivk
Chechiude Tattukada,"C242+5MP, Veniyoor, Vizhinjam, Venganoor, Kerala 695523, India",,77.00176619999999,8.4056044,ChIJ_0QwRgClBTsR48k1BBmVOmg,CLOSED_TEMPORARILY,https://www.google.com/maps/place/?q=place_id:ChIJ_0QwRgClBTsR48k1BBmVOmg
Cheezy pizzeria,"FX8Q+5WH, High School Rd, Vishnu Nagar, Pappanamcode, Thiruvananthapuram, Kerala 695019, India",,76.9898628,8.4654283,ChIJOzWsQQC7BTsR2ZQsIPrNI6s,CLOSED_TEMPORARILY,https://www.google.com/maps/place/?q=place_id:ChIJOzWsQQC7BTsR2ZQsIPrNI6s
Chef's Cake World,"Sree Narayana Building, Ulloor - Akkulam Rd, Ulloor, Thiruvananthapuram, Kerala 695011, India",+91 80866 66207,76.92796229999999,8.5288744,ChIJnQojkPK5BTsRD1uW6vRgAS4,OPERATIONAL,https://www.google.com/maps/place/?q=place_id:ChIJnQojkPK5BTsRD1uW6vRgAS4
Chembil Biriyani,"HW5V+QCW, Mannanthala Junction, Mannanthala, Thiruvananthapuram, Kerala 695015, India",,76.9435783,8.5594928,ChIJ9-YxZQC5BTsR0LP41TX_2Ik,OPERATIONAL,https://www.google.com/maps/place/?q=place_id:ChIJ9-YxZQC5BTsR0LP41TX_2Ik
Chengayees Thattukada,"GWXR+WR8, Thiruvananthapuram, Kerala 695015, India",,76.94207639999999,8.5497965,ChIJyyeVAgC5BTsRzZ7cFRtYm4o,OPERATIONAL,https://www.google.com/maps/place/?q=place_id:ChIJyyeVAgC5BTsRzZ7cFRtYm4o
Chennai Chicken Packoda,"30/1869, Pettah - Venpalavattom Rd, Velakudi, Thiruvananthapuram, Kerala 695024, India",,76.9291872,8.4952626,ChIJzzXY0o-7BTsRVeMHNqb9BJs,OPERATIONAL,https://www.google.com/maps/place/?q=place_id:ChIJzzXY0o-7BTsRVeMHNqb9BJs
Chennai Royal Biriyani,"near Law College Junction, opposite of Cordial Flat, Thekkumood, Barton Hill Colony, Kunnukuzhy, Thiruvananthapuram, Kerala 695035, India",+91 85904 07731,76.9439038,8.5096154,ChIJB1jZw3q7BTsRyMemU_NXrQ4,OPERATIONAL,https://www.google.com/maps/place/?q=place_id:ChIJB1jZw3q7BTsRyMemU_NXrQ4
Cherish Every Bite,"TC8/121/1, PO, Kattachal, Chempazhanthy, Thiruvananthapuram, Kerala 695587, India",+91 62820 23762,76.9121576,8.5753956,ChIJQTB0Tpy_BTsRg1d8-ZzhDpY,OPERATIONAL,https://www.google.com/maps/place/?q=place_id:ChIJQTB0Tpy_BTsRg1d8-ZzhDpY
Chez By Coffee Cakes,"near coffee cakes, Nedumangad, Kerala 695541, India",+91 94592 14444,76.9981833,8.6044318,ChIJs8UBDSe5BTsR1jAY78If9zI,CLOSED_TEMPORARILY,https://www.google.com/maps/place/?q=place_id:ChIJs8UBDSe5BTsR1jAY78If9zI
Chicken Shop,"Cra47,Cra47, Karamana - Poojapura Rd, Poojapura, Thiruvananthapuram, Kerala 695012, India",+91 88899 45029,76.9711916,8.4927315,ChIJt-8gUkW6BTsR6ZSSG46XfBQ,OPERATIONAL,https://www.google.com/maps/place/?q=place_id:ChIJt-8gUkW6BTsR6ZSSG46XfBQ
Chicken stall,"CWXW+98W, SM Lock Rd, Karimbuvila, Poonthura, Thiruvananthapuram, Kerala 695026, India",,76.9458369,8.4484838,ChIJ6frtrtq7BTsRUEySC7d9qQE,CLOSED_TEMPORARILY,https://www.google.com/maps/place/?q=place_id:ChIJ6frtrtq7BTsRUEySC7d9qQE
Chicken Stall,"GWHH+R93, Ulloor - Akkulam Rd, Ulloor Junction, Kochulloor, Ulloor, Thiruvananthapuram, Kerala 695011, India",+91 98460 18182,76.9284314,8.529505,ChIJRcKroeu5BTsRoo5NlglAQus,OPERATIONAL,https://www.google.com/maps/place/?q=place_id:ChIJRcKroeu5BTsRoo5NlglAQus
Chicking,"Unit# SF - 19A, Thiruvananthapuram Byp, Chacka, Thiruvananthapuram, Kerala 695024, India",+91 1800 3000 2255,76.9254022,8.487388,ChIJgxsT2De7BTsRVIjus2aaLFg,OPERATIONAL,https://www.google.com/maps/place/?q=place_id:ChIJgxsT2De7BTsRVIjus2aaLFg
Chicking,"Ground Floor, Shanthi Building, Vellayambalam - Sasthamangalam Rd, Althara Nagar, Vellayambalam, Thiruvananthapuram, Kerala 695010, India",+91 97444 80000,76.966909,8.5117719,ChIJwSU6CTO6BTsRVCA7pJP6UxM,OPERATIONAL,https://www.google.com/maps/place/?q=place_id:ChIJwSU6CTO6BTsRVCA7pJP6UxM
Chicking,"Lulu Mall, Kochuveli, Thiruvananthapuram, Kerala 695029, India",+91 97444 80000,76.897649,8.5150408,ChIJeXj6V-e9BTsRdBiWF87yWLg,OPERATIONAL,https://www.google.com/maps/place/?q=place_id:ChIJeXj6V-e9BTsRdBiWF87yWLg
ChicKing,"Crown Plaza National Highway 47 Near St. Mary's School Pattom, Vivekananda Nagar, Kesavadasapuram, Thiruvananthapuram, Kerala 695004, India",+91 97444 80000,76.939011,8.5256572,ChIJi-Z2hV-5BTsRgQZoQ8TuLIw,OPERATIONAL,https://www.google.com/maps/place/?q=place_id:ChIJi-Z2hV-5BTsRgQZoQ8TuLIw
ChickMart,"Pothencode, Thiruvananthapuram, Kerala 695584, India",+91 77368 56402,76.89631899999999,8.6123539,ChIJgZ22aLjBBTsReyC0ftcp9hs,OPERATIONAL,https://www.google.com/maps/place/?q=place_id:ChIJgZ22aLjBBTsReyC0ftcp9hs
Chickywok,"near navjeevan school, Nalanchira P.O, Nalanchira, Thiruvananthapuram, Kerala 695015, India",+91 80095 88006,76.9430138,8.5447121,ChIJX1E9-Sy5BTsRXeLQ45DKf4c,OPERATIONAL,https://www.google.com/maps/place/?q=place_id:ChIJX1E9-Sy5BTsRXeLQ45DKf4c
Chikin Fried Chicken,"Chikin fried chicken, opposite SNDP Hall, Pothencode, Kerala 695584, India",+91 94473 78708,76.89540869999999,8.619591,ChIJw0rkRwDBBTsRYOpeAodizPA,OPERATIONAL,https://www.google.com/maps/place/?q=place_id:ChIJw0rkRwDBBTsRYOpeAodizPA
CHIKKUZ RESTAURANT,"Kulangara sreekrishnaswamy temple road, Kazhakuttam, Kazhakkoottam, Thiruvananthapuram, Kerala 695582, India",,76.8744851,8.565801,ChIJUSul6cS_BTsRJxdjE84yaSM,CLOSED_TEMPORARILY,https://www.google.com/maps/place/?q=place_id:ChIJUSul6cS_BTsRJxdjE84yaSM
CHILI CHARM,"CHILI CHARM, Thiruvananthapuram, Nemom, Kerala 695020, India",,77.0079502,8.4513863,ChIJCWObWEe7BTsRBCXzEBzFh7g,OPERATIONAL,https://www.google.com/maps/place/?q=place_id:ChIJCWObWEe7BTsRBCXzEBzFh7g
Chilly's Kuzhimanthi Restaurant,"Chilly's Kuzhimanthi Restaurant, Ambalathinkara, Kazhakkoottam, Thiruvananthapuram, Kerala 695582, India",+91 77360 42969,76.8818601,8.564605799999999,ChIJGfVChX6_BTsRHGLK_phm8VI,OPERATIONAL,https://www.google.com/maps/place/?q=place_id:ChIJGfVChX6_BTsRHGLK_phm8VI
Chinese Wok,"86/2169/110, Mall of Travancore, International airport road, circle, near Ananthapuri hospital, Eanchakkal, Thiruvananthapuram, Kerala 695024, India",+91 471 405 5265,76.9254668,8.4872569,ChIJt7aFl2W7BTsRGuBBwjhnVZ0,OPERATIONAL,https://www.google.com/maps/place/?q=place_id:ChIJt7aFl2W7BTsRGuBBwjhnVZ0
Chinese Wok,"Door no.911/1, Ward no.22 of Thiruvanathapuram Corporation at ground, floor & First Floor, of Royal Tower ar, Sasthamangalam - Peroorkada Rd, Jawahar Nagar, Kowdiar, Thiruvananthapuram, Kerala 695010, India",+91 471 354 1281,76.9686909,8.512000000000002,ChIJjwNVRNW7BTsRy2aNGCwg15Q,OPERATIONAL,https://www.google.com/maps/place/?q=place_id:ChIJjwNVRNW7BTsRy2aNGCwg15Q
Chinnu Fast Food,"Kadakileth House, SAGARA, 176, Madathunada-Pathirippally Road, Chenkallur, Thiruvananthapuram, Kerala 695043, India",+91 95621 40550,76.95235129999999,8.548490500000002,ChIJwTwNKBu5BTsRvzkAilpo_hU,OPERATIONAL,https://www.google.com/maps/place/?q=place_id:ChIJwTwNKBu5BTsRvzkAilpo_hU
Chinnu Hotel,"GWMX+VV3, Paruthippara Ambalamukku Rd, Muttada, Nalanchira, Paruthippara, Thiruvananthapuram, Kerala 695025, India",+91 471 254 4950,76.9496699,8.5346419,ChIJVZ7LpmW5BTsRzxPXFTbd7fk,OPERATIONAL,https://www.google.com/maps/place/?q=place_id:ChIJVZ7LpmW5BTsRzxPXFTbd7fk
Chithra cafe,"XI/27, Pallichal - Vizhinjam Rd, Thiruvananthapuram, Pallichal, Kerala 695020, India",+91 81295 28684,77.0181051,8.4413301,ChIJZdsjEACvBTsRpR7gYOMnjO4,OPERATIONAL,https://www.google.com/maps/place/?q=place_id:ChIJZdsjEACvBTsRpR7gYOMnjO4
Chithra hotel,"HXV3+9JW, Vattappara Valikode Rd, Vattappara, Kerala 695028, India",,76.9541452,8.5934528,ChIJffvtOAC5BTsRlXtynsFK4gk,OPERATIONAL,https://www.google.com/maps/place/?q=place_id:ChIJffvtOAC5BTsRlXtynsFK4gk
Choice Fast Food,"Kalung Bus Stop, Kalung, Nettayam, Thiruvananthapuram, Kerala 695013, India",+91 95677 76076,76.992537,8.54162,ChIJw_X4CBK5BTsRT2kriXhXgDM,OPERATIONAL,https://www.google.com/maps/place/?q=place_id:ChIJw_X4CBK5BTsRT2kriXhXgDM
Choice restaurant,"GXHR+J22, Mannarakonam, Maruthankuzhi, Thiruvananthapuram, Kerala 695013, India",+91 93888 83010,76.9900241,8.5290118,ChIJjVPWB_W5BTsRWCDpuJMhCFw,CLOSED_TEMPORARILY,https://www.google.com/maps/place/?q=place_id:ChIJjVPWB_W5BTsRWCDpuJMhCFw
CHOTHY'S PARK,"Ulloor Rd, Kesavadasapuram, Thiruvananthapuram, Kerala 695004, India",,76.93568239999999,8.529556099999999,ChIJsZzttF65BTsROiAFCLjreXA,OPERATIONAL,https://www.google.com/maps/place/?q=place_id:ChIJsZzttF65BTsROiAFCLjreXA
City Palace Restaurant,"GX4V+6J7, Thirumala Peyad Malayinkeezhu Rd, Thirumala, Thiruvananthapuram, Kerala 695006, India",,76.9940453,8.505547199999999,ChIJszI_TRO6BTsRfsAYhTVHdUw,OPERATIONAL,https://www.google.com/maps/place/?q=place_id:ChIJszI_TRO6BTsRfsAYhTVHdUw
Classic Kalavara - Restaurant & Catering services,"TC Nos. 6/1376 to 6/1394 Ulloor, Sreekaryam Road, near FEDERAL BANK, Pongumoodu, Thiruvananthapuram, Kerala 695011, India",+91 77364 55399,76.9258112,8.538268,ChIJv_eXKLG5BTsRCn-Wq--YzC8,OPERATIONAL,https://www.google.com/maps/place/?q=place_id:ChIJv_eXKLG5BTsRCn-Wq--YzC8
Claypot Restaurant,"FXX8+27H, Kochar Rd, Jagathy, Thiruvananthapuram, Kerala 695014, India",,76.9656523,8.4975879,ChIJRy_Kf6S7BTsR07pM55oo1QY,CLOSED_TEMPORARILY,https://www.google.com/maps/place/?q=place_id:ChIJRy_Kf6S7BTsR07pM55oo1QY
Cloud bite culina,"Happy land 3, mankuzhi, Pangappara, Thiruvananthapuram, Kerala 695581, India",+91 95441 80975,76.89806279999999,8.558696,ChIJJxMKx6G_BTsRT96glhz9MS0,OPERATIONAL,https://www.google.com/maps/place/?q=place_id:ChIJJxMKx6G_BTsRT96glhz9MS0
Coastal kitchen,"FWH6+MV9 shangumuham beach, Vallakkadavu, Thiruvananthapuram, Kerala 695008, India",+91 94470 70799,76.9119061,8.4784498,ChIJWaqmIAC9BTsR9k_ibS54EtI,OPERATIONAL,https://www.google.com/maps/place/?q=place_id:ChIJWaqmIAC9BTsR9k_ibS54EtI
Cochin Rahumaniya,"GVJM+3RG, Thampuranmukku, Poundukadavu, Kazhakkoottam, Thiruvananthapuram, Kerala 695583, India",,76.8844349,8.5304653,ChIJT6uIBAC_BTsR2vax-gb5API,OPERATIONAL,https://www.google.com/maps/place/?q=place_id:ChIJT6uIBAC_BTsR2vax-gb5API
Coffee Gate,"Technovalley, Thampuranmukku, P.O, Kulathoor, Kazhakkoottam, Thiruvananthapuram, Kerala 695583, India",+91 88919 70205,76.8847201,8.5301297,ChIJ46Stoka_BTsRGBlKeDPNqP8,OPERATIONAL,https://www.google.com/maps/place/?q=place_id:ChIJ46Stoka_BTsRGBlKeDPNqP8
Coonz cafe,"CHITHRANJALI STUDIO, Karinkadamugal, Thiruvananthapuram, Kerala 695027, India",+91 97470 14555,76.9623726,8.4422547,ChIJKXMa8EC7BTsRiWJvHXF2rww,OPERATIONAL,https://www.google.com/maps/place/?q=place_id:ChIJKXMa8EC7BTsRiWJvHXF2rww
Coral live love eat,"shanghumugham Old, Airport Rd, Vallakkadavu, Thiruvananthapuram, Kerala 695008, India",+91 83019 97505,76.91467779999999,8.4759383,ChIJATVJ29W9BTsRWJEFfQ1S6Jg,OPERATIONAL,https://www.google.com/maps/place/?q=place_id:ChIJATVJ29W9BTsRWJEFfQ1S6Jg
Coral Reef Restaurant,"Beach Rd, junction, Kovalam Rd, Vizhinjam, Thiruvananthapuram, Kerala 695527, India",+91 98470 87155,76.9820763,8.3983785,ChIJQ2jdI3alBTsRAzRY0AtPplM,OPERATIONAL,https://www.google.com/maps/place/?q=place_id:ChIJQ2jdI3alBTsRAzRY0AtPplM
Corner Fast Food,"Church Rd, near SBI Kunjalumoodu, Kunjalumoodu, Shastri Nagar, Poojapura, Thiruvananthapuram, Kerala 695012, India",+91 94476 51323,76.9724102,8.487044,ChIJLb8D5la6BTsRqrlSYWIhK9E,OPERATIONAL,https://www.google.com/maps/place/?q=place_id:ChIJLb8D5la6BTsRqrlSYWIhK9E
Couch Potatoes,"near Akkulam, Alathara, Aakkulam, Thiruvananthapuram, Kerala 695017, India",,76.90266470000002,8.533094199999999,ChIJJUIcUYG_BTsR-J80THz4c2A,CLOSED_TEMPORARILY,https://www.google.com/maps/place/?q=place_id:ChIJJUIcUYG_BTsR-J80THz4c2A
Counter One,"GW3M+G9M, Kannammoola, Thiruvananthapuram, Kerala 695033, Kannammoola, Thiruvananthapuram, Kerala 695011, India",+91 90376 40654,76.93342919999999,8.5038327,ChIJPVPPS1O7BTsR4ZxR7_y_VdA,OPERATIONAL,https://www.google.com/maps/place/?q=place_id:ChIJPVPPS1O7BTsR4ZxR7_y_VdA
Crave Multi Cuisine Restaurant,"Lakshmi's Arcade, opposite Pareeksha Bhavan, Shastri Nagar, Poojapura, Thiruvananthapuram, Kerala 695012, India",,76.9727328,8.488887100000001,ChIJGbNT-sa7BTsRKKs8qlreZhE,OPERATIONAL,https://www.google.com/maps/place/?q=place_id:ChIJGbNT-sa7BTsRKKs8qlreZhE
Crave&Go,"near Track Fusion, Gowari Nagar, Sreekaryam, Thiruvananthapuram, Kerala 695017, India",,76.918869,8.5480743,ChIJuY1iO6K5BTsR6shPSZ_0zRk,OPERATIONAL,https://www.google.com/maps/place/?q=place_id:ChIJuY1iO6K5BTsR6shPSZ_0zRk
Crescent Hotel,"Thiruvananthapuram - Thenmala Rd, Winners Nagar, Peroorkada, Thiruvananthapuram, Kerala 695005, India",+91 99950 82499,76.970957,8.542630599999999,ChIJhfHdQ365BTsRTxgZ_-do9tw,OPERATIONAL,https://www.google.com/maps/place/?q=place_id:ChIJhfHdQ365BTsRTxgZ_-do9tw
CRISPY CORNER,"Airport Road, Aishwarya Nagar, Vettukadu, Thiruvananthapuram, Kerala 695007, India",+91 81378 67561,76.9066416,8.4945225,ChIJYc_hPwC9BTsRNJ6BRTBHrDs,OPERATIONAL,https://www.google.com/maps/place/?q=place_id:ChIJYc_hPwC9BTsRNJ6BRTBHrDs
CRISPY'S,"near grand bakers, Kallattumukku, Thiruvananthapuram, Kerala 695009, India",+91 98465 46222,76.94969859999999,8.463385599999999,ChIJmwrTD3O7BTsRuKM7NbaJQDU,OPERATIONAL,https://www.google.com/maps/place/?q=place_id:ChIJmwrTD3O7BTsRuKM7NbaJQDU
Crunchizz,"3/736, Pezhumoodu, Karakulam, Venkode, Thiruvananthapuram, Kerala 695564, India",,76.9670759,8.5861434,ChIJzQJF4a-5BTsR-kXMctCAIWo,OPERATIONAL,https://www.google.com/maps/place/?q=place_id:ChIJzQJF4a-5BTsR-kXMctCAIWo
Crunchy Snacks,"HX72+525, Thiruvananthapuram, Kerala 695043, India",,76.9500403,8.5627655,ChIJ5a9zGdi5BTsRHUJAxg5H5Us,CLOSED_TEMPORARILY,https://www.google.com/maps/place/?q=place_id:ChIJ5a9zGdi5BTsRHUJAxg5H5Us
Crunchy's,"Alora Food court, TC40/2993/03, opst Rajan Textiles, TC40/2993/03, Thirumala, Thiruvananthapuram, Kerala 695006, India",+91 97787 39010,76.9906786,8.501477399999999,ChIJq7Sd5Au7BTsRvEWMqYP-UG0,OPERATIONAL,https://www.google.com/maps/place/?q=place_id:ChIJq7Sd5Au7BTsRvEWMqYP-UG0
CRYSPY FRIED CHICKEN,"FX83+P28, Kalippankulam Rd, Konchiravila, Kallattumukku, Thiruvananthapuram, Kerala 695009, India",,76.95257459999999,8.466797399999999,ChIJyzDFqxC7BTsRz1fwAlPGPWY,OPERATIONAL,https://www.google.com/maps/place/?q=place_id:ChIJyzDFqxC7BTsRz1fwAlPGPWY
Curry in GM Homemade Kitchen,"FX49+9W2, Maruthoorkadavu, Thiruvananthapuram, Kerala 695002, India",,76.9697156,8.4558305,ChIJAZZsdgC7BTsR9OQOKr3YV2k,CLOSED_TEMPORARILY,https://www.google.com/maps/place/?q=place_id:ChIJAZZsdgC7BTsR9OQOKr3YV2k
Curry Leaf Restaurant,"Kovalam Near Leela Hotel, Thiruvananthapuram, Kerala 695527, India",+91 97463 16102,76.97360909999999,8.398335099999999,ChIJq8hBmgelBTsR5cJG5GI-qqc,OPERATIONAL,https://www.google.com/maps/place/?q=place_id:ChIJq8hBmgelBTsR5cJG5GI-qqc
CURRY RUCHIKAL,"NANDHANAM Tc 68, ERA 119, Thottam Ln, Manacaud, Thiruvananthapuram, Kerala 695009, India",+91 90744 86062,76.9438989,8.468932299999999,ChIJka6B8LK7BTsRbrS_CDrI420,OPERATIONAL,https://www.google.com/maps/place/?q=place_id:ChIJka6B8LK7BTsRbrS_CDrI420
Curry's N Fry's,"TC 13/209-1, Palayam Airport Rd, Pattoor Junction, Pettah, Thiruvananthapuram, Kerala 695035, India",+91 95447 37000,76.937625,8.497626799999999,ChIJr-iPmpa7BTsRXCHLKC4luag,OPERATIONAL,https://www.google.com/maps/place/?q=place_id:ChIJr-iPmpa7BTsRXCHLKC4luag
"D R Meat Hub (All Meat Shop) ,","Puravoorkonam, edavacode, Sreekariyam, Thiruvananthapuram, Kerala 695564, India",+91 94000 09200,76.9722441,8.553181499999999,ChIJjwhPJcG5BTsRS7m7vNyVhwk,CLOSED_TEMPORARILY,https://www.google.com/maps/place/?q=place_id:ChIJjwhPJcG5BTsRS7m7vNyVhwk
DAD FOOD FACTORY,"Tc 33, 2394/ 2, Mukkola, mukolakkal, Nettayam, Thiruvananthapuram, Kerala 695043, India",,76.9855717,8.546718,ChIJP3eojuC5BTsR8_eq5C0BtfU,OPERATIONAL,https://www.google.com/maps/place/?q=place_id:ChIJP3eojuC5BTsR8_eq5C0BtfU
Daily Flesh Chicken Shop,"Olippunada, Valiyarthala, Thiruvananthapuram, Kerala 695528, India",+91 88484 02898,77.0383623,8.4598219,ChIJwwjfiN6xBTsRbuY-MtKRDts,OPERATIONAL,https://www.google.com/maps/place/?q=place_id:ChIJwwjfiN6xBTsRbuY-MtKRDts
Dama Cafe Trivandrum (Cloud Kitchen - No dine in),"Chandrakala, Judges Paradise Ln, P.O, Kaimanam, Pappanamcode, Thiruvananthapuram, Kerala 695040, India",+91 88487 79395,76.97580769999999,8.471719799999999,ChIJZ31lpzi7BTsRGNEpb1WbK3E,OPERATIONAL,https://www.google.com/maps/place/?q=place_id:ChIJZ31lpzi7BTsRGNEpb1WbK3E
Darbar Biriyani and Caterers,"Kushakode lane, Thirumala Junction, Thirumala, Thiruvananthapuram, Kerala 695006, India",+91 72936 63779,76.99136,8.502048,ChIJN_Q8tw-7BTsRLa8-kIfwXOc,OPERATIONAL,https://www.google.com/maps/place/?q=place_id:ChIJN_Q8tw-7BTsRLa8-kIfwXOc
DARBAR KITCHEN,"juma masjid, SM Lock Rd, near Puthenpalli, Puthanpally, Poonthura, Thiruvananthapuram, Kerala 695026, India",+91 72930 36364,76.94747219999999,8.4482795,ChIJm2PzhPW7BTsRABFkQtSfyA4,OPERATIONAL,https://www.google.com/maps/place/?q=place_id:ChIJm2PzhPW7BTsRABFkQtSfyA4
Dark Knight Family Restaurant,"Valiya, Veli, Thiruvananthapuram, Kerala 695021, India",+91 94477 27848,76.8833075,8.5126888,ChIJJbKuOHe9BTsRpKoC2JBLsyo,OPERATIONAL,https://www.google.com/maps/place/?q=place_id:ChIJJbKuOHe9BTsRpKoC2JBLsyo
DAYAN HOTEL,"Kollamkavu, Nedumangad, Kerala 695561, India",,76.9976136,8.6189688,ChIJjQv1tvDHBTsRsYQyp5D-qvo,OPERATIONAL,https://www.google.com/maps/place/?q=place_id:ChIJjQv1tvDHBTsRsYQyp5D-qvo
De Grill Station Pothencode,"near MT CINEPLEX, Pothencode Junction, Pothencode, Kerala 695584, India",+91 97784 66913,76.89858009999999,8.6181947,ChIJ71wSdVPBBTsR2duFrRJRIhs,CLOSED_TEMPORARILY,https://www.google.com/maps/place/?q=place_id:ChIJ71wSdVPBBTsR2duFrRJRIhs
Debbey's Home Kitchen,"F2G8+QF3, Malayam, Kerala 695571, India",,77.0159955,8.475757699999999,ChIJITNNAQCxBTsRK2STRbvO88w,CLOSED_TEMPORARILY,https://www.google.com/maps/place/?q=place_id:ChIJITNNAQCxBTsRK2STRbvO88w
Deepthi's Annapoornaa,"GVWM+WX8, Attipra, Kulathoor, Thiruvananthapuram, Kerala 695583, India",,76.88495979999999,8.5472909,ChIJ_4TspMO_BTsRRJmzw01-K6s,CLOSED_TEMPORARILY,https://www.google.com/maps/place/?q=place_id:ChIJ_4TspMO_BTsRRJmzw01-K6s
Delfrez,"Tc-64/1785, Beach Road, Kovalam Junction Kovalam, near Apna punjabi dhaba, Vizhinjam, Thiruvananthapuram, Kerala 695527, India",+91 94960 70933,76.9820013,8.398202,ChIJbW3OrqClBTsR8MpXmiDweZs,OPERATIONAL,https://www.google.com/maps/place/?q=place_id:ChIJbW3OrqClBTsR8MpXmiDweZs
Delfrez,"M.C.Building, T.C.53/2056-3, opposite White Dammer Hotel, Vishnu Nagar, Pappanamcode, Thiruvananthapuram, Kerala 695018, India",+91 98959 84248,76.98410729999999,8.4685735,ChIJE48eZOy6BTsRBDL5KoifzaA,OPERATIONAL,https://www.google.com/maps/place/?q=place_id:ChIJE48eZOy6BTsRBDL5KoifzaA
Delfrez,"Tc13/633(2, opposite Varambassery Devi Temple, Barton Hill, Barton Hill Colony, Kunnukuzhy, Thiruvananthapuram, Kerala 695035, India",+91 93884 82888,76.9415994,8.504245100000002,ChIJUWrkbjC7BTsRIi-Dl5WyUww,OPERATIONAL,https://www.google.com/maps/place/?q=place_id:ChIJUWrkbjC7BTsRIi-Dl5WyUww
Delfrez,"Shop No 35/1691, Kulasekharam Road, Mannarakonam - Thoppumukku Rd, opposite Skyline Cedar Park, Vattiyoorkavu, Thiruvananthapuram, Kerala 695013, India",+91 81389 06606,76.9927281,8.525316499999999,ChIJrRCcDh66BTsRX2GMVtNpOuM,OPERATIONAL,https://www.google.com/maps/place/?q=place_id:ChIJrRCcDh66BTsRX2GMVtNpOuM
Desi Bites,"FWPG+Q5X, Thiruvananthapuram Byp, Chacka, Thiruvananthapuram, Kerala 695024, India",+91 96335 30573,76.9254863,8.4869907,ChIJx9DEpr27BTsRtEFK1N4CI40,OPERATIONAL,https://www.google.com/maps/place/?q=place_id:ChIJx9DEpr27BTsRtEFK1N4CI40
Devaki Tea Shop,"Near, HDFC Bank, Akhilam auditorium, NV Nagar, Peroorkada, Thiruvananthapuram, Kerala 695005, India",,76.96751239999999,8.537902599999999,ChIJxcTKJJ25BTsRrX6LrystOos,OPERATIONAL,https://www.google.com/maps/place/?q=place_id:ChIJxcTKJJ25BTsRrX6LrystOos
Devi Fast Food,"9XXJ+MQ5, Kovalam, Thiruvananthapuram, Kerala 695527, India",+91 93497 77899,76.9819741,8.3991252,ChIJg4X4GAqlBTsRj7UDbC8xr2w,OPERATIONAL,https://www.google.com/maps/place/?q=place_id:ChIJg4X4GAqlBTsRj7UDbC8xr2w
Devi hotel,"9XXJ+MPW, Vizhinjam, Kovalam, Thiruvananthapuram, Kerala 695527, India",,76.98184359999999,8.3992464,ChIJG4blYAClBTsRV5NRcHjmM68,OPERATIONAL,https://www.google.com/maps/place/?q=place_id:ChIJG4blYAClBTsRV5NRcHjmM68
Devi Hotel,"FX87+R78, Thaliyil Kalady Kulathara Maruthoorkadavu Rd, Kalady, Soman Nagar, Thiruvananthapuram, Kerala 695002, India",,76.96319319999999,8.4670355,ChIJ0fDH4R27BTsRyFIwE5DQsEo,CLOSED_TEMPORARILY,https://www.google.com/maps/place/?q=place_id:ChIJ0fDH4R27BTsRyFIwE5DQsEo
Devi Hotel,"Salem - Kochi, FXCJ+96G, Panvel - Kochi - Kanyakumari Hwy, Kaimanam, Pappanamcode, Thiruvananthapuram, Kerala 695018, India",+91 471 249 2450,76.98058329999999,8.470949599999999,ChIJ____T-66BTsRU-qlQUxc2Do,OPERATIONAL,https://www.google.com/maps/place/?q=place_id:ChIJ____T-66BTsRU-qlQUxc2Do
Devu hotel,"CXJ9+HVG, Sivasoorya Rd, Thiruvananthapuram, Kerala 695027, India",,76.9696934,8.4314333,ChIJBXdWNwClBTsR8_VGn26CHoY,OPERATIONAL,https://www.google.com/maps/place/?q=place_id:ChIJBXdWNwClBTsR8_VGn26CHoY
Devu Thattukada,"CX7W+C75, Vavvamoola Rd, Venganoor, Kerala 695523, India",,76.9962075,8.4138822,ChIJ_0IOLQClBTsRF0LpCsKCuC8,OPERATIONAL,https://www.google.com/maps/place/?q=place_id:ChIJ_0IOLQClBTsRF0LpCsKCuC8
Deyvee Restaurant,"Nalumukku-Kaithamukku Rd, Nalumukku, Kaithamukku, Thiruvananthapuram, Kerala 695008, India",+91 94976 89245,76.9398405,8.4884766,ChIJ8_mGuJi7BTsRK02DFinBd3Y,OPERATIONAL,https://www.google.com/maps/place/?q=place_id:ChIJ8_mGuJi7BTsRK02DFinBd3Y
Dhanu Restuarant & Tea Shop,"Paruthippara, Thiruvananthapuram, Kerala 695015, India",+91 82812 78893,76.9420808,8.5366877,ChIJTTZIvWu5BTsR-uXnul1Dzew,OPERATIONAL,https://www.google.com/maps/place/?q=place_id:ChIJTTZIvWu5BTsR-uXnul1Dzew
DHANYA HOTEL,"Muttathara, Thiruvananthapuram, Kerala 695008, India",+91 62827 31727,76.9399827,8.4631489,ChIJ8yjGtBS7BTsRkzPSbzDIQHM,OPERATIONAL,https://www.google.com/maps/place/?q=place_id:ChIJ8yjGtBS7BTsRkzPSbzDIQHM
Dhe chappathi,"GWWV+HWP, Kurissadi - Ambanad Rd, Nalanchira, Paruthippara, Thiruvananthapuram, Kerala 695015, India",+91 94477 00972,76.94643599999999,8.547406900000002,ChIJvWp6mtO5BTsRZ6UIzCVFf1s,OPERATIONAL,https://www.google.com/maps/place/?q=place_id:ChIJvWp6mtO5BTsRZ6UIzCVFf1s
Dhe Chechimarudey Kada,"FX9Q+X7Q, Pappanamcode Malayinkeezhu Rd, Vishnu Nagar, Pappanamcode, Thiruvananthapuram, Kerala 695019, India",,76.9882319,8.4699694,ChIJQ4KpbQC7BTsRmhO_vDw79Mo,OPERATIONAL,https://www.google.com/maps/place/?q=place_id:ChIJQ4KpbQC7BTsRmhO_vDw79Mo
Dhe Puttukada,"Pazhayakadalane, Balaramapuram, Kerala 695501, India",,77.0456124,8.4254522,ChIJ13TNRQCvBTsRiEIwTKFVjKs,OPERATIONAL,https://www.google.com/maps/place/?q=place_id:ChIJ13TNRQCvBTsRiEIwTKFVjKs
Dhe Ruchi Idam Hotel,"C226+PQW, Vizhinjam, Venganoor, Kerala 695523, India",,77.0119064,8.4018924,ChIJy0POGgCvBTsRS0knC4OqUJ8,OPERATIONAL,https://www.google.com/maps/place/?q=place_id:ChIJy0POGgCvBTsRS0knC4OqUJ8
Dildar Arabic Restaurant,"JV6W+VHW, Sreekariyam - Pothencode Rd, Pothencode, Kerala 695584, India",+91 96336 83976,76.8964622,8.6122359,ChIJ-ZzZQPfBBTsRhiDfKr0QZRM,OPERATIONAL,https://www.google.com/maps/place/?q=place_id:ChIJ-ZzZQPfBBTsRhiDfKr0QZRM
Dileep Fried Chicken (DFC),"CWWW+WJW, Karimbuvila, Beemapally, Thiruvananthapuram, Kerala 695026, India",,76.9465689,8.4473561,ChIJtdnJcfm7BTsRvem55uqJIjg,OPERATIONAL,https://www.google.com/maps/place/?q=place_id:ChIJtdnJcfm7BTsRvem55uqJIjg
Dindigul Thalappakatti Restaurant,"91, LuLu Mall, 270, Akkulam Bridge, Anayara Post, Thiruvananthapuram, Kerala 695029, India",+91 78239 00094,76.8976919,8.515362099999999,ChIJ-wXnJT69BTsRDkz2jAIKd3o,OPERATIONAL,https://www.google.com/maps/place/?q=place_id:ChIJ-wXnJT69BTsRDkz2jAIKd3o
Dine at Kumar's,"FXJ4+HW5, Killippalam Jct, Killipalam, Karamana, Thiruvananthapuram, Kerala 695002, India",+91 77366 99680,76.95737059999999,8.481381500000001,ChIJd9t0IOC7BTsR79QWEBtUoZ0,OPERATIONAL,https://www.google.com/maps/place/?q=place_id:ChIJd9t0IOC7BTsR79QWEBtUoZ0
DINKU HOMELY FOOD,"Moni bhavan, Ara82, shivaji nagar, po, Kulathoor, arasumoodu, Thiruvananthapuram, Kerala 695583, India",+91 82816 52341,76.88800180000001,8.5450774,ChIJ3xtt3VG_BTsRzTu05iqNK4c,OPERATIONAL,https://www.google.com/maps/place/?q=place_id:ChIJ3xtt3VG_BTsRzTu05iqNK4c
DN Homely Cafe,"HWFG+6CP, Powdikonam, Uliyazhathura, Thiruvananthapuram, Kerala 695588, India",,76.9260765,8.573079,ChIJz2jafgC5BTsRX45IP39xmFE,OPERATIONAL,https://www.google.com/maps/place/?q=place_id:ChIJz2jafgC5BTsRX45IP39xmFE
Domestic Airport Canteen,"Domestic, FWFC+7G6, Domestic, Airport Rd, Vallakkadavu, Thiruvananthapuram, Kerala 695008, India",+91 81292 51739,76.92001599999999,8.475609799999999,ChIJE4wNOhu7BTsRpjycSSfIgig,OPERATIONAL,https://www.google.com/maps/place/?q=place_id:ChIJE4wNOhu7BTsRpjycSSfIgig
"Domino's Pizza | Kahazakottam,Trivandrum","GF, Belhaven Heights, Patta 15799, Block 18, SF No 142/1, near Infosys Campus, Attipra, Kulathoor, Thiruvananthapuram, Kerala 695583, India",+91 1800 208 1234,76.8811612,8.535625699999999,ChIJbS45We2_BTsR-i3UZxyy6p0,OPERATIONAL,https://www.google.com/maps/place/?q=place_id:ChIJbS45We2_BTsR-i3UZxyy6p0
"Domino's Pizza | Karmana, Trivandrum","Ground Floor, Tc 43, Super Towers, 2093 And 43/ 2098, Road, Opposite PRS Hospital, Killipalam, Karamana, Thiruvananthapuram, Kerala 695002, India",+91 1800 208 1234,76.95986719999999,8.4816579,ChIJlaW0tIu7BTsRVGxVEeV059c,OPERATIONAL,https://www.google.com/maps/place/?q=place_id:ChIJlaW0tIu7BTsRVGxVEeV059c
"Domino's Pizza | Kowdiyar, Trivandrum","Ground Floor, T.C-24/146-2, Near Muthoot Fincorp, Ambalamukku Road, PO, Kowdiar, Thiruvananthapuram, Kerala 695003, India",+91 1800 208 1234,76.9609749,8.530218600000001,ChIJv4Ymgdq5BTsRyqT9eklgO0E,OPERATIONAL,https://www.google.com/maps/place/?q=place_id:ChIJv4Ymgdq5BTsRyqT9eklgO0E
"Domino's Pizza | Lulu Mall , Trivandrum","Second Floor, Lulu Mall, I 15, Anay, Kochuveli, Thiruvananthapuram, Kerala 695029, India",+91 1800 208 1234,76.8980997,8.5148269,ChIJwa0Zhx-9BTsRyiGJTyLFVSI,OPERATIONAL,https://www.google.com/maps/place/?q=place_id:ChIJwa0Zhx-9BTsRyiGJTyLFVSI
"Domino's Pizza | Mg Road, Thiruvananthapuram","First Floor, T/C No 25/2425(2, Mahatma Gandhi Rd, Swas, Pulimoodu, Thiruvananthapuram, Kerala 695001, India",+91 1800 208 1234,76.9477601,8.4932045,ChIJjfimsqS7BTsRiq0myrgmUiI,OPERATIONAL,https://www.google.com/maps/place/?q=place_id:ChIJjfimsqS7BTsRiq0myrgmUiI
"Domino's Pizza | Pattom, Thiruvananthapuram","Ground Floor, Sun Sapphire, Tc.No 277(1, Kesavadasapuram-Ulloor Rd, Aiswarya Nagar, Pattom, Thiruvananthapuram, Kerala 695004, India",+91 1800 208 1234,76.935456,8.5291085,ChIJAbCYSlm5BTsR1_noT29VKUQ,OPERATIONAL,https://www.google.com/maps/place/?q=place_id:ChIJAbCYSlm5BTsR1_noT29VKUQ
Domino's Pizza | Sasthamangalam (Trivandrum),"Janvilla, T.C.9, Ground & First Floor, 2522(2, Althara Nagar, Sasthamangalam, Thiruvananthapuram, Kerala 695010, India",+91 1800 208 1234,76.9672343,8.5114214,ChIJaQiCoDO6BTsRjOlvTCRz3kI,OPERATIONAL,https://www.google.com/maps/place/?q=place_id:ChIJaQiCoDO6BTsRjOlvTCRz3kI
Dosa Corner,"GXX6+V9M, Kudappanakunnu, Chenkallur, Thiruvananthapuram, Kerala 695043, India",,76.96092329999999,8.5497122,ChIJ552-08m5BTsRkYTyrYAHFLw,OPERATIONAL,https://www.google.com/maps/place/?q=place_id:ChIJ552-08m5BTsRkYTyrYAHFLw
Dosa Kada,"Oppt, SFS Church, Manjadimoodu, Vattiyoorkavu, Thiruvananthapuram, Kerala 695013, India",+91 80750 50774,76.9852071,8.523625,ChIJ4WlZc167BTsRBdlOxIoX3XQ,OPERATIONAL,https://www.google.com/maps/place/?q=place_id:ChIJ4WlZc167BTsRBdlOxIoX3XQ
Dosha Kada,"HW48+7HR, Sreekariyam - Pothencode Rd, Thiruvananthapuram, Kerala 695017, India",,76.9163836,8.555743099999999,ChIJs8yB7I-_BTsRXDKDil9UMPI,OPERATIONAL,https://www.google.com/maps/place/?q=place_id:ChIJs8yB7I-_BTsRXDKDil9UMPI
Dosha Kada,"Sacred Heart Church Mangattukonam Kattaikonam, HVVV+6RC, P.O, Karyavattom, Trivandrum, Mangattukonam, Kerala 695584, India",,76.8944635,8.5931026,ChIJRaUtOAC_BTsRkMBsS7t17nA,CLOSED_TEMPORARILY,https://www.google.com/maps/place/?q=place_id:ChIJRaUtOAC_BTsRkMBsS7t17nA
Drinkin,"near Kinfra Park, Chanthavila, Kerala 695585, India",+91 62354 34434,76.8777422,8.5877508,ChIJqTKB5_m_BTsR_oFHonTmVFo,OPERATIONAL,https://www.google.com/maps/place/?q=place_id:ChIJqTKB5_m_BTsR_oFHonTmVFo
DRONA FAST FOOD,"Thrikkannapuram, Pappanamcode, Thiruvananthapuram, Kerala 695019, India",+91 94463 40267,77.00066869999999,8.4715837,ChIJWRWBuUC7BTsRsRKQGF1gs58,OPERATIONAL,https://www.google.com/maps/place/?q=place_id:ChIJWRWBuUC7BTsRsRKQGF1gs58
DS Chicken,"F2M2+65G, Pappanamcode Malayinkeezhu Rd, Trikkannapuram, Thiruvananthapuram, Kerala 695032, India",,77.00037689999999,8.4831416,ChIJu0zZfQC7BTsRiSo-8oH5VK0,OPERATIONAL,https://www.google.com/maps/place/?q=place_id:ChIJu0zZfQC7BTsRiSo-8oH5VK0
"DUDE'S CAFE "" CHENNAI BIRIYANI","FW8P+X8V, Vishnu Vihar, Muttathara, Thiruvananthapuram, Kerala 695008, India",,76.9358082,8.467483099999999,ChIJc0L1XgC7BTsR4KWdhXzQ73U,CLOSED_TEMPORARILY,https://www.google.com/maps/place/?q=place_id:ChIJc0L1XgC7BTsR4KWdhXzQ73U
Dum and Dine Biriyani - karamana (Trivandrum),"near karamana market, Karamana Junction, Karamana, Thiruvananthapuram, Kerala 695002, India",+91 97466 56112,76.9672763,8.482101,ChIJb7BeslC7BTsRuOXwXuuOdB4,OPERATIONAL,https://www.google.com/maps/place/?q=place_id:ChIJb7BeslC7BTsRuOXwXuuOdB4
DURGA TEA STALL,"Sreekrishna, Gandhipuram, Pangappara, Thiruvananthapuram, Kerala 695017, India",+91 98475 18307,76.90826419999999,8.5565336,ChIJC6zl2rO_BTsReDPA1RXDPBs,OPERATIONAL,https://www.google.com/maps/place/?q=place_id:ChIJC6zl2rO_BTsReDPA1RXDPBs
Ease feast,"Karimanal, p o, Aakkulam, Thiruvananthapuram, Kerala 695583, India",+91 81389 62542,76.8912337,8.523427000000002,ChIJASh_gZ69BTsR1qowG2Us9Lo,OPERATIONAL,https://www.google.com/maps/place/?q=place_id:ChIJASh_gZ69BTsR1qowG2Us9Lo
Eat & Drink Restaurant,"Eat and drink, NH Bypass Service Rd, near Masjid, Puthanpally, Poonthura, Thiruvananthapuram, Kerala 695026, India",+91 92079 92339,76.9485316,8.448532199999999,ChIJWUpwKAC7BTsRVylKmv2ib3k,OPERATIONAL,https://www.google.com/maps/place/?q=place_id:ChIJWUpwKAC7BTsRVylKmv2ib3k
Eat & Meet,"GX7H+GJ3, Kanjirampara, Thiruvananthapuram, Kerala 695030, India",,76.9788801,8.513921,ChIJPS11SeK7BTsRiNG-rY8MM54,OPERATIONAL,https://www.google.com/maps/place/?q=place_id:ChIJPS11SeK7BTsRiNG-rY8MM54
Eat 'N' Joy,"FWW5+63M All Saint Junction, Main Rd, Vettukadu, Thiruvananthapuram, Kerala 695007, India",+91 94472 04711,76.907685,8.495585,ChIJvYL1w3G8BTsR73kTNVVpjDE,OPERATIONAL,https://www.google.com/maps/place/?q=place_id:ChIJvYL1w3G8BTsR73kTNVVpjDE
EAT AND TREAT,"Eat and treat, Edachira Puthukulangara, P.O, Nedumangad, Thiruvananthapuram, Kerala 695541, India",,77.0416034,8.5940206,ChIJbbWKhPe3BTsRYxzRRTQK7L8,OPERATIONAL,https://www.google.com/maps/place/?q=place_id:ChIJbbWKhPe3BTsRYxzRRTQK7L8
EAT LESS EAT RIGHT,"Shankar, Sankaran Nair Road, Thiruvananthapuram, Perukavu, Kerala 695573, India",+91 85901 73038,77.01081719999999,8.5021398,ChIJUaFPwqaxBTsRSXm0sLRRtN4,OPERATIONAL,https://www.google.com/maps/place/?q=place_id:ChIJUaFPwqaxBTsRSXm0sLRRtN4
Eden Cafe,"Eden Cafe, Zion Tower, PO, opposite Prathyasha Flat Cheriyathura, Vallakkadavu, Thiruvananthapuram, Kerala 695008, India",+91 88480 36618,76.9334555,8.4607748,ChIJFTtGxnK7BTsRzGF0pyuaT8I,OPERATIONAL,https://www.google.com/maps/place/?q=place_id:ChIJFTtGxnK7BTsRzGF0pyuaT8I
Egg Kulfi stall,"FX5X+CC5, jn, Vellayani, Nemom, Kerala 695020, India",,76.9986108,8.458503799999999,ChIJ7ywjeQC7BTsRlw8VjlV4UJo,CLOSED_TEMPORARILY,https://www.google.com/maps/place/?q=place_id:ChIJ7ywjeQC7BTsRlw8VjlV4UJo
"Eggs & co. The juice,shake,Ice cream corner","Ground Floor, Ayyathuna Building, opp. New mobile showroom, Karamana Junction, Karamana, Thiruvananthapuram, Kerala 695002, India",+91 97463 28888,76.9679905,8.481869399999999,ChIJEYbREv-6BTsRhKi_-CQMRrQ,OPERATIONAL,https://www.google.com/maps/place/?q=place_id:ChIJEYbREv-6BTsRhKi_-CQMRrQ
ELAF RESTAURANT,"Technopark Trivandrum, Service Rd, Technopark Campus, Phase 1, Thiruvananthapuram, Kerala 695583, India",+91 99951 81855,76.877051,8.552717,ChIJIZ8MbwC_BTsRvwSlKH4wHP4,OPERATIONAL,https://www.google.com/maps/place/?q=place_id:ChIJIZ8MbwC_BTsRvwSlKH4wHP4
Elite Hotel,"C26Q+PG5, Kottukal, Kerala 695123, India",,77.0388521,8.4117652,ChIJYR0aoryvBTsRtRLCEHEjhP0,OPERATIONAL,https://www.google.com/maps/place/?q=place_id:ChIJYR0aoryvBTsRtRLCEHEjhP0
ELITE KITCHEN,"Elite Kitchen, 67/1327, Ambalathara, Thiruvananthapuram, Kerala 695026, India",+91 62823 48484,76.9504767,8.4551129,ChIJUZFmc8C7BTsRcNGeYgGOYQg,OPERATIONAL,https://www.google.com/maps/place/?q=place_id:ChIJUZFmc8C7BTsRcNGeYgGOYQg
Elysian Kitchen,"NCC Nagar, Durga Nagar, Peroorkada, Thiruvananthapuram, Kerala 695005, India",+91 90378 01004,76.9621535,8.5399035,ChIJES0MWQC5BTsR0tUbYedUsoU,OPERATIONAL,https://www.google.com/maps/place/?q=place_id:ChIJES0MWQC5BTsR0tUbYedUsoU
Elzu Nadan Foods,"GXX9+HW5, Vazhayila Mukkola Rd, Mandaram, Kairali nagar, Thiruvananthapuram, Kerala 695043, India",,76.9699837,8.5495057,ChIJs2loCgC5BTsRG2sBzMAfiI4,OPERATIONAL,https://www.google.com/maps/place/?q=place_id:ChIJs2loCgC5BTsRG2sBzMAfiI4
EMAAR KITCHEN,"9XXJ+GRC, Vizhinjam, Kovalam, Thiruvananthapuram, Kerala 695527, India",+91 95449 50003,76.9821904,8.399068999999999,ChIJdUILAXWlBTsRPPP6nlZrPog,OPERATIONAL,https://www.google.com/maps/place/?q=place_id:ChIJdUILAXWlBTsRPPP6nlZrPog
ENTE PEERUMETTILE CHAYA MRA BAKERY,"Peyad, Thiruvananthapuram, Kerala 695573, India",,77.0196287,8.5146693,ChIJCdH3H62xBTsR-U7ShnZIRLE,OPERATIONAL,https://www.google.com/maps/place/?q=place_id:ChIJCdH3H62xBTsR-U7ShnZIRLE
Ente Tattukada,"Ente Tattukada VP 11/585 Medanada Choozhattukotta, P O, Malayam, Thiruvananthapuram, Kerala 695571, India",,77.0116245,8.4754798,ChIJ3dIA-X-xBTsRTYy8NNQNlJQ,OPERATIONAL,https://www.google.com/maps/place/?q=place_id:ChIJ3dIA-X-xBTsRTYy8NNQNlJQ
Epic Angel fashions,"SREE BHAVAN, ANRA B 81, Anayara, Thiruvananthapuram, Kerala 695029, India",,76.9185653,8.504781399999999,ChIJo-MiXmC7BTsR6DIFkHS1Sck,OPERATIONAL,https://www.google.com/maps/place/?q=place_id:ChIJo-MiXmC7BTsR6DIFkHS1Sck
Esca Restaurant,"junction, Kalliyoor, Kerala 695042, India",+91 89214 03450,77.01692010000001,8.4323772,ChIJAwey48SvBTsRwumTeWrWPU8,OPERATIONAL,https://www.google.com/maps/place/?q=place_id:ChIJAwey48SvBTsRwumTeWrWPU8
Exagreen Foods & Takeaways,"ALUMKUZHIVILA, KALAGRAMAM 1 E, EXAGREEN FOODS & TAKEAWAYS, KODUNGANOOR P O, behind MTM Fancy Store, Kulasekharam, Thiruvananthapuram, Kerala 695013, India",+91 73065 78239,77.00417999999999,8.524804699999999,ChIJcclEy4O7BTsRcjc-yAK0lSg,CLOSED_TEMPORARILY,https://www.google.com/maps/place/?q=place_id:ChIJcclEy4O7BTsRcjc-yAK0lSg
EXIT 22,"Sanjeevani, Chanthavila, Kazhakkoottam, Kerala 695584, India",+91 75618 42797,76.885256,8.5930565,ChIJ_Q7k-M2_BTsRhVCdv4Op-Gk,OPERATIONAL,https://www.google.com/maps/place/?q=place_id:ChIJ_Q7k-M2_BTsRhVCdv4Op-Gk
Faasos,"Pongumoodu, Thiruvananthapuram, Kerala 695011, India",+91 22 5062 9448,76.9257291,8.5382991,ChIJl-LePIi5BTsR5O6nwWc0N3M,OPERATIONAL,https://www.google.com/maps/place/?q=place_id:ChIJl-LePIi5BTsR5O6nwWc0N3M
Faisal Thattukada,"FW8J+RCP, Priyadarsini Nagar, Vallakkadavu, Thiruvananthapuram, Kerala 695008, India",+91 94953 49329,76.9310789,8.467082099999999,ChIJUaKsAm-7BTsRaEYUwaqsho8,OPERATIONAL,https://www.google.com/maps/place/?q=place_id:ChIJUaKsAm-7BTsRaEYUwaqsho8
Family Bakers & Restaurant,"G266+H8P, Pallimukku, Peyad, Kerala 695573, India",+91 80750 89825,77.01064339999999,8.511463299999999,ChIJ4cZ7mpSxBTsRuZB4BBrObKk,OPERATIONAL,https://www.google.com/maps/place/?q=place_id:ChIJ4cZ7mpSxBTsRuZB4BBrObKk
Family Chicken,"Technopark-81, TRAC-28, Chenkottukonam, Thiruvananthapuram, Uliyazhathura, Kerala 695587, India",+91 98472 34871,76.9000945,8.5811077,ChIJ3YMKYQC_BTsRdXJ5jwbAR1c,OPERATIONAL,https://www.google.com/maps/place/?q=place_id:ChIJ3YMKYQC_BTsRdXJ5jwbAR1c
Family thattukada,"G23H+RPQ, Thachottukavu, Peyad, Kerala 695571, India",,77.0293672,8.504574999999999,ChIJHQ-XEQCxBTsR4nFjUzBxATc,OPERATIONAL,https://www.google.com/maps/place/?q=place_id:ChIJHQ-XEQCxBTsR4nFjUzBxATc
Famous Chappathi Corner,"Thachottukavu - Thirumala Rd, Thachottukavu, Peyad, Kerala 695573, India",+91 95266 50703,77.0262654,8.5082145,ChIJ00uFv72wBTsRF_9WpAMtuf4,OPERATIONAL,https://www.google.com/maps/place/?q=place_id:ChIJ00uFv72wBTsRF_9WpAMtuf4
FARM FRESH Chicken Stall,"HNRA West-45, Thottinappuram, Thamalam Rd, P O, Kaimanam, Poojapura, Thiruvananthapuram, Kerala 695012, India",+91 80891 44102,76.97954419999999,8.475663599999999,ChIJl8oUTwC7BTsRmeFHNV7-Jxc,CLOSED_TEMPORARILY,https://www.google.com/maps/place/?q=place_id:ChIJl8oUTwC7BTsRmeFHNV7-Jxc
Farm fresh Egg society,"HX2V+V3C, Kachani Aruvikkara Rd, Kachani, Thiruvananthapuram, Kerala 695564, India",,76.9926445,8.552192,ChIJJ9gHGgC5BTsRjDTjX07RksQ,CLOSED_TEMPORARILY,https://www.google.com/maps/place/?q=place_id:ChIJJ9gHGgC5BTsRjDTjX07RksQ
Farm Fresh Restaurant By The Byke Hotels,"Samudra Beach, VP 1, GV Raja Rd, Kovalam, Thiruvananthapuram, Kerala 695527, India",+91 89289 36102,76.972726,8.401698999999999,ChIJUTGIv1elBTsRBv2awvI2oKE,OPERATIONAL,https://www.google.com/maps/place/?q=place_id:ChIJUTGIv1elBTsRBv2awvI2oKE
Farsana Fast Food,"Palayam Airport Rd, Vallakkadavu, Thiruvananthapuram, Kerala 695007, India",+91 80897 85855,76.9225912,8.4740513,ChIJeQu04US7BTsRvnt7yN1Oy0o,OPERATIONAL,https://www.google.com/maps/place/?q=place_id:ChIJeQu04US7BTsRvnt7yN1Oy0o
Fast Food,"Pathapur Pathapur, Karimanal, Kulathoor, Cuttack, Thiruvananthapuram, Odisha 754008, India",+91 70647 71024,76.8884899,8.524625,ChIJz9XoPIu_BTsRUP_IpgyUr4M,CLOSED_TEMPORARILY,https://www.google.com/maps/place/?q=place_id:ChIJz9XoPIu_BTsRUP_IpgyUr4M
Fathima Chicken Shop,"Jn, Maniyan, Nettayam, Thiruvananthapuram, Kerala 695013, India",+91 96334 43145,76.99007759999999,8.5406853,ChIJidMGqCS5BTsRIuqM2daPxGk,OPERATIONAL,https://www.google.com/maps/place/?q=place_id:ChIJidMGqCS5BTsRIuqM2daPxGk
Fathima Fast Food,"Airport Rd, Chithra Nagar, Vallakkadavu, Thiruvananthapuram, Kerala 695008, India",+91 98473 06166,76.9231152,8.473927399999999,ChIJP6tixc67BTsRiA9524pToHg,OPERATIONAL,https://www.google.com/maps/place/?q=place_id:ChIJP6tixc67BTsRiA9524pToHg
FAUJI MESS,"Fauji Dosa Point, Fauji Mess, ITI Jn, Chacka, Thiruvananthapuram, Kerala 695007, India",+91 99610 27279,76.9165479,8.4905574,ChIJDWhBPgC7BTsReOtXhZ_wr5Y,OPERATIONAL,https://www.google.com/maps/place/?q=place_id:ChIJDWhBPgC7BTsReOtXhZ_wr5Y
Fiery Box,"Attinkuzhi Rd, Thiruvananthapuram, Kerala 695582, India",+91 82899 00688,76.87554229999999,8.5497126,ChIJG0miEwC_BTsRZNe-8SfDHKg,OPERATIONAL,https://www.google.com/maps/place/?q=place_id:ChIJG0miEwC_BTsRZNe-8SfDHKg
"Fiow Mart, Trivandrum","Chithira nagar, Kulathoor, Kazhakkoottam, Thiruvananthapuram, Kerala 695583, India",+91 87146 43097,76.879042,8.537623,ChIJf9MtG_C_BTsRMcP1hIQneT8,OPERATIONAL,https://www.google.com/maps/place/?q=place_id:ChIJf9MtG_C_BTsRMcP1hIQneT8
Fizza Family Restaurant,"Poonkavanam, near ISRO, Pazhavadi, Nedumangad, Kerala 695541, India",+91 95443 32301,77.004626,8.6080226,ChIJlUS8RX25BTsRgFvQd1MsRoY,CLOSED_TEMPORARILY,https://www.google.com/maps/place/?q=place_id:ChIJlUS8RX25BTsRgFvQd1MsRoY
Flame'N'Go,"Store #J09, Lulu International Shopping Mall Pvt. Ltd, Akkulam Bridge, Anayara, Post, Thiruvananthapuram, Kerala 695029, India",+91 70254 97000,76.8977379,8.515032099999999,ChIJVc0GaQi9BTsRc4jmW1iagkI,OPERATIONAL,https://www.google.com/maps/place/?q=place_id:ChIJVc0GaQi9BTsRc4jmW1iagkI
Flames The Hunger Spot,"Nedumangad Karipoor Rd, Pazhavadi, Nedumangad, Kerala 695541, India",,77.0200345,8.6156326,ChIJWQEReXLJBTsRoUvlRwUeFd8,OPERATIONAL,https://www.google.com/maps/place/?q=place_id:ChIJWQEReXLJBTsRoUvlRwUeFd8
Flamingo Inn,"NH Bypass Service Rd, Opp. Infosys, Kulathoor, Thiruvananthapuram, Kerala 695583, India",+91 90726 36969,76.8817675,8.533703599999999,ChIJHRUZZIW-BTsRpJpw1Eu8Ps4,OPERATIONAL,https://www.google.com/maps/place/?q=place_id:ChIJHRUZZIW-BTsRpJpw1Eu8Ps4
Flavor Time,"near post office, Thirumala, Thiruvananthapuram, Kerala 695006, India",+91 97479 73909,76.99359369999999,8.5043838,ChIJ9Wv18RS7BTsRAfct3OZiNY8,OPERATIONAL,https://www.google.com/maps/place/?q=place_id:ChIJ9Wv18RS7BTsRAfct3OZiNY8
Flavory,"Kavinpuram St, Aratham Moola, Poonthura, Thiruvananthapuram, Kerala 695027, India",,76.9528553,8.4364461,ChIJJwcylU6lBTsR0nRnhHluBKI,CLOSED_TEMPORARILY,https://www.google.com/maps/place/?q=place_id:ChIJJwcylU6lBTsR0nRnhHluBKI
Flora Family Restaurant,"9XXJ+PQ6, Kovalam Junction, Kovalam, Thiruvananthapuram, Kerala 695527, India",+91 471 248 2972,76.9818792,8.399283,ChIJ5UsqIAqlBTsRX_XFExHx3m4,OPERATIONAL,https://www.google.com/maps/place/?q=place_id:ChIJ5UsqIAqlBTsRX_XFExHx3m4
Flotilla KTDC Veli,"Madhavapuram Colony, Veli, Thiruvananthapuram, Kerala 695021, India",,76.8885114,8.509694,ChIJUbCuwz29BTsRhytXv2hr22g,CLOSED_TEMPORARILY,https://www.google.com/maps/place/?q=place_id:ChIJUbCuwz29BTsRhytXv2hr22g
Food Bee,"z, 10, Nedumangad, Kerala 695541, India",,76.995744,8.586880899999999,ChIJDfz9QwC5BTsRg8QmyhpDblE,CLOSED_TEMPORARILY,https://www.google.com/maps/place/?q=place_id:ChIJDfz9QwC5BTsRg8QmyhpDblE
Food Factory,"Edathara Rd, P.O, Chenkottukonam, Thiruvananthapuram, Kerala 695587, India",+91 97477 12266,76.9024743,8.581818499999999,ChIJjVjd4KC_BTsRi5tMQR08v4U,OPERATIONAL,https://www.google.com/maps/place/?q=place_id:ChIJjVjd4KC_BTsRi5tMQR08v4U
Food in style,"NGO Quarters Junction, Museum - Nanthencode Rd, Nandavanam, Palayam, Thiruvananthapuram, Kerala 695033, India",+91 99473 22280,76.9563743,8.507273399999999,ChIJLaTOBcm7BTsRvVuHrvntD4Y,OPERATIONAL,https://www.google.com/maps/place/?q=place_id:ChIJLaTOBcm7BTsRvVuHrvntD4Y
Food on Wheels,"GX26+MHM, Thiruvananthapuram - Neyyar Dam Rd, Vazhuthacaud, Thiruvananthapuram, Kerala 695010, India",+91 94957 35292,76.961503,8.501718,ChIJn09Nk3q7BTsREwqdzI5g9gY,OPERATIONAL,https://www.google.com/maps/place/?q=place_id:ChIJn09Nk3q7BTsREwqdzI5g9gY
FOOD TEXT,"TC 29, 4294(3, Bakery Jct Rd, Oottukuzhy, Palayam, Thiruvananthapuram, Kerala 695001, India",+91 96451 51947,76.9538513,8.4999033,ChIJZ5hP0v-7BTsRbyJMk-xak5I,OPERATIONAL,https://www.google.com/maps/place/?q=place_id:ChIJZ5hP0v-7BTsRbyJMk-xak5I
Food Times Restaurant & Bakery,"near St' Thomas Church Valia, Veli, Thiruvananthapuram, Kerala 695021, India",,76.8847947,8.5128826,ChIJrX4GSyW8BTsRSOvCkxngiko,OPERATIONAL,https://www.google.com/maps/place/?q=place_id:ChIJrX4GSyW8BTsRSOvCkxngiko
Food venture,"HV6W+3JF, P.O, Pangappara, Thiruvananthapuram, Kerala 695581, India",+91 82101 29058,76.89653960000001,8.560176499999999,ChIJf4umMQC_BTsRjaD3vfoNxyM,OPERATIONAL,https://www.google.com/maps/place/?q=place_id:ChIJf4umMQC_BTsRjaD3vfoNxyM
Foodcourt cafe deccenuim,"Pms dentel college, Thiruvananthapuram, Vattappara, Kerala 695028, India",+91 97462 59003,76.95851789999999,8.5956691,ChIJP65nZeK5BTsR949MMNTX53w,CLOSED_TEMPORARILY,https://www.google.com/maps/place/?q=place_id:ChIJP65nZeK5BTsR949MMNTX53w
Foodfruit,"1923, Bakery Junction Service Road, University of Kerala Senate House Campus, Palayam, Thiruvananthapuram, Kerala 695034, India",+91 73067 27250,76.9528796,8.502450399999999,ChIJY2-12ji7BTsRRpPUUWU13EQ,OPERATIONAL,https://www.google.com/maps/place/?q=place_id:ChIJY2-12ji7BTsRRpPUUWU13EQ
FOODIE CHEF RESTAURANT,"uchakkada, Vizhinjam, Venganoor, Kerala 695501, India",,77.0238893,8.3953176,ChIJl-KyF3evBTsR8OX4-HWj2NI,OPERATIONAL,https://www.google.com/maps/place/?q=place_id:ChIJl-KyF3evBTsR8OX4-HWj2NI
Foodies Hut,"HW7X+QJ9, Peroorkada Mannanthala Rd, Kudappanakunnu, Thiruvananthapuram, Kerala 695015, India",,76.9491019,8.564401000000002,ChIJhR8H_T25BTsRPoUWsEbTSL0,CLOSED_TEMPORARILY,https://www.google.com/maps/place/?q=place_id:ChIJhR8H_T25BTsRPoUWsEbTSL0
Foodies Paradise,"Junction, opposite Muthoot Finance, Pachalloor, Thiruvananthapuram, Kerala 695027, India",,76.96553610000001,8.4317169,ChIJW8qJguqlBTsR5t7hw_7q9Ls,CLOSED_TEMPORARILY,https://www.google.com/maps/place/?q=place_id:ChIJW8qJguqlBTsR5t7hw_7q9Ls
Fork and Spoon Live Kitchen,"GX5C+JCG, Sankar Rd, Sasthamangalam, Thiruvananthapuram, Kerala 695010, India",,76.97107199999999,8.509063099999999,ChIJFfEhdLq7BTsRmKbRFno_w4I,CLOSED_TEMPORARILY,https://www.google.com/maps/place/?q=place_id:ChIJFfEhdLq7BTsRmKbRFno_w4I
FORTUNE DISTRIBUTORS,"World Market Rd, Kochuveli, Thiruvananthapuram, Kerala 695029, India",+91 81370 33381,76.9016992,8.510873799999999,ChIJ68XU6gC9BTsRuyM8tALwd_o,OPERATIONAL,https://www.google.com/maps/place/?q=place_id:ChIJ68XU6gC9BTsRuyM8tALwd_o
Franklin Thattukada,"FXQX+J54, Thirumala-Thrikkannapuram Rd, Jai Nagar, Kunnapuzha, Thiruvananthapuram, Kerala 695032, India",,76.9978708,8.4891043,ChIJG2uMQwC7BTsRsbPCyH9YQWY,OPERATIONAL,https://www.google.com/maps/place/?q=place_id:ChIJG2uMQwC7BTsRsbPCyH9YQWY
Fresco café,"Juma Masjid, Pallimukku, Peyad, Kerala 695573, India",+91 89436 20790,77.0133534,8.512358200000001,ChIJ7SZfTc6xBTsRV7q0SPHf5yE,OPERATIONAL,https://www.google.com/maps/place/?q=place_id:ChIJ7SZfTc6xBTsRV7q0SPHf5yE
Fresh Family Thattukada and Hotel,"JV2X+C2 Kattayikonam Government UPS School, Kazhakoottam - Thaikod Rd, Kattaikonam, Kerala 695584, India",,76.89752399999999,8.6010888,ChIJE9HO8vW_BTsR7BV4cbpPhaA,OPERATIONAL,https://www.google.com/maps/place/?q=place_id:ChIJE9HO8vW_BTsR7BV4cbpPhaA
FRESH MUTTON SHOP,"Vazhuthacaud - Poojappura Rd, Kunjalumoodu, Kunchalumoodu, Karamana, Thiruvananthapuram, Kerala 695002, India",+91 95676 44561,76.97185549999999,8.485856199999999,ChIJyZxVY_a7BTsRQXcjDPSplTo,OPERATIONAL,https://www.google.com/maps/place/?q=place_id:ChIJyZxVY_a7BTsRQXcjDPSplTo
FreshMart Fish & Meat Store,"Sankar Rd, Sasthamangalam, Thiruvananthapuram, Kerala 695010, India",+91 79070 70108,76.971034,8.5091909,ChIJASKbSTi7BTsRPKPQ5KE6Y8s,OPERATIONAL,https://www.google.com/maps/place/?q=place_id:ChIJASKbSTi7BTsRPKPQ5KE6Y8s
Fried Chicken Corner (Rahnath),"FX5X+H77, Nemom, Kerala 695020, India",,76.9982149,8.4589043,ChIJHT9u2B-7BTsRp4PItPfu_Jc,OPERATIONAL,https://www.google.com/maps/place/?q=place_id:ChIJHT9u2B-7BTsRp4PItPfu_Jc
Friends Fast Food,"Sunida Bulding, Arikkadamukku, Thiruvananthapuram, Pallichal, Kerala 695020, India",+91 98951 60687,77.01500279999999,8.449513099999999,ChIJ4f71v5-xBTsR2bGqS3Hh_c0,CLOSED_TEMPORARILY,https://www.google.com/maps/place/?q=place_id:ChIJ4f71v5-xBTsR2bGqS3Hh_c0
Friends Hotel,"Pravachambalam - Ooruttambalam Rd, Arikkadamukku, Pallichal, Kerala 695020, India",,77.01498939999999,8.4496342,ChIJiUIzjwawBTsRv0p-6oFi1b8,OPERATIONAL,https://www.google.com/maps/place/?q=place_id:ChIJiUIzjwawBTsRv0p-6oFi1b8
Friends Restaurant,"HW3V+Q87, Thiruvananthapuram, Kerala 695015, India",+91 98097 54717,76.9432989,8.554406499999999,ChIJG69FTha5BTsRKOGSeUvJ2s8,OPERATIONAL,https://www.google.com/maps/place/?q=place_id:ChIJG69FTha5BTsRKOGSeUvJ2s8
"Frozen Bottle - Milkshakes, Desserts and Ice Cream","Main Gate, Nalanchira, Paruthippara, Thiruvananthapuram, Kerala 695015, India",+91 86065 44023,76.9423399,8.5433212,ChIJh7U-fzm5BTsRSzvJ-tZ9YF8,OPERATIONAL,https://www.google.com/maps/place/?q=place_id:ChIJh7U-fzm5BTsRSzvJ-tZ9YF8
"Frozen Bottle - Milkshakes, Desserts And Ice Cream","Kulathoor, Salma Arcade, Near, Technopark Phase III Main Rd, Mukkolackal, Kazhakkoottam, Thiruvananthapuram, Kerala 695583, India",+91 81293 25282,76.87744239999999,8.547702,ChIJNz4ujeC_BTsR5m3y7jlBxhI,OPERATIONAL,https://www.google.com/maps/place/?q=place_id:ChIJNz4ujeC_BTsR5m3y7jlBxhI
Fruzo,"Building No 10 Fruzo Oppo, Joseph, press building, School St, Cotton Hill, Vazhuthacaud, Thiruvananthapuram, Kerala 695014, India",+91 90373 20188,76.96301369999999,8.5006592,ChIJQ5ue1Ja7BTsR0hJN1J2YcOU,OPERATIONAL,https://www.google.com/maps/place/?q=place_id:ChIJQ5ue1Ja7BTsR0hJN1J2YcOU
Frydays Broast and Burgers,"NH Bypass Service Rd, Eanchakkal, Thiruvananthapuram, Kerala 695008, India",+91 90610 95145,76.9340292,8.4802998,ChIJl4nWdfC7BTsRb4ZQYlRafRo,OPERATIONAL,https://www.google.com/maps/place/?q=place_id:ChIJl4nWdfC7BTsRb4ZQYlRafRo
FUMISH Restaurant,"FX5X+CF4, Nemom, Kerala 695020, India",+91 98953 60681,76.998364,8.4586727,ChIJRSg2mpW7BTsRUbUYvH-ZCxU,OPERATIONAL,https://www.google.com/maps/place/?q=place_id:ChIJRSg2mpW7BTsRUbUYvH-ZCxU
G P CATERING,"GP BUILDING, Karumam, Maruthoorkadavu, Thiruvananthapuram, Kerala 695002, India",+91 94478 96449,76.9715989,8.456565399999999,ChIJBzZHXOS7BTsR88BRKc-6MLY,OPERATIONAL,https://www.google.com/maps/place/?q=place_id:ChIJBzZHXOS7BTsR88BRKc-6MLY
G S Chicken Stall,"G S Chicken Stall, 95 - 860/5, Pothujanam Rd, Kumarapuram, Thiruvananthapuram, Kerala 695011, India",+91 97465 68722,76.9256941,8.5093167,ChIJ2-YgX727BTsRFT8phkhxYsQ,OPERATIONAL,https://www.google.com/maps/place/?q=place_id:ChIJ2-YgX727BTsRFT8phkhxYsQ
Ganga Hotel,"Manvila, Thiruvananthapuram, Kerala 695583, India",,76.892654,8.542985,ChIJbR6JA5W-BTsRRtv2_myaA4g,OPERATIONAL,https://www.google.com/maps/place/?q=place_id:ChIJbR6JA5W-BTsRRtv2_myaA4g
Garam Masala Restaurant,"Edapazhnji, Cotton Hill, Vazhuthacaud, Thiruvananthapuram, Kerala 695014, India",+91 471 409 9799,76.96691109999999,8.5037445,ChIJC83hWrO7BTsRfZW1qADcaqI,CLOSED_TEMPORARILY,https://www.google.com/maps/place/?q=place_id:ChIJC83hWrO7BTsRfZW1qADcaqI
GaramMasala Ulloor,"GWJH+6FH, Neerazhi Ln, Ulloor Junction, Kochulloor, Ulloor, Thiruvananthapuram, Kerala 695011, India",+91 89098 28888,76.92873279999999,8.530574,ChIJd_HFYhu5BTsRjjjonxGwsB0,OPERATIONAL,https://www.google.com/maps/place/?q=place_id:ChIJd_HFYhu5BTsRjjjonxGwsB0
Garden Restaurant,"HW26+98M, Chavadimukku, Sreekaryam, Thiruvananthapuram, Kerala 695017, India",+91 85471 90723,76.9108019,8.550953,ChIJAXznNMm-BTsRm0rjZnE3P-0,OPERATIONAL,https://www.google.com/maps/place/?q=place_id:ChIJAXznNMm-BTsRm0rjZnE3P-0
Garuda Snacks,"No20, Gayathri Gardens, opposite to Padma Store, Akshaya Nagar, Neeramankara, Pappanamcode, Thiruvananthapuram, Kerala 695040, India",,76.9696393,8.4704015,ChIJoWpzORi7BTsRaAFWRGzojfg,OPERATIONAL,https://www.google.com/maps/place/?q=place_id:ChIJoWpzORi7BTsRaAFWRGzojfg
Gauri Shankar Hotel,"South Nada Fort, Fort, East Fort, Pazhavangadi, Thiruvananthapuram, Kerala 695023, India",,76.94352690000001,8.4811537,ChIJFTZYjQq7BTsRD5-8XUWApqQ,OPERATIONAL,https://www.google.com/maps/place/?q=place_id:ChIJFTZYjQq7BTsRD5-8XUWApqQ
Geethanjali Tiffin Centre,"GWCH+MRW, Medical College Kumarapuram Rd, Murinjapalam, Thiruvananthapuram, Kerala 695011, India",,76.9295824,8.5217353,ChIJl6nvy_y7BTsRvv6Vg_4ypCk,OPERATIONAL,https://www.google.com/maps/place/?q=place_id:ChIJl6nvy_y7BTsRvv6Vg_4ypCk
Geethu International,"3, KS Rd, Vazhamuttom, Kovalam, Kerala 695527, India",+91 89437 16659,76.9815072,8.4068456,ChIJZc0Ddg6lBTsRtnzDWrDx7-U,OPERATIONAL,https://www.google.com/maps/place/?q=place_id:ChIJZc0Ddg6lBTsRtnzDWrDx7-U
GG Restaurant,"GXGQ+2QW, Vattiyoorkavu, Thiruvananthapuram, Kerala 695013, India",+91 471 236 7624,76.98944879999999,8.5251217,ChIJectsuh-6BTsRJD9efD2oRA8,OPERATIONAL,https://www.google.com/maps/place/?q=place_id:ChIJectsuh-6BTsRJD9efD2oRA8
God's Own Burger Broasted,"Eanchakkal, Thiruvananthapuram, Kerala 695008, India",+91 85890 50937,76.9340469,8.480276300000002,ChIJ54vsfEK7BTsRB1lLFU_VDk8,OPERATIONAL,https://www.google.com/maps/place/?q=place_id:ChIJ54vsfEK7BTsRB1lLFU_VDk8
GOLDEN COOK & SERVE,"Mundela, Aruvikkara, Kerala 695543, India",,77.0287956,8.5852171,ChIJ7SmX3Ja3BTsRx9f9Glj-CvU,OPERATIONAL,https://www.google.com/maps/place/?q=place_id:ChIJ7SmX3Ja3BTsRx9f9Glj-CvU
Good Morning Hotel,"next to State Bank of India P O, Karamana, Thiruvananthapuram, Kerala 695002, India",+91 94961 04021,76.9702695,8.4808451,ChIJS2zi_lW6BTsRNPTRck6fyZI,OPERATIONAL,https://www.google.com/maps/place/?q=place_id:ChIJS2zi_lW6BTsRNPTRck6fyZI
Gouri tea shop,"Gouri tea shop, pottayil, irumbil, neyyatinkara, Kerala 695131, India",,77.0205514,8.491659,ChIJ2yK8OACxBTsRy4lIl-qG4I0,CLOSED_TEMPORARILY,https://www.google.com/maps/place/?q=place_id:ChIJ2yK8OACxBTsRy4lIl-qG4I0
GowreeshaThattukada,"Gowreesapattom,Pattom P.O, GW5Q+C7G, Gowreesapattom, Pottakkuzhi, Thiruvananthapuram, Kerala 695004, India",+91 77364 05010,76.93821400000002,8.5085579,ChIJwekG0-u7BTsRZtJbWxcswrE,OPERATIONAL,https://www.google.com/maps/place/?q=place_id:ChIJwekG0-u7BTsRZtJbWxcswrE
Gowris Kitchen,"Vaduvoth, Thiruvananthapuram, Kerala 695008, India",+91 83018 50783,76.93718729999999,8.4636894,ChIJX4bVegC7BTsRcCLiIOiDJUE,OPERATIONAL,https://www.google.com/maps/place/?q=place_id:ChIJX4bVegC7BTsRcCLiIOiDJUE
GP Hotel and Tea Shop,"GX7F+9H9, Sree Ramakrishna Mission Hospital Rd, Sasthamangalam, Thiruvananthapuram, Kerala 695010, India",+91 79946 32763,76.97398679999999,8.5134036,ChIJk92ZWzC6BTsRES9Ui-NdPrQ,OPERATIONAL,https://www.google.com/maps/place/?q=place_id:ChIJk92ZWzC6BTsRES9Ui-NdPrQ
Grace Restaurant,"Nalanchira, Thiruvananthapuram, Kerala 695015, India",+91 99959 38999,76.9426309,8.544407000000001,ChIJnw9ci2q5BTsRhy24TGkM0Hk,OPERATIONAL,https://www.google.com/maps/place/?q=place_id:ChIJnw9ci2q5BTsRhy24TGkM0Hk
Grace Store,"HW3M+W29, E Edavacode Rd, Edavacode, Thiruvananthapuram, Kerala 695015, India",,76.9327284,8.5547653,ChIJvekhbgC5BTsROtV1fNMNhsk,CLOSED_TEMPORARILY,https://www.google.com/maps/place/?q=place_id:ChIJvekhbgC5BTsROtV1fNMNhsk
Grameena Bhakshanashala,"H237+373, Mailom, Perumkulam, Kerala 695013, India",,77.01316469999999,8.5526355,ChIJzVu-p2G3BTsRduQeiXp0iHg,CLOSED_TEMPORARILY,https://www.google.com/maps/place/?q=place_id:ChIJzVu-p2G3BTsRduQeiXp0iHg
Grand Duke Restaurant,"Kerala, Manava Nagar, Eanchakkal, Manava Nagar, Eanchakkal, Thiruvananthapuram, Kerala 695024, India",+91 471 300 3300,76.92953829999999,8.4851362,ChIJbUVvMoO7BTsRbK8GnLTdpfs,OPERATIONAL,https://www.google.com/maps/place/?q=place_id:ChIJbUVvMoO7BTsRbK8GnLTdpfs
Grandios Biriyani,"GW63+4RH, Venpalavattom, Thiruvananthapuram, Kerala 695029, India",+91 90724 74040,76.9049814,8.5105519,ChIJ3dk_vyO9BTsR5ZkfkfmrW8U,OPERATIONAL,https://www.google.com/maps/place/?q=place_id:ChIJ3dk_vyO9BTsR5ZkfkfmrW8U
Grantea,"Oruvathilkotta, Venpalavattom, Thiruvananthapuram, Kerala 695029, India",,76.9052937,8.511036599999999,ChIJD0LFQAC9BTsRegZgtGSVQyM,OPERATIONAL,https://www.google.com/maps/place/?q=place_id:ChIJD0LFQAC9BTsRegZgtGSVQyM
GRASS HOPPER,"CX2F+W6G, Uday Samudra Leisure, Kovalam, Thiruvananthapuram, Kerala 695527, India",+91 471 248 5766,76.9730756,8.4023165,ChIJd-t1JwmlBTsRlr2HroTwJgQ,OPERATIONAL,https://www.google.com/maps/place/?q=place_id:ChIJd-t1JwmlBTsRlr2HroTwJgQ
Grasshopper,"Sree Sai, TC, 9/1577/1, next to Newton Kindergarten school, Jawahar Nagar, Sasthamangalam, Thiruvananthapuram, Kerala 695010, India",,76.9738703,8.514203499999999,ChIJi-P__2K7BTsRxeTaOiix5_g,OPERATIONAL,https://www.google.com/maps/place/?q=place_id:ChIJi-P__2K7BTsRxeTaOiix5_g
Green and Red Vizhinjam Spicy Chicken,"FWWQ+6WM, Pattoor - Vanchiyoor Rd, Rishimangalam, Vanchiyoor, Thiruvananthapuram, Kerala 695035, India",,76.9398114,8.4955751,ChIJc-18Pem7BTsRwqSHMm-s_Ww,OPERATIONAL,https://www.google.com/maps/place/?q=place_id:ChIJc-18Pem7BTsRwqSHMm-s_Ww
GREEN CHILLI,"Kappivila, Malayinkeezh, Kerala 695571, India",+91 98952 45082,77.03855829999999,8.489399299999999,ChIJLRwtBHGxBTsR6ObCVA92Xks,OPERATIONAL,https://www.google.com/maps/place/?q=place_id:ChIJLRwtBHGxBTsR6ObCVA92Xks
Green chilly Family Restaurant,"Pallimukku, Peyad, Kerala 695573, India",,77.0148339,8.5128734,ChIJxwFEnQ-xBTsRYyhxNf-iXFA,OPERATIONAL,https://www.google.com/maps/place/?q=place_id:ChIJxwFEnQ-xBTsRYyhxNf-iXFA
Green City Restaurant,"1/923, Krishna Vihar, Kumarapuram, Thiruvananthapuram, Kerala 695011, India",+91 98958 61135,76.9274322,8.5152187,ChIJOTS2jfq7BTsRCsPjOXy23Ww,OPERATIONAL,https://www.google.com/maps/place/?q=place_id:ChIJOTS2jfq7BTsRCsPjOXy23Ww
GREEN'S PIZZERIA,"Kallattumukku, Thiruvananthapuram, Kerala 695009, India",+91 70552 02050,76.95045619999999,8.4605561,ChIJsSNVMum7BTsRVb61et_46qs,OPERATIONAL,https://www.google.com/maps/place/?q=place_id:ChIJsSNVMum7BTsRVb61et_46qs
GREEN'S PIZZERIA,"Ambalamukku, Thiruvananthapuram, Kerala 695003, India",+91 75102 02040,76.96086199999999,8.5294656,ChIJd2OlKgC5BTsRwIn5JcukP6I,OPERATIONAL,https://www.google.com/maps/place/?q=place_id:ChIJd2OlKgC5BTsRwIn5JcukP6I
GREENZ RESTO,"Pipinmoodu - Mannammola Rd, Jawahar Nagar, Sasthamangalam, Thiruvananthapuram, Kerala 695010, India",+91 98461 61893,76.9731307,8.5149379,ChIJ61PTMzC6BTsR-HD643ArCSY,OPERATIONAL,https://www.google.com/maps/place/?q=place_id:ChIJ61PTMzC6BTsR-HD643ArCSY
Greezified,"HW5C+7XM, Kariyam, Greezified, Sreekaryam, Thiruvananthapuram, Kerala 695017, India",,76.9224289,8.558201,ChIJT23IVAC5BTsR2K-RNAYhlac,OPERATIONAL,https://www.google.com/maps/place/?q=place_id:ChIJT23IVAC5BTsR2K-RNAYhlac
Grill Shack,"Thiruvananthapuram - Neyyar Dam Rd, Cotton Hill, Vazhuthacaud, Thiruvananthapuram, Kerala 695014, India",+91 77366 51122,76.9621124,8.5015621,ChIJqwi_Bjm7BTsR6CpFAq3grDw,OPERATIONAL,https://www.google.com/maps/place/?q=place_id:ChIJqwi_Bjm7BTsR6CpFAq3grDw
Grill Zone,"NCC Rd, Samithy Nagar, Ambalamukku, Thiruvananthapuram, Kerala 695005, India",+91 99959 84499,76.9579116,8.5363949,ChIJ9VXGYAC5BTsR5grVSSJN1D8,OPERATIONAL,https://www.google.com/maps/place/?q=place_id:ChIJ9VXGYAC5BTsR5grVSSJN1D8
Gujju's Kitchen,"TC 14/3657, National Highway 47, Opp Smart Bazar Kesavadasapuram, Kailash Nagar, Vivekananda Nagar, Pattom, Thiruvananthapuram, Kerala 695004, India",,76.9389042,8.527622299999999,ChIJ42O3c_G5BTsRzwLo5pr5sLI,OPERATIONAL,https://www.google.com/maps/place/?q=place_id:ChIJ42O3c_G5BTsRzwLo5pr5sLI
GULAN THATTUKADA,"N V NAGAR, AKG Nagar, Peroorkada, Thiruvananthapuram, Kerala 695005, India",,76.9674682,8.538592999999999,ChIJtZaWQBC5BTsRaHfoBZIwvRE,OPERATIONAL,https://www.google.com/maps/place/?q=place_id:ChIJtZaWQBC5BTsRaHfoBZIwvRE
Gulu's Kitchen,"Gowreesham, PRA-14, Prakrithi Gardens, Karipur, P.O, Malayinkeezh, Trivandrum, Kerala 695571, India",+91 95627 42820,77.027345,8.4997302,ChIJzzSqdCmxBTsRSOosNghsE7I,OPERATIONAL,https://www.google.com/maps/place/?q=place_id:ChIJzzSqdCmxBTsRSOosNghsE7I
Gurlasin Bernalia,"Seven Building, Kaimanam, Karamana, Thiruvananthapuram, Kerala 695018, India",+91 80753 67636,76.9785746,8.472562,ChIJoZBPs4y7BTsRSJe8fZXm7nI,OPERATIONAL,https://www.google.com/maps/place/?q=place_id:ChIJoZBPs4y7BTsRSJe8fZXm7nI
Guvava tree restuarant Pappanamcode,"FX9J+VPW, Vishnu Nagar, Pappanamcode, Thiruvananthapuram, Kerala 695018, India",,76.9818404,8.469727299999999,ChIJ30BORgC7BTsRrXS2Ob0lYCQ,CLOSED_TEMPORARILY,https://www.google.com/maps/place/?q=place_id:ChIJ30BORgC7BTsRrXS2Ob0lYCQ
Haappyy Belly Restaurant,"Pazhakutty, Kollamkavu, Nedumangad, Kerala 695561, India",+91 82818 86887,76.9972823,8.616319299999999,ChIJ_WYcv-jHBTsRlN1GUBMKqfM,OPERATIONAL,https://www.google.com/maps/place/?q=place_id:ChIJ_WYcv-jHBTsRlN1GUBMKqfM
"HaaS Crispy (Shawai, Alfama)","FX7R+PF4, Karakkamandapam, Nemom, Kerala 695020, India",,76.9912026,8.4642794,ChIJH7D8NgC7BTsRGjmHwwJIDmM,OPERATIONAL,https://www.google.com/maps/place/?q=place_id:ChIJH7D8NgC7BTsRGjmHwwJIDmM
Habeebi fried chicken,"Habeebi fried chicken , National Nagar , paravankunn, National Nagar, Ambalathara, Manacaud, Thiruvananthapuram, Kerala 695009, India",+91 99954 74045,76.951015,8.4583541,ChIJZ5Glnnq7BTsRJQWfB8JfB0U,CLOSED_TEMPORARILY,https://www.google.com/maps/place/?q=place_id:ChIJZ5Glnnq7BTsRJQWfB8JfB0U
Habibi shawarma hut,"road, Pazhakutty, Kollamkavu, Nedumangad, Thiruvananthapuram, Kerala 695561, India",+91 77360 30089,76.9973711,8.6150871,ChIJIe93SZnHBTsRgB5V7uyemM4,OPERATIONAL,https://www.google.com/maps/place/?q=place_id:ChIJIe93SZnHBTsRgB5V7uyemM4
Haji Ali Fresh Fruit Juices,"Juma Masjid Building, Mahatma Gandhi Rd, Opp Power Health Club, University of Kerala Senate House Campus, Palayam, Thiruvananthapuram, Kerala 695034, India",+91 471 485 5757,76.9506414,8.503434,ChIJU_sdcLi7BTsRlHp0v6MJN7I,OPERATIONAL,https://www.google.com/maps/place/?q=place_id:ChIJU_sdcLi7BTsRlHp0v6MJN7I
Halais Dum Biryani,"No-4, GVHP+W2, 269-3, NH 66, Near Infosys, Poundukadavu, Thiruvananthapuram, Kerala 695583, India",+91 93877 76644,76.88498299999999,8.529828000000002,ChIJheO_QZu-BTsRkN2Gpmld2ew,OPERATIONAL,https://www.google.com/maps/place/?q=place_id:ChIJheO_QZu-BTsRkN2Gpmld2ew
Halais Dum Biryani,"Pazhaya Rd, Pangappara, Thiruvananthapuram, Kerala 695581, India",+91 70256 25152,76.8952639,8.5613613,ChIJS4ibAN6-BTsRJVbNUHbGbZ0,OPERATIONAL,https://www.google.com/maps/place/?q=place_id:ChIJS4ibAN6-BTsRJVbNUHbGbZ0
Halal Chicken stall,"Pangappara, Thiruvananthapuram, Kerala 695581, India",,76.897302,8.5604743,ChIJIdV1J-W_BTsRjW5ql_nqbpo,OPERATIONAL,https://www.google.com/maps/place/?q=place_id:ChIJIdV1J-W_BTsRjW5ql_nqbpo
Haldiram's,"Chacka Shop No.12, International Airport Terminal, 2, Airport Entry Rd, Vallakkadavu, Thiruvananthapuram, Kerala 695008, India",+91 70300 00146,76.9188254,8.476604600000002,ChIJiei7swe7BTsRQK5KxJM3aqc,OPERATIONAL,https://www.google.com/maps/place/?q=place_id:ChIJiei7swe7BTsRQK5KxJM3aqc
Hamra Mandhi,"4/1273(4), Kuravankonam, P.O, Kowdiar, Thiruvananthapuram, Kerala 695003, India",+91 79946 69886,76.9536873,8.524170699999999,ChIJVy8R7Xe7BTsRD5KwOBeBFeY,OPERATIONAL,https://www.google.com/maps/place/?q=place_id:ChIJVy8R7Xe7BTsRD5KwOBeBFeY
HANAMI PAN ASIAN RESTAURANT,"757/3, T.C. 34, Watts Ln, Shangumukham, Kannanthura, Thiruvananthapuram, Kerala 695007, India",+91 97451 93888,76.9112834,8.483633800000002,ChIJBUAb_JW9BTsRbSmGrM05pMI,OPERATIONAL,https://www.google.com/maps/place/?q=place_id:ChIJBUAb_JW9BTsRbSmGrM05pMI
Happy belly,"J2C2+GMX, Tattancode, Kollamkavu, Nedumangad, Kerala 695561, India",,77.0017465,8.621369999999999,ChIJr3UOWADHBTsR57APY9HZVS4,OPERATIONAL,https://www.google.com/maps/place/?q=place_id:ChIJr3UOWADHBTsR57APY9HZVS4
Happy hotel take away,"FWVH+VRG, Kaithamukku Petta Rd, Pettah, Thiruvananthapuram, Kerala 695024, India",,76.9295764,8.494698099999999,ChIJU5uc14-7BTsRc-PiVseNKT0,OPERATIONAL,https://www.google.com/maps/place/?q=place_id:ChIJU5uc14-7BTsRc-PiVseNKT0
HARISH THATTUKADA,"Kavitha Building, Madhavapuram Colony, Kochuveli, Thiruvananthapuram, Kerala 695021, India",+91 80898 36466,76.89183299999999,8.5123904,ChIJpYSF7CK9BTsRXMTnlTyucGE,OPERATIONAL,https://www.google.com/maps/place/?q=place_id:ChIJpYSF7CK9BTsRXMTnlTyucGE
Harshad Veg Restaurant,"GV6W+2W5, Kochuveli, Thiruvananthapuram, Kerala 695021, India",,76.89736669999999,8.5100152,ChIJE7Fjsxe8BTsRCrurQRa5ghg,OPERATIONAL,https://www.google.com/maps/place/?q=place_id:ChIJE7Fjsxe8BTsRCrurQRa5ghg
Hawkers World - Crispy Chicken Point,"Thirumala Peyad Malayinkeezhu Rd, Thirumala Junction, Thirumala, Peyad, Thiruvananthapuram, Kerala 695006, India",+91 62387 43751,76.9909373,8.5015462,ChIJtc7r1Zq7BTsRb-tr4YrtC1s,CLOSED_TEMPORARILY,https://www.google.com/maps/place/?q=place_id:ChIJtc7r1Zq7BTsRb-tr4YrtC1s
HAYATH FAMILY RESTAURANT,"C2FV+3QG, വിഴിഞ്ഞം റോഡ്, പഴയകടലനെ, ബാലരാമപുരം, കേരള 695501, India",+91 96458 94919,77.0444503,8.4226874,ChIJqRVz58evBTsR16agtyOxFNA,OPERATIONAL,https://www.google.com/maps/place/?q=place_id:ChIJqRVz58evBTsR16agtyOxFNA
Hayath family restaurant,"TV nagar, Kusakkode, Thirumala, Thiruvananthapuram, Kerala 695006, India",,76.993032,8.5032319,ChIJg-v-_Me7BTsRqC-Fh41Ab5E,OPERATIONAL,https://www.google.com/maps/place/?q=place_id:ChIJg-v-_Me7BTsRqC-Fh41Ab5E
Healthush,"Ulloor - Akkulam Rd Pulayanarkotta, Prasanth Nagar, Ulloor, Thiruvananthapuram, Kerala 695011, India",+91 90482 50505,76.91468189999999,8.52322,ChIJI_P_2pG5BTsRpITid9ECGAE,OPERATIONAL,https://www.google.com/maps/place/?q=place_id:ChIJI_P_2pG5BTsRpITid9ECGAE
HEAVEN OF FOOD RESTAURANT,"Mottamoodu, Trivandrum, Pallichal, Kerala 695528, India",,77.0256346,8.4497532,ChIJw6vv9JCxBTsR9PWhpLeoHck,OPERATIONAL,https://www.google.com/maps/place/?q=place_id:ChIJw6vv9JCxBTsR9PWhpLeoHck
Heavenly's Kitchen,"GXHG+9F5, Mannammoola, Thiruvananthapuram, Kerala 695005, India",,76.9762196,8.528393399999999,ChIJ96ksVAC5BTsRAL2R8sE8i6w,CLOSED_TEMPORARILY,https://www.google.com/maps/place/?q=place_id:ChIJ96ksVAC5BTsRAL2R8sE8i6w
Hello chicken shop,"Vanda, Nedumangad, Kerala 695541, India",+91 98471 54709,77.0099899,8.6102245,ChIJt9ggEPW5BTsR41loUeqB1dA,CLOSED_TEMPORARILY,https://www.google.com/maps/place/?q=place_id:ChIJt9ggEPW5BTsR41loUeqB1dA
Henzu's Chik N Spice,"Paruthikuzhi Junc, Thiruvananthapuram Byp, Neelattinkara, Kallattumukku, Thiruvananthapuram, Kerala 695009, India",+91 81292 14360,76.9432822,8.4582427,ChIJZZpE7uS7BTsRuz4i0tnK5VU,OPERATIONAL,https://www.google.com/maps/place/?q=place_id:ChIJZZpE7uS7BTsRuz4i0tnK5VU
High range,"746, Kuravankonam Ambalamukku Rd, near Binoy Marbles, Ambalamukku, Thiruvananthapuram, Kerala 695003, India",+91 99614 69990,76.9556458,8.527384,ChIJA5YKE5y5BTsRMet5wTCefDM,OPERATIONAL,https://www.google.com/maps/place/?q=place_id:ChIJA5YKE5y5BTsRMet5wTCefDM
Highrange 2.0 A Techies Kitchen,"TC 1/4553/2, Ambalathinkara, Pavithram, Kazhakkoottam, Thiruvananthapuram, Kerala 695582, India",+91 80891 42438,76.8824248,8.5648777,ChIJoVMepM-_BTsR2yW7h38xCQo,OPERATIONAL,https://www.google.com/maps/place/?q=place_id:ChIJoVMepM-_BTsR2yW7h38xCQo
Highrange Thattukada.,"HV8P+7CV, Karyavattom, Thiruvananthapuram, Kerala 695581, India",,76.88605009999999,8.5657364,ChIJ27hVwvK_BTsR_pO8vvaVoeE,OPERATIONAL,https://www.google.com/maps/place/?q=place_id:ChIJ27hVwvK_BTsR_pO8vvaVoeE
Highway Restaurant,"CXQ4+MQG, Thiruvallam, Thiruvananthapuram, Kerala 695027, India",,76.9569504,8.439185199999999,ChIJEd89SCelBTsRx2tx-ZvrL9w,CLOSED_TEMPORARILY,https://www.google.com/maps/place/?q=place_id:ChIJEd89SCelBTsRx2tx-ZvrL9w
HOME PLATES,"Krinavilasam, GWQ4+X65, Alathara Rd, Ambady Nagar, Bapuji Nagar Pongumoodu, Thiruvananthapuram, Kerala 695011, India Bapuji Nagar Pongumoodu, Sreekaryam, Thiruvananthapuram, Kerala 695017, India",,76.904074,8.533981599999999,ChIJMdrxMMG_BTsReXPtf19-A84,OPERATIONAL,https://www.google.com/maps/place/?q=place_id:ChIJMdrxMMG_BTsReXPtf19-A84
Home Saifudeen,"Valiyathura - Beemapally - Poonthura Rd, Manickamvilakam, Beemapally, Thiruvananthapuram, Kerala 695008, India",,76.9379261,8.451923899999999,ChIJ9RvCxPy7BTsRNrOOPEowqnM,OPERATIONAL,https://www.google.com/maps/place/?q=place_id:ChIJ9RvCxPy7BTsRNrOOPEowqnM
HOMEATS,"GSSNRA, KALLATTU GARDENS, 88, NCC Rd, opp. AMBALATHIL HALL, Samithy Nagar, Ambalamukku, Thiruvananthapuram, Kerala 695005, India",,76.9584721,8.534367999999999,ChIJ10e8-Qm7BTsRZjEGcqBw-wY,OPERATIONAL,https://www.google.com/maps/place/?q=place_id:ChIJ10e8-Qm7BTsRZjEGcqBw-wY
Homely Circle Cafe,"Kunnuvila puthenveedu, Kattuvila, Peyad, Kerala 695573, India",+91 91884 41169,77.02507860000001,8.5209305,ChIJRfUYbvexBTsRqn8FWLf5RNs,OPERATIONAL,https://www.google.com/maps/place/?q=place_id:ChIJRfUYbvexBTsRqn8FWLf5RNs
Homely food,"Pulimoodu junction, Maruthankuzhi - Kachani Rd, Manjadimoodu, Thiruvananthapuram, Kerala 695013, India",,76.9860374,8.5238211,ChIJc0S7RQC7BTsR8yHMvQVt3OE,OPERATIONAL,https://www.google.com/maps/place/?q=place_id:ChIJc0S7RQC7BTsR8yHMvQVt3OE
HOMELY FOOD,"HXW5+6H7, Vattappara Valikode Rd, Vattappara, Kerala 695028, India",+91 94961 49369,76.9589311,8.5955491,ChIJoZ3T_Yu4BTsRYKah8yhBs7w,OPERATIONAL,https://www.google.com/maps/place/?q=place_id:ChIJoZ3T_Yu4BTsRYKah8yhBs7w
Homely food (Veettile oonu),"GWVF+93, Chenthi, Gowari Nagar, Sreekaryam, Thiruvananthapuram, Kerala 695011, India",,76.92260999999999,8.543407499999999,ChIJbfcmVVS5BTsRA5W_rUKkC5I,OPERATIONAL,https://www.google.com/maps/place/?q=place_id:ChIJbfcmVVS5BTsRA5W_rUKkC5I
Homely Foods,"Chenkottukonam, Uliyazhathura, Thiruvananthapuram, Kerala 695587, India",+91 75608 71301,76.905748,8.5821706,ChIJFyuzgsq_BTsRvNd7dan_Ov4,OPERATIONAL,https://www.google.com/maps/place/?q=place_id:ChIJFyuzgsq_BTsRvNd7dan_Ov4
Homely Kerala Food And Home Delivery,"Kulathoor, Thiruvananthapuram, Kerala 695583, India",+91 90370 43614,76.8891637,8.5347622,ChIJCdy7rZC-BTsR2RN3rj2Fkk4,OPERATIONAL,https://www.google.com/maps/place/?q=place_id:ChIJCdy7rZC-BTsR2RN3rj2Fkk4
Homies kitchen,"CXQ4+PQF, Thiruvallam, Thiruvananthapuram, Kerala 695027, India",,76.9569284,8.439237799999999,ChIJQxDW64mlBTsRnSbdacWaZRc,CLOSED_TEMPORARILY,https://www.google.com/maps/place/?q=place_id:ChIJQxDW64mlBTsRnSbdacWaZRc
Homies Restaurant,"NH bypass, Ulloor - Akkulam Rd, Akkulam, Thiruvananthapuram, Kerala 695583, India",+91 88489 00802,76.8915675,8.5241156,ChIJm1_-Zpe_BTsRguvJTUpW6tw,OPERATIONAL,https://www.google.com/maps/place/?q=place_id:ChIJm1_-Zpe_BTsRguvJTUpW6tw
honeys pot biriyani,"JV4W+GQQ, Sreekariyam - Pothencode Rd, Kattaikonam, Thiruvananthapuram, Kerala 695584, India",,76.8969839,8.606334,ChIJx4iNGee_BTsRYUbTTBmGk3s,CLOSED_TEMPORARILY,https://www.google.com/maps/place/?q=place_id:ChIJx4iNGee_BTsRYUbTTBmGk3s
HOT CHEF Take Away Happiness,"opposite Exide Service Centre, Chavadimukku, Amadi Nagar, Sreekaryam, Thiruvananthapuram, Kerala 695017, India",+91 96332 80957,76.912537,8.550802,ChIJt0xeB8q_BTsRwZHuwMFdjFM,CLOSED_TEMPORARILY,https://www.google.com/maps/place/?q=place_id:ChIJt0xeB8q_BTsRwZHuwMFdjFM
Hot N Spicy Family Restaurant,"Kovalam Rd, Kumarichantha, Ambalathara, Thiruvananthapuram, Kerala 695026, India",+91 92070 34148,76.9486167,8.449354999999999,ChIJS_HpwMC7BTsRiACBGulpkZg,OPERATIONAL,https://www.google.com/maps/place/?q=place_id:ChIJS_HpwMC7BTsRiACBGulpkZg
hot pot,"GWPG+WF8, Pongummoodu, Bhasi Nagar, Ulloor, Thiruvananthapuram, Kerala 695011, India",+91 99617 40690,76.92619909999999,8.5372835,ChIJszEMT065BTsRRHdG640bzPc,OPERATIONAL,https://www.google.com/maps/place/?q=place_id:ChIJszEMT065BTsRRHdG640bzPc
Hotel,"FXQJ+49P, Shastri Nagar, Poojapura, Thiruvananthapuram, Kerala 695012, India",,76.980963,8.4878356,ChIJe_keGAC7BTsRQBLl_7RHbpg,CLOSED_TEMPORARILY,https://www.google.com/maps/place/?q=place_id:ChIJe_keGAC7BTsRQBLl_7RHbpg
Hotel Aadi,"J2CC+7R7, Nedumangad Karipoor Rd, near Karipoor, Pazhavadi, Nedumangad, Kerala 695541, India",,77.02207229999999,8.6206859,ChIJTUV5DQDJBTsRYb3OMT3nQIk,OPERATIONAL,https://www.google.com/maps/place/?q=place_id:ChIJTUV5DQDJBTsRYb3OMT3nQIk
Hotel Achoos,"HWC4+3WQ, Aniyoor Temple Ln Rd, Chempazhanthy, Thiruvananthapuram, Kerala 695587, India",,76.9073531,8.570217600000001,ChIJ7X0TOEC_BTsRv_mPOGqL1hA,OPERATIONAL,https://www.google.com/maps/place/?q=place_id:ChIJ7X0TOEC_BTsRv_mPOGqL1hA
Hotel Akash,"GXM7+VQ8, Ambalamukku Rd, Devapalan Nagar, Peroorkada, Thiruvananthapuram, Kerala 695005, India",+91 98953 95948,76.96443839999999,8.5346705,ChIJK5Ekg4K5BTsRyt_WOmtWf8k,OPERATIONAL,https://www.google.com/maps/place/?q=place_id:ChIJK5Ekg4K5BTsRyt_WOmtWf8k
Hotel Al Ameen,"Near Makayiram Complex Paravankunnu Thiruvananthapuram, Kerala 695026, Paravankunnu, Thiruvananthapuram, Kerala, India, Paravankunnu, Thiruvananthapuram, Kerala 695026, India",,76.9500265,8.4555397,ChIJz6wRfzu7BTsRmQrgK80IbBY,OPERATIONAL,https://www.google.com/maps/place/?q=place_id:ChIJz6wRfzu7BTsRmQrgK80IbBY
Hotel Al Barkath,"Palayam Airport Rd, Aishwarya Nagar, Vettukadu, Thiruvananthapuram, Kerala 695007, India",+91 97446 01664,76.9068906,8.4947299,ChIJh_Am1HG8BTsRfS-qttilAdI,OPERATIONAL,https://www.google.com/maps/place/?q=place_id:ChIJh_Am1HG8BTsRfS-qttilAdI
Hotel Al-ameen,"Kannammoola, Thiruvananthapuram, Kerala 695011, India",+91 98955 40041,76.93190249999999,8.5036579,ChIJL9KbMu27BTsR2SNANta3B5U,OPERATIONAL,https://www.google.com/maps/place/?q=place_id:ChIJL9KbMu27BTsR2SNANta3B5U
Hotel Ambadi,"HW38+6Q6, Chekkalamukku-Powdikonam Rd, Sreekaryam, Thiruvananthapuram, Kerala 695017, India",+91 98954 04581,76.9169015,8.5530288,ChIJQ6f-wsy-BTsRrSt89NEUQis,OPERATIONAL,https://www.google.com/maps/place/?q=place_id:ChIJQ6f-wsy-BTsRrSt89NEUQis
Hotel Ambady,"TC 21/308, Civil Station Road, Kudappanakunnu, Peroorkada, Thiruvananthapuram, Kerala 695043, India",,76.9607309,8.5497858,ChIJ8-F0Bgu5BTsRihxV7R2lBLM,OPERATIONAL,https://www.google.com/maps/place/?q=place_id:ChIJ8-F0Bgu5BTsRihxV7R2lBLM
Hotel Anand,"Kollam road, Sreekariyam Junction, Gowari Nagar, Sreekaryam, Thiruvananthapuram, Kerala 695017, India",+91 94463 09435,76.9175017,8.5485972,ChIJweDaJ8u-BTsR0OCiAUMPO_o,CLOSED_TEMPORARILY,https://www.google.com/maps/place/?q=place_id:ChIJweDaJ8u-BTsR0OCiAUMPO_o
HOTEL ANANDH,"HOTEL ANANDH, Maruthankuzhy Brg, PO, Maruthumkuzhi, Thiruvananthapuram, Kerala 695030, India",,76.9782881,8.5129694,ChIJT1DJQAC7BTsR0afYf8aBSUU,OPERATIONAL,https://www.google.com/maps/place/?q=place_id:ChIJT1DJQAC7BTsR0afYf8aBSUU
Hotel Ananthapuri,"Peroorkada Mannanthala Rd, Kudappanakunnu, Thiruvananthapuram, Kerala 695043, India",,76.96109489999999,8.550530799999999,ChIJmbgprAu5BTsRp9WrU2EZjlw,OPERATIONAL,https://www.google.com/maps/place/?q=place_id:ChIJmbgprAu5BTsRp9WrU2EZjlw
Hotel Annapoorna,"Annapoorna Resturant, Near PRS Hospital, Killipalam, Karamana, Thiruvananthapuram, Kerala 695002, India",+91 98958 31976,76.95883119999999,8.4816373,ChIJiQok5aq7BTsRWrmP2A0JeAw,OPERATIONAL,https://www.google.com/maps/place/?q=place_id:ChIJiQok5aq7BTsRWrmP2A0JeAw
Hotel Annapoorna (Pure Veg),"Pazhavangadi, Chalai Bazaar, Chalai, Thiruvananthapuram, Kerala 695036, India",+91 96339 99479,76.94794610000001,8.4850641,ChIJdYfhJqe7BTsRXL5lNaE6rhM,OPERATIONAL,https://www.google.com/maps/place/?q=place_id:ChIJdYfhJqe7BTsRXL5lNaE6rhM
Hotel Annapurna,"FXH9+W66, Thaliyal Rd, Mither Nagar, Karamana, Thiruvananthapuram, Kerala 695002, India",,76.9680064,8.4797928,ChIJd8uc5P66BTsRKxbpICVpx60,OPERATIONAL,https://www.google.com/maps/place/?q=place_id:ChIJd8uc5P66BTsRKxbpICVpx60
Hotel Ansari,"2,3,4,5,6,8,9, PP 6/666/1, Opposite Town Masjid, Jn, Pothencode, Thiruvananthapuram, Kerala 695584, India",+91 95627 45842,76.8992524,8.6194721,ChIJJRTPPqPABTsRshLqU98pz-o,OPERATIONAL,https://www.google.com/maps/place/?q=place_id:ChIJJRTPPqPABTsRshLqU98pz-o
Hotel APPA,"Near, CET Main Gate Entry Rd, Ambady Nagar, Thiruvananthapuram, Kerala 695017, India",,76.9082727,8.549123,ChIJhdyaJwC_BTsREce5Qw86OkE,OPERATIONAL,https://www.google.com/maps/place/?q=place_id:ChIJhdyaJwC_BTsREce5Qw86OkE
Hotel Appus,"Chaka Bypass, near IMA, Kallummoodu, Chacka, Thiruvananthapuram, Kerala 695029, India",+91 99471 63747,76.91379119999999,8.5015283,ChIJvZ_BlHS8BTsRsObRcKwkdPs,OPERATIONAL,https://www.google.com/maps/place/?q=place_id:ChIJvZ_BlHS8BTsRsObRcKwkdPs
Hotel Arshida.,"CWVV+7GH, Sree Shastha Nagar, Poonthura, Thiruvananthapuram, Kerala 695026, India",,76.9438461,8.4431774,ChIJ1WuYqgm7BTsRHk-nadli4NQ,CLOSED_TEMPORARILY,https://www.google.com/maps/place/?q=place_id:ChIJ1WuYqgm7BTsRHk-nadli4NQ
Hotel Aruna (Pure veg),"T.C.14/2345 MG Road Near VJT Hall, University of Kerala Senate House Campus, Palayam, Thiruvananthapuram, Kerala 695034, India",+91 471 247 5893,76.9500924,8.502792,ChIJVVVVlbi7BTsRVKy94DohV6s,OPERATIONAL,https://www.google.com/maps/place/?q=place_id:ChIJVVVVlbi7BTsRVKy94DohV6s
Hotel Aryaas,"FXFG+9QM, Salem-Kanyakumari Highway, Kaimanam, Pappanamcode, Thiruvananthapuram, Kerala 695040, India",,76.9769244,8.473457699999999,ChIJs_RTF_C6BTsRGzi3OlI-3RY,OPERATIONAL,https://www.google.com/maps/place/?q=place_id:ChIJs_RTF_C6BTsRGzi3OlI-3RY
Hotel Aryaas,"J233+J55, Market Rd, Pazhavadi, Nedumangad, Kerala 695541, India",+91 88381 54448,77.0029875,8.6040218,ChIJ92p7loK5BTsRZCiHp2-qxOM,OPERATIONAL,https://www.google.com/maps/place/?q=place_id:ChIJ92p7loK5BTsRZCiHp2-qxOM
Hotel Aswathy homely fish curry meals,"Titanium P.O, Veli Sanghumugham Rd, Balanagar, Vettukadu, Thiruvananthapuram, Kerala 695021, India",,76.8969151,8.4984372,ChIJP761Yra9BTsR2wKlDNkqoEQ,OPERATIONAL,https://www.google.com/maps/place/?q=place_id:ChIJP761Yra9BTsR2wKlDNkqoEQ
Hotel Aswathy Vegetarian,"Near, Attukal Temple, C Block, Attukal, Manacaud, Thiruvananthapuram, Kerala 695009, India",+91 96335 13798,76.9551073,8.4704535,ChIJzcRm5hq7BTsR3LOzPe1M1GI,OPERATIONAL,https://www.google.com/maps/place/?q=place_id:ChIJzcRm5hq7BTsR3LOzPe1M1GI
Hotel Azeez,"Thirumala Junction, Thirumala, Thiruvananthapuram, Kerala 695006, India",+91 97461 09686,76.99175579999999,8.5016768,ChIJobaSlWu6BTsRfHcbJpEZKZ4,OPERATIONAL,https://www.google.com/maps/place/?q=place_id:ChIJobaSlWu6BTsRfHcbJpEZKZ4
HOTEL BHADRA,"Malayam School Bus Stop, F2G8+M39, Pappanamcode Malayinkeezhu Rd, Kerala 695571, India",,77.0152323,8.4766547,ChIJF-WknXmwBTsRqEKyF3D_A_U,CLOSED_TEMPORARILY,https://www.google.com/maps/place/?q=place_id:ChIJF-WknXmwBTsRqEKyF3D_A_U
Hotel Chakkara,"FWPM+PGF, Maithri Nagar Rd, Palkulangara, Thiruvananthapuram, Kerala 695008, India",,76.9337925,8.486804,ChIJdXIqiIi7BTsR25FFSUpuTe8,OPERATIONAL,https://www.google.com/maps/place/?q=place_id:ChIJdXIqiIi7BTsR25FFSUpuTe8
Hotel Chinnus,"Medical College, Ulloor - Akkulam Rd, PO, Ulloor, Thiruvananthapuram, Kerala 695011, India",+91 88485 71965,76.9222709,8.5260628,ChIJozr0MwC5BTsRcXtORBlGQeE,OPERATIONAL,https://www.google.com/maps/place/?q=place_id:ChIJozr0MwC5BTsRcXtORBlGQeE
Hotel Chinnu’s,"Chinnu's Ln, NSP Nagar, Kesavadasapuram, Thiruvananthapuram, Kerala 695004, India",+91 471 254 0019,76.939149,8.530090999999999,ChIJOYEHzIS5BTsRf8ND_SwOr-w,OPERATIONAL,https://www.google.com/maps/place/?q=place_id:ChIJOYEHzIS5BTsRf8ND_SwOr-w
Hotel Choice,"FW7G+XH5, Valiyathura, Thiruvananthapuram, Kerala 695008, India",+91 82819 33055,76.9264769,8.4648869,ChIJjzUsj2a7BTsR08JBItBfaPI,OPERATIONAL,https://www.google.com/maps/place/?q=place_id:ChIJjzUsj2a7BTsR08JBItBfaPI
Hotel City Palace,"GW7P+XJ8, Veerabhadra Gardens, Pottakkuzhi, Thiruvananthapuram, Kerala 695004, India",+91 96050 60403,76.93657019999999,8.514905599999999,ChIJT08VGua7BTsRM5ZM8OTLNeM,OPERATIONAL,https://www.google.com/maps/place/?q=place_id:ChIJT08VGua7BTsRM5ZM8OTLNeM
Hotel De Paris Sasthamangalam,"Sasthamangalam Rd, opp. Flat, Jawahar Nagar, Sasthamangalam, Thiruvananthapuram, Kerala 695010, India",+91 471 231 2317,76.9693649,8.5122933,ChIJ83OMgTG6BTsRqmwTUd_bJhA,OPERATIONAL,https://www.google.com/maps/place/?q=place_id:ChIJ83OMgTG6BTsRqmwTUd_bJhA
Hotel Deluxe,"J243+234, Kacheri Jn, Pazhavadi, Nedumangad, Kerala 695541, India",+91 99460 46373,77.0026931,8.605024799999999,ChIJPdNr9wS4BTsReSffKmJCAnQ,OPERATIONAL,https://www.google.com/maps/place/?q=place_id:ChIJPdNr9wS4BTsReSffKmJCAnQ
Hotel Dimora Thiruvananthapuram,"Opp. Central Railway Station, Overbridge, Thampanoor, Thiruvananthapuram, Kerala 695001, India",+91 471 666 5333,76.9510104,8.4888903,ChIJ45D40KW7BTsRtP_CnoND3Pc,OPERATIONAL,https://www.google.com/maps/place/?q=place_id:ChIJ45D40KW7BTsRtP_CnoND3Pc
Hotel DJ,"T.C-51/3304 Plavila, Kunnapuzha, Jai Nagar, Thirumala, Thiruvananthapuram, Kerala 695032, India",+91 96776 41519,76.9968039,8.4936025,ChIJz4t9aWe7BTsRHWtjhcJLVRY,OPERATIONAL,https://www.google.com/maps/place/?q=place_id:ChIJz4t9aWe7BTsRHWtjhcJLVRY
Hotel Dwaraka,"Anappadu Bridge, Malayinkeezh, Kerala 695571, India",+91 88484 95822,77.0481626,8.477477799999999,ChIJa0L8JaCxBTsRKpTZ-HeeS0E,OPERATIONAL,https://www.google.com/maps/place/?q=place_id:ChIJa0L8JaCxBTsRKpTZ-HeeS0E
Hotel Food centre,"GW75+VQJ, Thiruvananthapuram, Kerala 695029, India",+91 95674 70154,76.90940119999999,8.5147095,ChIJwUfhIqG9BTsRHYH_ZfB0rGU,OPERATIONAL,https://www.google.com/maps/place/?q=place_id:ChIJwUfhIqG9BTsRHYH_ZfB0rGU
Hotel Horizon,"Aristo Road, Manorama Rd, Aristo, Thampanoor, Thiruvananthapuram, Kerala 695014, India",+91 82811 82811,76.95397799999999,8.4902397,ChIJ74CTcq-7BTsRiE4STDddvro,OPERATIONAL,https://www.google.com/maps/place/?q=place_id:ChIJ74CTcq-7BTsRiE4STDddvro
Hotel Kadumkaappi,"HVQV+V9M, Mangattukonam, Kerala 695584, India",,76.8934364,8.5897659,ChIJs9YYaQC_BTsRWaPOcA43biI,OPERATIONAL,https://www.google.com/maps/place/?q=place_id:ChIJs9YYaQC_BTsRWaPOcA43biI
Hotel Kailas,"Kesari Nagar, Poojapura, Thiruvananthapuram, Kerala 695012, India",+91 87148 30115,76.9785625,8.495687499999999,ChIJlQS8H0W6BTsRZmaBdb0xQaE,OPERATIONAL,https://www.google.com/maps/place/?q=place_id:ChIJlQS8H0W6BTsRZmaBdb0xQaE
Hotel Kalavara,"92VF+H39, Vizhinjam - Uchakkada Rd, Mukkola, uchakkada, Vizhinjam, Kovalam, Venganoor, Kerala 695523, India",,77.02272479999999,8.3939181,ChIJsX4MS9WvBTsRjKUExmRX7GE,OPERATIONAL,https://www.google.com/maps/place/?q=place_id:ChIJsX4MS9WvBTsRjKUExmRX7GE
Hotel Kanthari,"C28C+Q3Q, Kaakkamoola - Poonkulam Rd, Kaakkamoola, Peringammala, Pallichal, Kerala 695042, India",,77.02023799999999,8.416974,ChIJpTueuo2vBTsRQcK77a3ND6Q,OPERATIONAL,https://www.google.com/maps/place/?q=place_id:ChIJpTueuo2vBTsRQcK77a3ND6Q
Hotel Karthika,"C2HW+4WH, Vizhinjam - Balaramapuram - Kattakkada Rd, Pazhayakadalane, Balaramapuram, Kerala 695501, India",,77.04736249999999,8.4278117,ChIJSZdrD7ivBTsRf214WzIXL2s,CLOSED_TEMPORARILY,https://www.google.com/maps/place/?q=place_id:ChIJSZdrD7ivBTsRf214WzIXL2s
Hotel Karthika,"FXV7+JQ8, Opposite Margin Free Market, Jagathy Junction, Thycaud, Thiruvananthapuram, Kerala 695014, India",+91 471 233 7508,76.9644563,8.4940457,ChIJ3832VE26BTsR5N--ZAc46b8,OPERATIONAL,https://www.google.com/maps/place/?q=place_id:ChIJ3832VE26BTsR5N--ZAc46b8
Hotel Karthikeyan,"Pamamcode Pamamcode, Thiruvananthapuram, Kerala 695019, India",+91 62389 97416,77.0045098,8.4695217,ChIJK1wWVIG7BTsR8gzxFKhls5o,OPERATIONAL,https://www.google.com/maps/place/?q=place_id:ChIJK1wWVIG7BTsR8gzxFKhls5o
Hotel Kaveri,"GWCJ+F4J, Pazhaya Rd, Near Government Medical College, Thiruvananthapuram, Chalakkuzhi, Thiruvananthapuram, Kerala 695011, India",,76.9302637,8.5212592,ChIJXTPgOQC7BTsRBz-xxIoEqxE,OPERATIONAL,https://www.google.com/maps/place/?q=place_id:ChIJXTPgOQC7BTsRBz-xxIoEqxE
Hotel Kavitha,"DPI, Vazhuthacaud, Thiruvananthapuram, Kerala 695014, India",+91 80895 75562,76.9613589,8.4958802,ChIJU-HeVrK7BTsRA87gg7sgmhw,OPERATIONAL,https://www.google.com/maps/place/?q=place_id:ChIJU-HeVrK7BTsRA87gg7sgmhw
Hotel Kochar,"Jagathy, Thiruvananthapuram, Kerala 695014, India",+91 89213 86595,76.9645567,8.4953414,ChIJsw17NE26BTsRkNmszR_cjZg,OPERATIONAL,https://www.google.com/maps/place/?q=place_id:ChIJsw17NE26BTsRkNmszR_cjZg
Hotel Krishna,"CXR4+C56, Thiruvallam, Thiruvananthapuram, Kerala 695027, India",,76.95538239999999,8.441034499999999,ChIJfQtPTEC7BTsRkJmKFDvH11w,CLOSED_TEMPORARILY,https://www.google.com/maps/place/?q=place_id:ChIJfQtPTEC7BTsRkJmKFDvH11w
Hotel krishnadeepam,"Kalady, Sri Nagar, Thiruvananthapuram, Kerala 695002, India",+91 94004 44337,76.96318579999999,8.4667623,ChIJ0SPVCx67BTsRkQNt7OSInmk,OPERATIONAL,https://www.google.com/maps/place/?q=place_id:ChIJ0SPVCx67BTsRkQNt7OSInmk
Hotel Kunjatta,"FWXG+3F2, Pettah, Thiruvananthapuram, Kerala 695024, India",,76.9261561,8.4976342,ChIJkd7LSQC7BTsRookAqlpAnaY,OPERATIONAL,https://www.google.com/maps/place/?q=place_id:ChIJkd7LSQC7BTsRookAqlpAnaY
HOTEL KURUVI (ഇലയിലെ ഊണും കടലിലെ മീനും),"1st ward, Beach Rd, Beemapally, Thiruvananthapuram, Kerala 695008, India",,76.93281309999999,8.4562643,ChIJNziLnkO7BTsRz9H_s91emS0,OPERATIONAL,https://www.google.com/maps/place/?q=place_id:ChIJNziLnkO7BTsRz9H_s91emS0
Hotel Leejo and Cataring,"near PHED Pump House, Ulloor, Thiruvananthapuram, Kerala 695011, India",+91 96338 34888,76.9266421,8.536691099999999,ChIJ1wtXNE65BTsRz2TqszdPEMU,OPERATIONAL,https://www.google.com/maps/place/?q=place_id:ChIJ1wtXNE65BTsRz2TqszdPEMU
Hotel Maharaja,"near Indian Oil petrol Pump, Kovilnada, Mannanthala, Thiruvananthapuram, Kerala 695015, India",+91 97781 69136,76.9436355,8.555397899999999,ChIJjUTWXQC5BTsRtZdsb0GPwQA,OPERATIONAL,https://www.google.com/maps/place/?q=place_id:ChIJjUTWXQC5BTsRtZdsb0GPwQA
Hotel Marhaba,"CRP Camp Rd, Karimbuvila, Poonthura, Thiruvananthapuram, Kerala 695026, India",+91 95676 40164,76.9458087,8.4482672,ChIJgy_OPDe7BTsRvLVlE6NZEJA,OPERATIONAL,https://www.google.com/maps/place/?q=place_id:ChIJgy_OPDe7BTsRvLVlE6NZEJA
Hotel Mayoof King,"Near Police Station, S.M. Lock, CWXW+2H8, Karimbuvila, Poonthura, Thiruvananthapuram, Kerala 695026, India",+91 98958 23835,76.9464471,8.4475427,ChIJM0xL1ja7BTsR8I9In7zY68k,OPERATIONAL,https://www.google.com/maps/place/?q=place_id:ChIJM0xL1ja7BTsR8I9In7zY68k
Hotel Muneer,"FWPH+F5R, NH Bypass Service Rd, Eanchakkal, Thiruvananthapuram, Kerala 695024, India",,76.9278788,8.4862483,ChIJn9q2boO7BTsR72H26R74Qts,OPERATIONAL,https://www.google.com/maps/place/?q=place_id:ChIJn9q2boO7BTsR72H26R74Qts
Hotel Murukanantha,"FXRF+WJ9, Poojapura, Thiruvananthapuram, Kerala 695012, India",,76.97409429999999,8.4922797,ChIJy1rfCSq7BTsRspQhSU6ZAPQ,OPERATIONAL,https://www.google.com/maps/place/?q=place_id:ChIJy1rfCSq7BTsRspQhSU6ZAPQ
Hotel Narayani,"J227+68M, Nedumangad Hwy, Nedumangad, Kerala 695541, India",+91 80893 10066,77.01330180000001,8.6005834,ChIJH-jXGwC3BTsRw_Lm6ahzE24,OPERATIONAL,https://www.google.com/maps/place/?q=place_id:ChIJH-jXGwC3BTsRw_Lm6ahzE24
Hotel New Darbar,"FW4M+FF7, Beemapally, Thiruvananthapuram, Kerala 695008, India",+91 99952 63296,76.9336708,8.456151499999999,ChIJ3d1ckUO7BTsRllgFj2B2UaQ,OPERATIONAL,https://www.google.com/maps/place/?q=place_id:ChIJ3d1ckUO7BTsRllgFj2B2UaQ
HOTEL NIZAR,"SHOP NO1,NIZAR HOTEL, KATTUVILA, PEYADU PEYADU, ROAD, Vilappilsala, Peyad, Kerala 695573, India",+91 75106 56875,77.02378999999999,8.5214216,ChIJ6SK0EsaxBTsReLxaA9g6I4o,CLOSED_TEMPORARILY,https://www.google.com/maps/place/?q=place_id:ChIJ6SK0EsaxBTsReLxaA9g6I4o
Hotel Opalo Kailas,"Kovalam Beach Rd, opposite Bond Safari Scuba Diving, P.O, Kovalam, Thiruvananthapuram, Kerala 695527, India",+91 94970 45777,76.9781683,8.393531399999999,ChIJyxD2iqWlBTsR68af0Qf5RB8,OPERATIONAL,https://www.google.com/maps/place/?q=place_id:ChIJyxD2iqWlBTsR68af0Qf5RB8
Hotel Padma,"82, General Hospital Rd, Palayam, Thiruvananthapuram, Kerala 695001, India",,76.942453,8.4967416,ChIJZXmwlr27BTsRm4m-jIq4igo,OPERATIONAL,https://www.google.com/maps/place/?q=place_id:ChIJZXmwlr27BTsRm4m-jIq4igo
Hotel paradise,"HX2G+Q5W, Aramkallu, Thiruvananthapuram, Kerala 695564, India",,76.9754421,8.5519833,ChIJNTSELCO5BTsRiR45OPuYT38,OPERATIONAL,https://www.google.com/maps/place/?q=place_id:ChIJNTSELCO5BTsRiR45OPuYT38
Hotel Park Rajadhani Restaurant,"GWJH+2XH, Kesavadasapuram-Ulloor Rd, Ulloor, Ulloor Garden, Ulloor, Thiruvananthapuram, Kerala 695011, India",+91 471 244 7307,76.9299834,8.5300684,ChIJTTULklm5BTsREC4luW9-xqY,CLOSED_TEMPORARILY,https://www.google.com/maps/place/?q=place_id:ChIJTTULklm5BTsREC4luW9-xqY
Hotel Parthasarathy,"Thiruvananthapuram - Neyyar Dam Rd, Malayinkeezh, Kerala 695571, India",,77.0407805,8.4897183,ChIJMyy8kiOxBTsRmATZAkr1UBY,OPERATIONAL,https://www.google.com/maps/place/?q=place_id:ChIJMyy8kiOxBTsRmATZAkr1UBY
Hotel Priya,"F2HC+W9H, Vilavoorkal, Thiruvananthapuram, Vilavoorkal, Kerala 695571, India",+91 95393 53132,77.02099489999999,8.4798153,ChIJJ_1XpnywBTsRACHT0Q1-1rc,OPERATIONAL,https://www.google.com/maps/place/?q=place_id:ChIJJ_1XpnywBTsRACHT0Q1-1rc
HOTEL PSJ,"Block office, junction, Thiruvananthapuram, Malayinkeezh, Kerala 695571, India",,77.045873,8.4808755,ChIJEV1hgYmxBTsRlET76juFrF8,CLOSED_TEMPORARILY,https://www.google.com/maps/place/?q=place_id:ChIJEV1hgYmxBTsRlET76juFrF8
Hotel Rama,"1, Pachalloor Punkulam Road, Thiruvallam, Thiruvananthapuram, Kerala 695027, India",+91 97455 27884,76.9548736,8.441329699999999,ChIJD-ZOIi27BTsRo68kLvd23Kk,OPERATIONAL,https://www.google.com/maps/place/?q=place_id:ChIJD-ZOIi27BTsRo68kLvd23Kk
Hotel Reshma,"GWJH+XJJ, Ulloor Garden, Ulloor, Thiruvananthapuram, Kerala 695011, India",+91 99952 51601,76.929019,8.53247,ChIJwez2j1C5BTsR_mcekfVi5us,OPERATIONAL,https://www.google.com/maps/place/?q=place_id:ChIJwez2j1C5BTsR_mcekfVi5us
Hotel Residency Tower,"South Gate of Secretariat, Press Rd, Statue, Palayam, Thiruvananthapuram, Kerala 695001, India",+91 471 433 5555,76.9500953,8.4952204,ChIJ9XigwLq7BTsR8DaDQXVDxhs,OPERATIONAL,https://www.google.com/maps/place/?q=place_id:ChIJ9XigwLq7BTsR8DaDQXVDxhs
Hotel royal and cool bars,"H2F7+VQV, Aruvikkara, Kerala 695564, India",,77.0144364,8.5747422,ChIJRbZMLhG3BTsRffpcBCIeU4Q,OPERATIONAL,https://www.google.com/maps/place/?q=place_id:ChIJRbZMLhG3BTsRffpcBCIeU4Q
Hotel Royal Kuttanadan Park,"Opposite PRS Hospital, Prem Nagar, Karamana, Thiruvananthapuram, Kerala 695002, India",+91 94464 56410,76.9593301,8.481891,ChIJe5IjugC7BTsR5xBonRbvcbo,OPERATIONAL,https://www.google.com/maps/place/?q=place_id:ChIJe5IjugC7BTsR5xBonRbvcbo
Hotel Rozario,"FWV2+C3V, Veli Sanghumugham Rd, Balanagar, Vettukadu, Thiruvananthapuram, Kerala 695021, India",+91 96054 89948,76.9001796,8.493616,ChIJe3fqsEu9BTsRSPADXPCA9DY,OPERATIONAL,https://www.google.com/maps/place/?q=place_id:ChIJe3fqsEu9BTsRSPADXPCA9DY
Hotel RSN,"Kaakkamoola, Peringammala, Pallichal, Kerala 695042, India",+91 99950 34754,77.02022529999999,8.4169968,ChIJI-WMIu6vBTsREAsaTqvC_rc,CLOSED_TEMPORARILY,https://www.google.com/maps/place/?q=place_id:ChIJI-WMIu6vBTsREAsaTqvC_rc
Hotel safari.,"J233+6FQ, Nedumangad, Kerala 695541, India",+91 472 280 2377,77.003727,8.6030889,ChIJBdepsQS4BTsRLei8KUSlORA,OPERATIONAL,https://www.google.com/maps/place/?q=place_id:ChIJBdepsQS4BTsRLei8KUSlORA
Hotel Sainath,"HWFG+8MW, Powdikonam, Thiruvananthapuram, Kerala 695588, India",,76.92665149999999,8.573331999999999,ChIJKYcuN725BTsRqMlVjS2q0xU,OPERATIONAL,https://www.google.com/maps/place/?q=place_id:ChIJKYcuN725BTsRqMlVjS2q0xU
Hotel Samthripthi,"Thaliyal Rd, Killipalam, Karamana, Thiruvananthapuram, Kerala 695002, India",,76.9677365,8.4804701,ChIJ00chaAC7BTsRezbMHhFinLo,OPERATIONAL,https://www.google.com/maps/place/?q=place_id:ChIJ00chaAC7BTsRezbMHhFinLo
Hotel Samthripthi,"Kattakada Road, Thirumala Junction, Thirumala, Thiruvananthapuram, Kerala 695006, India",+91 80862 10435,76.9912848,8.5017167,ChIJj5VkuWu6BTsRMPj8B9gCXAM,OPERATIONAL,https://www.google.com/maps/place/?q=place_id:ChIJj5VkuWu6BTsRMPj8B9gCXAM
Hotel Saravana,"TC 44/1088, Kochar Rd, Jagathy, Thiruvananthapuram, Kerala 695014, India",+91 96053 00696,76.96688739999999,8.4991845,ChIJpQmA7-i7BTsRkj-POs_smKI,OPERATIONAL,https://www.google.com/maps/place/?q=place_id:ChIJpQmA7-i7BTsRkj-POs_smKI
Hotel Saravana bhavan,"Vellayambalam Jct, Althara Nagar, Vellayambalam, Thiruvananthapuram, Kerala 695010, India",+91 471 272 1207,76.9631322,8.512006999999999,ChIJUa2r3cy7BTsRJIn69zh-RIo,OPERATIONAL,https://www.google.com/maps/place/?q=place_id:ChIJUa2r3cy7BTsRJIn69zh-RIo
Hotel Saseendra,"G27C+P36, Peyad, Kerala 695573, India",+91 99952 66574,77.0201344,8.5142838,ChIJEZfY46SwBTsRvkLyGCOyzwQ,OPERATIONAL,https://www.google.com/maps/place/?q=place_id:ChIJEZfY46SwBTsRvkLyGCOyzwQ
Hotel Shalimar,"Market Junction, Nedumangad, Thiruvananthapuram, Nedumangad, Kerala 695541, India",+91 85907 76003,77.0029923,8.603819999999999,ChIJl3xJwAS4BTsRUNkkQmEmnaU,OPERATIONAL,https://www.google.com/maps/place/?q=place_id:ChIJl3xJwAS4BTsRUNkkQmEmnaU
Hotel Shambu,"GW86+426, Thiruvananthapuram, Kerala 695029, India",,76.9100059,8.5152904,ChIJiT1KpAW8BTsRU77y3l0yqcs,OPERATIONAL,https://www.google.com/maps/place/?q=place_id:ChIJiT1KpAW8BTsRU77y3l0yqcs
Hotel Silver Sand,"FXP3+6VX, Residency Rd Over Brg, Aristo, Valiyasalai, Thiruvananthapuram, Kerala 695036, India",+91 90482 59881,76.9548335,8.4856261,ChIJnb_K9qi7BTsRgQJg3Dl4Vg4,OPERATIONAL,https://www.google.com/maps/place/?q=place_id:ChIJnb_K9qi7BTsRgQJg3Dl4Vg4
Hotel Siva's,"Vazhayila - Kallayam Rd, Winners Nagar, Peroorkada, Thiruvananthapuram, Kerala 695005, India",+91 90200 22366,76.9702787,8.5415527,ChIJ88tl95u5BTsROMFkQ2Dow5I,CLOSED_TEMPORARILY,https://www.google.com/maps/place/?q=place_id:ChIJ88tl95u5BTsROMFkQ2Dow5I
Hotel Sneha,"CXGP+MC6, Pachalloor Punkulam Rd, Kerala 695522, India",,76.9860264,8.426665,ChIJdRjBkjilBTsR2b3kO7trHAM,OPERATIONAL,https://www.google.com/maps/place/?q=place_id:ChIJdRjBkjilBTsR2b3kO7trHAM
Hotel spicy,"G278+9P7, Thiruvananthapuram - Neyyar Dam Rd, Peyad, Kerala 695573, India",,77.0168554,8.513404099999999,ChIJd0FPiHixBTsRCDvj1teDuzs,OPERATIONAL,https://www.google.com/maps/place/?q=place_id:ChIJd0FPiHixBTsRCDvj1teDuzs
Hotel spicy restaurant,"HV8R+J9G, Junction, Karyavattom, Thiruvananthapuram, Kerala 695581, India",,76.89088439999999,8.566575199999999,ChIJkZk1TQC_BTsRwyeSm3JAKFM,OPERATIONAL,https://www.google.com/maps/place/?q=place_id:ChIJkZk1TQC_BTsRwyeSm3JAKFM
Hotel SPS Kingsway,"Chakai- NH Bypass Road, opposite International Airport Road, Manava Nagar, Eanchakkal, Thiruvananthapuram, Kerala 695024, India",+91 471 300 3300,76.929416,8.4854019,ChIJ____v4K7BTsREbBwmS5NR7Q,OPERATIONAL,https://www.google.com/maps/place/?q=place_id:ChIJ____v4K7BTsREbBwmS5NR7Q
Hotel Sree,"FX9R+PX2, Vishnu Nagar, Pappanamcode, Thiruvananthapuram, Kerala 695019, India",,76.9923984,8.4692743,ChIJM9TBNAC7BTsRZQpYyV5bdlo,OPERATIONAL,https://www.google.com/maps/place/?q=place_id:ChIJM9TBNAC7BTsRZQpYyV5bdlo
Hotel Sree Aryaas,"Chackai Bypass Opposite, IMA, Chacka, Thiruvananthapuram, Kerala 695029, India",+91 94476 86900,76.91510330000001,8.4995772,ChIJR8UY03W8BTsRvRuO9Vcz6-g,OPERATIONAL,https://www.google.com/maps/place/?q=place_id:ChIJR8UY03W8BTsRvRuO9Vcz6-g
Hotel Sreedhara,"GW64+J78, Rd, Oruvathilkotta, Aakkulam, Thiruvananthapuram, Kerala 695029, India",+91 75920 06141,76.90574,8.511508899999999,ChIJda0IewC9BTsRmwhIfz8sR9s,OPERATIONAL,https://www.google.com/maps/place/?q=place_id:ChIJda0IewC9BTsRmwhIfz8sR9s
Hotel Sreeguru,"GVRH+35R, Kulathoor, Thiruvananthapuram, Kerala 695583, India",,76.877922,8.5401815,ChIJ069kI5u_BTsR8dTV4aB07Vc,OPERATIONAL,https://www.google.com/maps/place/?q=place_id:ChIJ069kI5u_BTsR8dTV4aB07Vc
Hotel Sreekandaswara,"TC 9, 1345, Junction, Pipinmoodu, Thiruvananthapuram, Kerala 695010, India",+91 91884 79874,76.9724243,8.5187863,ChIJUQjl-i66BTsRIHjm46d0-qE,OPERATIONAL,https://www.google.com/maps/place/?q=place_id:ChIJUQjl-i66BTsRIHjm46d0-qE
Hotel sreerag,"C24M+GPG, Mangalathukonam, Kattachalkuzhi, Venganoor, Kottukal, Kerala 695501, India",,77.03433079999999,8.406310999999999,ChIJ1cOYxBGvBTsRzCXG-6h3_2U,OPERATIONAL,https://www.google.com/maps/place/?q=place_id:ChIJ1cOYxBGvBTsRzCXG-6h3_2U
Hotel Sri durga,"Vanda Junction, Bus Stop, Nedumangad Karipoor Rd, Nedumangad, Kerala 695541, India",,77.01194459999999,8.6110946,ChIJA_tG7hG3BTsRRZO-UDStfa0,CLOSED_TEMPORARILY,https://www.google.com/maps/place/?q=place_id:ChIJA_tG7hG3BTsRRZO-UDStfa0
Hotel Sri Gowri Nanthana,"Prakasom Tourist Home, Medical College P.O, Ulloor Junction, P T Chacko Nagar, Ulloor, Thiruvananthapuram, Kerala 695011, India",,76.9290128,8.5297576,ChIJKUQ9H4O5BTsRu5bUOTMvNWg,OPERATIONAL,https://www.google.com/maps/place/?q=place_id:ChIJKUQ9H4O5BTsRu5bUOTMvNWg
Hotel Srikanth,"HWMC+X2Q, Njandoorkonam, Thiruvananthapuram, Kerala 695588, India",+91 98476 43226,76.9201198,8.5849617,ChIJC4A0E8u4BTsRafXNLDblQ2M,OPERATIONAL,https://www.google.com/maps/place/?q=place_id:ChIJC4A0E8u4BTsRafXNLDblQ2M
HOTEL SUDHEENA,"GW7W+MCH, Plammoodu, Thiruvananthapuram, Kerala 695004, India",+91 471 231 2632,76.946107,8.5141829,ChIJB-_-TsO7BTsRzS16HSPjH3s,OPERATIONAL,https://www.google.com/maps/place/?q=place_id:ChIJB-_-TsO7BTsRzS16HSPjH3s
HOTEL SURYA,"Padma Complex, Kattakada Rd, Pazhayakadalane, Balaramapuram, Kerala 695501, India",+91 471 240 3834,77.0453919,8.4259679,ChIJTV1bo8ivBTsRKUwUuagPPWM,OPERATIONAL,https://www.google.com/maps/place/?q=place_id:ChIJTV1bo8ivBTsRKUwUuagPPWM
Hotel Swagath Drive Inn,"GWGQ+9PQ, Salem - Kochi - Kanyakumari Hwy, Lekshmi Nagar, Pattom, Thiruvananthapuram, Kerala 695004, India",+91 712 542 2677,76.9393671,8.5259647,ChIJq9KXkV-5BTsRqv9OU0xmx8E,OPERATIONAL,https://www.google.com/maps/place/?q=place_id:ChIJq9KXkV-5BTsRqv9OU0xmx8E
"Hotel Thampuran, pullanimukku","Pullannimukku, Venganoor, Kerala 695042, India",+91 95622 62855,77.0155807,8.4095572,ChIJXfScAYavBTsRW-nRsYQFnfE,OPERATIONAL,https://www.google.com/maps/place/?q=place_id:ChIJXfScAYavBTsRW-nRsYQFnfE
Hotel Thiruvathira,"J289+CX9, Thiruvananthapuram, Kerala 695541, India",,77.019988,8.6160334,ChIJnzaW5QLIBTsRbkzSYRrB388,CLOSED_TEMPORARILY,https://www.google.com/maps/place/?q=place_id:ChIJnzaW5QLIBTsRbkzSYRrB388
Hotel Uthram,"8, Mannammoola, Thiruvananthapuram, Kerala 695005, India",+91 81295 28050,76.97720079999999,8.5305036,ChIJlywWhWa5BTsRhTDoq-DIWZE,OPERATIONAL,https://www.google.com/maps/place/?q=place_id:ChIJlywWhWa5BTsRhTDoq-DIWZE
Hotel Victoriya,"JV9X+53M, Kazhakoottam - Thaikod Rd, Pothencode Junction, Pothencode, Kerala 695584, India",+91 95444 41885,76.8976708,8.617956999999999,ChIJwRXV-KLABTsRQUmVVlAkEgM,OPERATIONAL,https://www.google.com/maps/place/?q=place_id:ChIJwRXV-KLABTsRQUmVVlAkEgM
Hotel Vinayaka,"GW52+6R4, Karikkakam, Thiruvananthapuram, Kerala 695021, India",+91 96336 97011,76.9020761,8.508023699999999,ChIJAW80E7W9BTsRRDT3pRPFnwU,OPERATIONAL,https://www.google.com/maps/place/?q=place_id:ChIJAW80E7W9BTsRRDT3pRPFnwU
Hotel Vishwanath,"1345, Junction, Pipinmoodu Junction, Sawthi Nagar, Pipinmoodu, Thiruvananthapuram, Kerala 695010, India",+91 85476 17823,76.97241319999999,8.5187385,ChIJlWqu-y66BTsRNKjrfh7jcOM,OPERATIONAL,https://www.google.com/maps/place/?q=place_id:ChIJlWqu-y66BTsRNKjrfh7jcOM
HOTEL ZEENATH,"FX42+X5Q, Ambalathara, Thiruvananthapuram, Kerala 695009, India",+91 90376 68051,76.9504886,8.4574576,ChIJB55WYgC7BTsRqPnh7rtqkUM,OPERATIONAL,https://www.google.com/maps/place/?q=place_id:ChIJB55WYgC7BTsRqPnh7rtqkUM
Hoy Punjab Trivandrum,"Venpalavattom, Thiruvananthapuram, Kerala 695029, India",+91 77365 83339,76.91193470000002,8.503682099999999,ChIJear9AgC9BTsRf-Nj3C3OpkQ,OPERATIONAL,https://www.google.com/maps/place/?q=place_id:ChIJear9AgC9BTsRf-Nj3C3OpkQ
HR CATERING,"GEETHALAYAM BUILDING, PARUTHIMADOM, Balaramapuram, Kerala 695501, India",+91 98958 14631,77.0406063,8.423821,ChIJ0Vj7Ox2vBTsR9rGTySBV8bI,OPERATIONAL,https://www.google.com/maps/place/?q=place_id:ChIJ0Vj7Ox2vBTsR9rGTySBV8bI
HR Hotel,"C2X6+M8P, Convent Rd, Pravachambalam, Pallichal, Kerala 695020, India",,77.0108202,8.4492213,ChIJ1e2ZfIaxBTsRXioPXlSJVtU,CLOSED_TEMPORARILY,https://www.google.com/maps/place/?q=place_id:ChIJ1e2ZfIaxBTsRXioPXlSJVtU
Huddles Cafe,"TC25, First floor, Capitol building, 2850/3-4, Nalanda Ln, Nanthancodu, Thiruvananthapuram, Kerala 695003, India",+91 81291 21007,76.9525439,8.51374,ChIJEYvwzNe7BTsRHGirI5Gjc6g,OPERATIONAL,https://www.google.com/maps/place/?q=place_id:ChIJEYvwzNe7BTsRHGirI5Gjc6g
HUNGER’S POINT RESTAURANT,"C2JM+57M, Balaramapuram Main Rd, Vedivachankoil, Pallichal, Kerala 695501, India",,77.03317249999999,8.4304504,ChIJZx_8SwCvBTsRKbyFOSt3_ws,OPERATIONAL,https://www.google.com/maps/place/?q=place_id:ChIJZx_8SwCvBTsRKbyFOSt3_ws
Hungry,"Poomaliyoorkonam, Peroorkada, Thiruvananthapuram, Kerala 695005, India",+91 90255 56667,76.96053739999999,8.5431104,ChIJNw1_KLe5BTsR9SeW4gLwFRU,OPERATIONAL,https://www.google.com/maps/place/?q=place_id:ChIJNw1_KLe5BTsR9SeW4gLwFRU
Hungry cafe,"VRN-B13, CHATTAMBISWAMI LANE, VIDYADHIRAJAN NAGAR, Poojapura, Thiruvananthapuram, Kerala 695012, India",+91 85930 19661,76.97957439999999,8.499174199999999,ChIJNXblLh27BTsRD9gmwRha-i8,OPERATIONAL,https://www.google.com/maps/place/?q=place_id:ChIJNXblLh27BTsRD9gmwRha-i8
Hungry Tiger,"Peyad, Thiruvananthapuram, Kerala 695573, India",+91 98943 31126,77.0172838,8.513412299999999,ChIJRYXp5VSxBTsRf12bzsWdOhY,OPERATIONAL,https://www.google.com/maps/place/?q=place_id:ChIJRYXp5VSxBTsRf12bzsWdOhY
I am Chaya Genie,"Pothencode, Kerala 695584, India",+91 88484 67636,76.89606429999999,8.6112887,ChIJQygGdgDBBTsRIott7nNG2hY,OPERATIONAL,https://www.google.com/maps/place/?q=place_id:ChIJQygGdgDBBTsRIott7nNG2hY
Idaneram Food Spot,"C2MH+J88, Vedivachankoil, Pallichal, Kerala 695501, India",,77.0283338,8.434039,ChIJDZ9oBgCvBTsRK3_ejYrAsdw,OPERATIONAL,https://www.google.com/maps/place/?q=place_id:ChIJDZ9oBgCvBTsRK3_ejYrAsdw
Idly shop,"CX5G+764, Vizhinjam, Kovalam, Thiruvananthapuram, Kerala 695527, India",,76.9753965,8.4075071,ChIJOUcGdAClBTsRll6OEwFDMIc,OPERATIONAL,https://www.google.com/maps/place/?q=place_id:ChIJOUcGdAClBTsRll6OEwFDMIc
IFTHAR SEAFOOD BALARAMAPURAM,"Trivandrum - Nagercoil Hwy, Mudavoorpara, Balaramapuram, Kerala 695501, India",+91 98955 12022,77.0356386,8.4288648,ChIJZw8kqaivBTsR6WDSY7hoWfo,OPERATIONAL,https://www.google.com/maps/place/?q=place_id:ChIJZw8kqaivBTsR6WDSY7hoWfo
Ifthar Take Away and Food Production,"FX7V+636, Trivandrum - Nagercoil Hwy, Thiruvananthapuram, Nemom, Kerala 695020, India",+91 97469 27793,76.9926486,8.463026,ChIJ1V_o_pW6BTsRPatAa0Ol3Uo,OPERATIONAL,https://www.google.com/maps/place/?q=place_id:ChIJ1V_o_pW6BTsRPatAa0Ol3Uo
Ifthar Thattukada,"Tc 88/851(1, Mahdi Manzil, PD Nagar, Priyadarsini Nagar, Vallakkadavu, Thiruvananthapuram, Kerala 695008, India",+91 89215 40757,76.9315216,8.4674499,ChIJJylZfEe7BTsRdeKuDpAW3PM,OPERATIONAL,https://www.google.com/maps/place/?q=place_id:ChIJJylZfEe7BTsRdeKuDpAW3PM
IHZAAN TASTY FOOD,"Mukkola, Nettayam, Thiruvananthapuram, Kerala 695013, India",,76.985563,8.546757399999999,ChIJr7iDFJW5BTsROHGjFKmT37g,OPERATIONAL,https://www.google.com/maps/place/?q=place_id:ChIJr7iDFJW5BTsROHGjFKmT37g
Ijas Fast Food,"FXM8+2MH, Vaniamoola Rd, Prem Nagar, Karamana, Thiruvananthapuram, Kerala 695002, India",,76.9667367,8.4825609,ChIJ24_BhP-6BTsRo-ZhOo5eRoM,OPERATIONAL,https://www.google.com/maps/place/?q=place_id:ChIJ24_BhP-6BTsRo-ZhOo5eRoM
Ikkus dine,"Anayara, Thiruvananthapuram, Kerala 695029, India",,76.9136177,8.5083619,ChIJ3RBEWjG9BTsRLbGVEKsoijM,OPERATIONAL,https://www.google.com/maps/place/?q=place_id:ChIJ3RBEWjG9BTsRLbGVEKsoijM
Ila Multi Cuisine Restaurant,"91/811(1 Venpalavattom P.O, Anayara, Thiruvananthapuram, Kerala 695029, India",+91 90485 50115,76.9090743,8.5101736,ChIJw8j0B3O9BTsRYCnkA4iNmPw,OPERATIONAL,https://www.google.com/maps/place/?q=place_id:ChIJw8j0B3O9BTsRYCnkA4iNmPw
Imperial Kitchen Kowdiar,"Favourite Centrium, KowdiarTTC Road, Kowdiar, Devaswom Board Jct, near Federal Bank, Pandits Colony Extension, Kowdiar, Thiruvananthapuram, Kerala 695003, India",+91 471 231 1789,76.9594505,8.5193088,ChIJc5_uH9K7BTsRIYgh4AWis7o,OPERATIONAL,https://www.google.com/maps/place/?q=place_id:ChIJc5_uH9K7BTsRIYgh4AWis7o
Imperial Kitchen Venpalavattom,"Ground Floor, Grand Avenue, GW63+4VM Favourite Homes, Pettah - Venpalavattom Rd, Venpalavattom, Thiruvananthapuram, Kerala 695029, India",+91 77361 61222,76.9042607,8.509857799999999,ChIJVQhIdaG9BTsR8lB3bqAh07c,OPERATIONAL,https://www.google.com/maps/place/?q=place_id:ChIJVQhIdaG9BTsR8lB3bqAh07c
Indian Coffee House,"C Block, Attukal, Temple Compound, FXC4+4FV, C Block, Attukal, Souparnika Nagar, Thiruvananthapuram, Kerala 695009, India",+91 487 233 5275,76.9561604,8.4703653,ChIJwewHHBu7BTsR8iX3CFy1Avk,OPERATIONAL,https://www.google.com/maps/place/?q=place_id:ChIJwewHHBu7BTsR8iX3CFy1Avk
Indian Coffee House,"J B Arcade, Vanross Junction, Statue, Palayam, Thiruvananthapuram, Kerala 695001, India",+91 487 233 5275,76.951835,8.4994762,ChIJL6rH8wq7BTsRktnp_dwnzrU,OPERATIONAL,https://www.google.com/maps/place/?q=place_id:ChIJL6rH8wq7BTsRktnp_dwnzrU
Indian Coffee House,"Government Medical College, Thiruvananthapuram, Chalakkuzhi, Thiruvananthapuram, Kerala 695011, India",+91 90725 76979,76.9296085,8.523997999999999,ChIJG1P3TP27BTsRoBTqLz5J71I,OPERATIONAL,https://www.google.com/maps/place/?q=place_id:ChIJG1P3TP27BTsRoBTqLz5J71I
Indian Coffee House Maveli Cafe,"opp. Railway Station, Overbridge, Thampanoor, Thiruvananthapuram, Kerala 695001, India",+91 90725 76977,76.9509432,8.4879019,ChIJc__fdaa7BTsRgw-fbq77E7Y,OPERATIONAL,https://www.google.com/maps/place/?q=place_id:ChIJc__fdaa7BTsRgw-fbq77E7Y
Indian Coffee House New,"Indian Coffee House, NH 66, Central Railway Station, near Trivandrum, Overbridge, Prem Nagar, Thampanoor, Thiruvananthapuram, Kerala 695001, India",,76.96300529999999,8.4820086,ChIJRz-DFAC7BTsRgbX8kS_IzWk,OPERATIONAL,https://www.google.com/maps/place/?q=place_id:ChIJRz-DFAC7BTsRgbX8kS_IzWk
"Indian Coffee House, Kariyavattom campus","Canteen, Karyavattom Main Campus, HV8Q+955, Salem - Kochi Hwy, Karyavattom, Thiruvananthapuram, Kerala 695581, India",+91 487 233 5275,76.8879807,8.565886299999999,ChIJXZmTVrK_BTsRQVq9qU_UKt8,OPERATIONAL,https://www.google.com/maps/place/?q=place_id:ChIJXZmTVrK_BTsRQVq9qU_UKt8
Indian Food Palace,"GX6M+X87, Maruthumkuzhi, Chittatinkara, Thiruvananthapuram, Kerala 695038, India",+91 90374 77477,76.9832849,8.5124024,ChIJy5lpRDy6BTsRzDzqS7gT6UI,OPERATIONAL,https://www.google.com/maps/place/?q=place_id:ChIJy5lpRDy6BTsRzDzqS7gT6UI
Indian Restaurant,"GVFR+9GG, Karimanal, Kulathoor, Thiruvananthapuram, Kerala 695583, India",,76.8913306,8.5234474,ChIJN9fmQY-9BTsRmeQQorTmAR0,OPERATIONAL,https://www.google.com/maps/place/?q=place_id:ChIJN9fmQY-9BTsRmeQQorTmAR0
INDO ARABIAN RESTAURANT,"Vizhinjam, Thiruvananthapuram, Kerala 695527, India",,76.9820816,8.3990575,ChIJ3SjuGAqlBTsR3-m6FPCqGmo,OPERATIONAL,https://www.google.com/maps/place/?q=place_id:ChIJ3SjuGAqlBTsR3-m6FPCqGmo
Indraprastha Restaurant,"Nedumangad, Trivandrum, SH-3, Trivandrum, KSRTC depo, Pazhavadi, NDD, Nedumangad, Kerala 695541, India",+91 93881 35188,77.00391479999999,8.6045924,ChIJYdYlnuS3BTsRtMRQvMWX8y0,OPERATIONAL,https://www.google.com/maps/place/?q=place_id:ChIJYdYlnuS3BTsRtMRQvMWX8y0
Infosys Food Court 2,"GVMP+56P, Kulathoor, Thiruvananthapuram, Kerala 695583, India",,76.8855707,8.5329745,ChIJF8Owk5q-BTsRVull2V773Ag,OPERATIONAL,https://www.google.com/maps/place/?q=place_id:ChIJF8Owk5q-BTsRVull2V773Ag
Inippu,"Sarovaram Building, PRA 1, Kannammoola - Nalumukku Rd, Kannammoola, Thiruvananthapuram, Kerala 695024, India",+91 80950 14545,76.9313742,8.5005399,ChIJjUU3JfC7BTsRl6G2knSVEZ4,OPERATIONAL,https://www.google.com/maps/place/?q=place_id:ChIJjUU3JfC7BTsRl6G2knSVEZ4
Irani Family Restaurant,"Azhikode, Thiruvananthapuram, Azhicode, Kerala 695564, India",+91 73062 42918,76.9962856,8.578048100000002,ChIJ8XmLcgC5BTsRasPnUWaxer4,OPERATIONAL,https://www.google.com/maps/place/?q=place_id:ChIJ8XmLcgC5BTsRasPnUWaxer4
Irani Fast Food Peyad,"Peyad, Kerala 695573, India",,77.01578930000001,8.5131955,ChIJeYvPmKawBTsRJf2tWJT5Mn0,OPERATIONAL,https://www.google.com/maps/place/?q=place_id:ChIJeYvPmKawBTsRJf2tWJT5Mn0
Irani Food Cart Vellayambalam,"Udarasiromani Rd, near manaveeyam veedhi, opposite water authority, Althara Junction, Althara Nagar, Vellayambalam, Thiruvananthapuram, Kerala 695010, India",,76.9620978,8.5069979,ChIJL6qXVwC7BTsRXXthkird-1M,OPERATIONAL,https://www.google.com/maps/place/?q=place_id:ChIJL6qXVwC7BTsRXXthkird-1M
Irani Food Cart Vellayambalam,"Manaveeyam Road, Althara Nagar, Vellayambalam, Thiruvananthapuram, Kerala 695010, India",+91 94001 21151,76.9643408,8.511641,ChIJtTB67My7BTsR92fCVLIwpEE,OPERATIONAL,https://www.google.com/maps/place/?q=place_id:ChIJtTB67My7BTsR92fCVLIwpEE
Irani Kuzhi Mandi,"FXJ9+GRV, opp. sbi bank, Karamana, Thiruvananthapuram, Kerala 695002, India",+91 96331 81107,76.96970639999999,8.4808405,ChIJf2I4LP-6BTsR6ugndC20jME,OPERATIONAL,https://www.google.com/maps/place/?q=place_id:ChIJf2I4LP-6BTsR6ugndC20jME
Irani kuzhimandi restaurant,"opp. rbi cottege, Nanthancodu, Thiruvananthapuram, Kerala 695003, India",+91 99462 24020,76.9542225,8.5156031,ChIJtzrrF9C7BTsRPnFLGFtibSk,OPERATIONAL,https://www.google.com/maps/place/?q=place_id:ChIJtzrrF9C7BTsRPnFLGFtibSk
Irani Restaurant,"Nemom, Kerala 695020, India",+91 471 239 1040,77.0014745,8.456374199999999,ChIJ25O2jqS6BTsRe1_qZIUznkQ,OPERATIONAL,https://www.google.com/maps/place/?q=place_id:ChIJ25O2jqS6BTsRe1_qZIUznkQ
Irani Restaurant,"near Muthoot Finance Corporation, Poojapura, Thiruvananthapuram, Kerala 695012, India",+91 471 234 0008,76.9742181,8.4925188,ChIJX8glmaawBTsRGKDEg3Y5Dc0,OPERATIONAL,https://www.google.com/maps/place/?q=place_id:ChIJX8glmaawBTsRGKDEg3Y5Dc0
IRANI Restaurant & Events Peroorkada,"LADY SOUL SR Plaza, above Federal Bank, Peroorkada, Thiruvananthapuram, Kerala 695005, India",+91 97784 53196,76.9649171,8.5368969,ChIJO7ZTUAC5BTsRiL-aMl_Sqd8,OPERATIONAL,https://www.google.com/maps/place/?q=place_id:ChIJO7ZTUAC5BTsRiL-aMl_Sqd8
Irani Restaurant Shangumugham,"Shangumugham Beach Walking Street, Domestic, Airport Rd, Valiathope, Thiruvananthapuram, Kerala 695008, India",+91 96334 37333,76.9144592,8.4764059,ChIJKQBBVfe9BTsR4VJgtG5jqmw,OPERATIONAL,https://www.google.com/maps/place/?q=place_id:ChIJKQBBVfe9BTsR4VJgtG5jqmw
IRANI TEA SURYA,"IRANI TEA SURYA, ROAD, Thiruvallam, Thiruvananthapuram, Kerala 695027, India",+91 96334 93346,76.959999,8.4321473,ChIJu9kGALOlBTsROZpbP7keMY4,OPERATIONAL,https://www.google.com/maps/place/?q=place_id:ChIJu9kGALOlBTsROZpbP7keMY4
IRCTC Food Unit Kochuveli Railway Station,"GV5W+XXF, Kochuveli, Thiruvananthapuram, Kerala 695021, India",,76.89741889999999,8.5099462,ChIJ1x26TRa8BTsRJD-WWyjr_kw,OPERATIONAL,https://www.google.com/maps/place/?q=place_id:ChIJ1x26TRa8BTsRJD-WWyjr_kw
Istanbul Club,"FWQ9+QR3, Thiruvananthapuram Airport Exit Rd, Chacka, Thiruvananthapuram, Kerala 695024, India",+91 95671 30880,76.9195469,8.4893767,ChIJ1d_icwC7BTsRtDaxzHl9av4,CLOSED_TEMPORARILY,https://www.google.com/maps/place/?q=place_id:ChIJ1d_icwC7BTsRtDaxzHl9av4
ISTANBUL ROLLS & GRILLS,"FX5X+6RG, Studio Rd Nemom, Vellayani Junction, Nemom, Kerala 695020, India",,76.9995864,8.458057,ChIJPfgHUKO6BTsR2ADPUeA0VVI,OPERATIONAL,https://www.google.com/maps/place/?q=place_id:ChIJPfgHUKO6BTsR2ADPUeA0VVI
Istanbul Rolls & Grills - Royale,"phase 1, Technopark Trivandrum, Technopark Reception Building, near Subway, Technopark Campus, Kazhakkoottam, Thiruvananthapuram, Kerala 695581, India",+91 81378 28090,76.8769182,8.5582714,ChIJ93QfeVu_BTsR07n7Jq6Kabg,OPERATIONAL,https://www.google.com/maps/place/?q=place_id:ChIJ93QfeVu_BTsR07n7Jq6Kabg
Istanbul Rolls and Grills,"Medical College, Kumarapuram Murinjapalam Road, Kumarapuram, Thiruvananthapuram, Kerala 695011, India",+91 80896 74477,76.93152429999999,8.514518899999999,ChIJ7YYobW67BTsRLSY8FvJUiGI,OPERATIONAL,https://www.google.com/maps/place/?q=place_id:ChIJ7YYobW67BTsRLSY8FvJUiGI
Ithatha Thattukada,"FWHM+Q9C, Vallakadavu Road, Puthenpalam, Subhash Nagar, Eanchakkal, Thiruvananthapuram, Kerala 695008, India",,76.93337869999999,8.479436699999999,ChIJ1zOMF867BTsRnBPNdJUZ4dw,OPERATIONAL,https://www.google.com/maps/place/?q=place_id:ChIJ1zOMF867BTsRnBPNdJUZ4dw
Itsy Hotels Adrak,"Medical College, Medical College Kumarapuram Rd, beside St. Pius X Church, Kumarapuram, Thiruvananthapuram, Kerala 695011, India",+91 93228 00100,76.9280289,8.517196499999999,ChIJURe8GPu7BTsRcR827oD59AA,OPERATIONAL,https://www.google.com/maps/place/?q=place_id:ChIJURe8GPu7BTsRcR827oD59AA
Jadeed Chicken,"Police Station, SM Lock Rd, near Poonthura, Karimbuvila, Poonthura, Thiruvananthapuram, Kerala 695026, India",+91 98954 84985,76.9467334,8.4476862,ChIJF6MrsBe7BTsRoJllf0z0wg4,OPERATIONAL,https://www.google.com/maps/place/?q=place_id:ChIJF6MrsBe7BTsRoJllf0z0wg4
Jai Ganesh,"GW65+8MM, Venpalavattom, Thiruvananthapuram, Kerala 695029, India",+91 94469 65832,76.9091689,8.5108339,ChIJFZuZrA-8BTsRd1JJ7icihFY,OPERATIONAL,https://www.google.com/maps/place/?q=place_id:ChIJFZuZrA-8BTsRd1JJ7icihFY
Janakeeya Thattukada (ജനകീയ തട്ടുകട),"FX9M+W27, Pappanamcode Malayinkeezhu Rd, Satyan Nagar, Pappanamcode, Thiruvananthapuram, Kerala 695018, India",,76.9825437,8.4697874,ChIJ4xS1fAC7BTsRPrPs2sBFOHc,OPERATIONAL,https://www.google.com/maps/place/?q=place_id:ChIJ4xS1fAC7BTsRPrPs2sBFOHc
Jannath Thattukada,"GX4X+843, Elankathu Nagar, PTP Nagar, Valiyavila, Thiruvananthapuram, Kerala 695006, India",+91 81118 02042,76.9977832,8.505766999999999,ChIJOzyuGwC7BTsRusq4b2Uug-M,OPERATIONAL,https://www.google.com/maps/place/?q=place_id:ChIJOzyuGwC7BTsRusq4b2Uug-M
Jasmine Bay Restaurant,"Taj Green Cove Resort & Spa, GV Raja Rd, Kovalam, Thiruvananthapuram, Kerala 695527, India",+91 471 661 3000,76.9739767,8.4039381,ChIJ2y4mygWlBTsRFrozsVaz5ek,OPERATIONAL,https://www.google.com/maps/place/?q=place_id:ChIJ2y4mygWlBTsRFrozsVaz5ek
Jaya Thattukada,"GX7F+9GG Hospital, Junction, Sasthamangalam, Thiruvananthapuram, Kerala 695010, India",,76.97382069999999,8.513444999999999,ChIJa1yvSpi7BTsRs7wbDeoO4dk,OPERATIONAL,https://www.google.com/maps/place/?q=place_id:ChIJa1yvSpi7BTsRs7wbDeoO4dk
Jeeva Thattukada,"F2H2+VJ5, Trikkannapuram, Thiruvananthapuram, Kerala 695032, India",,77.0015999,8.479642499999999,ChIJldJkbQC7BTsRuwbwt9J0YzM,OPERATIONAL,https://www.google.com/maps/place/?q=place_id:ChIJldJkbQC7BTsRuwbwt9J0YzM
Jelash Bhel Puri Chaat,"GWHG+2F7, Ulloor - Akkulam Rd, Kochulloor, Ulloor, Thiruvananthapuram, Kerala 695011, India",,76.926178,8.527531,ChIJQe_fP5W5BTsRGfDIZdh3iDg,CLOSED_TEMPORARILY,https://www.google.com/maps/place/?q=place_id:ChIJQe_fP5W5BTsRGfDIZdh3iDg
Jerry's Thattukada,"FWF9+VV8, Vallakkadavu, Thiruvananthapuram, Kerala 695008, India",+91 79079 90833,76.91969,8.474666,ChIJxcvJ7gi7BTsRSWziltVqp2M,OPERATIONAL,https://www.google.com/maps/place/?q=place_id:ChIJxcvJ7gi7BTsRSWziltVqp2M
JH MARRIAGE DUM BIRYANI,"Prasanthnagar, Thiruvananthapuram, Vattappara, Kerala 695028, India",+91 93426 12273,76.95263,8.5922194,ChIJCeK5YAC5BTsR0nTGNMpVsT8,OPERATIONAL,https://www.google.com/maps/place/?q=place_id:ChIJCeK5YAC5BTsR0nTGNMpVsT8
Jith Restaurant,"GWX5+H73, Sreekariyam - Kazhakuttam Rd, Ambady Nagar, Amadi Nagar, Sreekaryam, Thiruvananthapuram, Kerala 695017, India",,76.90789939999999,8.548716599999999,ChIJidvRNAC_BTsRXoXTf5ZCdnM,OPERATIONAL,https://www.google.com/maps/place/?q=place_id:ChIJidvRNAC_BTsRXoXTf5ZCdnM
Jithu Joji Homely Food,"Jai Nagar, Kunnapuzha, Thiruvananthapuram, Kerala 695032, India",+91 94969 94251,76.9977723,8.490076799999999,ChIJSf-nW2O6BTsRkIQV4xsxim4,OPERATIONAL,https://www.google.com/maps/place/?q=place_id:ChIJSf-nW2O6BTsRkIQV4xsxim4
Jithu Joji Homely Food,"GX2R+H23, Thirumala, Thiruvananthapuram, Kerala 695006, India",+91 94969 94251,76.9900617,8.501394099999999,ChIJj4l-NWq6BTsRfEMurm7Q9rY,OPERATIONAL,https://www.google.com/maps/place/?q=place_id:ChIJj4l-NWq6BTsRfEMurm7Q9rY
JN FRESH CHICKEN,"FXVW+JJ6, Thirumala-Thrikkannapuram Rd, Jai Nagar, Kunnapuzha, Thiruvananthapuram, Kerala 695032, India",,76.9965311,8.494036699999999,ChIJC-6scWW6BTsRVbyo1cfL_Nk,OPERATIONAL,https://www.google.com/maps/place/?q=place_id:ChIJC-6scWW6BTsRVbyo1cfL_Nk
Jodi's Take Away & Restaurant,"Mankuzhy, near Dhanya Supermarket, Pangappara, Thiruvananthapuram, Kerala 695017, India",+91 94950 58323,76.9073865,8.552422199999999,ChIJiQjFZ8--BTsRX9J79af4xWs,CLOSED_TEMPORARILY,https://www.google.com/maps/place/?q=place_id:ChIJiQjFZ8--BTsRX9J79af4xWs
Johnny's Diner,"Fanaar Heights, Kuravankonam, Thiruvananthapuram, Kerala 695003, India",+91 73567 79920,76.9527497,8.524001199999999,ChIJB0rjawC7BTsRchEM3GMtNj8,CLOSED_TEMPORARILY,https://www.google.com/maps/place/?q=place_id:ChIJB0rjawC7BTsRchEM3GMtNj8
JP Restaurant,"G2CH+M6C, Peyad - Vellanad Rd, Peyad, Kerala 695573, India",,77.02801769999999,8.5216916,ChIJWYYhsgCxBTsR3WjxpRegdKg,OPERATIONAL,https://www.google.com/maps/place/?q=place_id:ChIJWYYhsgCxBTsR3WjxpRegdKg
Juice & Burger Cafe,"Chothi nivas mekke thatt puthanveed, Tannivila Balaramapuram Road, p o, Vedivachankoil, Trivandrum, Pallichal, Kerala 695501, India",+91 90487 60881,77.0393661,8.4363352,ChIJqxWmFESvBTsRkDpaMIUY-ds,OPERATIONAL,https://www.google.com/maps/place/?q=place_id:ChIJqxWmFESvBTsRkDpaMIUY-ds
JUICE & CHAI POINT,"Vazhuthacaud - Poojappura Rd, opp. AIR, Cotton Hill, Vazhuthacaud, Thiruvananthapuram, Kerala 695014, India",,76.9601287,8.4984226,ChIJuVi6L_u7BTsR3shk1n5lESM,OPERATIONAL,https://www.google.com/maps/place/?q=place_id:ChIJuVi6L_u7BTsR3shk1n5lESM
JUICE CORNER,"JUICE CORNER, Pachalloor Punkulam Rd, Thiruvananthapuram, Kerala 695522, India",+91 98951 78706,76.9707841,8.4304768,ChIJOVi-LqilBTsRK2pCe3Z9A28,OPERATIONAL,https://www.google.com/maps/place/?q=place_id:ChIJOVi-LqilBTsRK2pCe3Z9A28
Junfi Banavil avil milk,"Plamoodu, GW7W+GC4, Pushpa Nagar, Nethaji Nagar, Plammoodu, Thiruvananthapuram, Kerala 695004, India",+91 95679 96605,76.9460898,8.5137735,ChIJ-V6OPA67BTsRJ1J7LQePmZM,OPERATIONAL,https://www.google.com/maps/place/?q=place_id:ChIJ-V6OPA67BTsRJ1J7LQePmZM
Junfi biriyani,"Vishnu Nagar, Pappanamcode, Thiruvananthapuram, Kerala 695018, India",+91 75948 01818,76.98168749999999,8.4698125,ChIJiSYfMwC7BTsRx4eXO3vhQd0,OPERATIONAL,https://www.google.com/maps/place/?q=place_id:ChIJiSYfMwC7BTsRx4eXO3vhQd0
Just KAten,"Moozhikkara Veedu, Pulli Ln, P.O, Pettah, Thiruvananthapuram, Kerala 695024, India",,76.92400339999999,8.4932008,ChIJKRo_jDS7BTsRvVBp-lb7d-Y,CLOSED_TEMPORARILY,https://www.google.com/maps/place/?q=place_id:ChIJKRo_jDS7BTsRvVBp-lb7d-Y
K S KUMAR,"FRIENDS FAST FOOD Arikkadamukku, Arikkadamukku, Thiruvananthapuram, Pallichal, Kerala 695020, India",+91 90741 21018,77.01505759999999,8.4496183,ChIJj0eR83CxBTsRW0YFn7OOx0Q,CLOSED_TEMPORARILY,https://www.google.com/maps/place/?q=place_id:ChIJj0eR83CxBTsRW0YFn7OOx0Q
Kadal Kalavara Family Restaurant,"FWV4+WQF, Aishwarya Nagar, Vettukadu, Thiruvananthapuram, Kerala 695007, India",,76.9069311,8.494801899999999,ChIJk6pA1HG8BTsRoFq5Q1C31s0,OPERATIONAL,https://www.google.com/maps/place/?q=place_id:ChIJk6pA1HG8BTsRoFq5Q1C31s0
KADAL RESTAURANT,"NA, Kadal Restaurant, Kunnumpuram, Vanchiyoor, Thiruvananthapuram, Kerala 695001, India",+91 90742 72024,76.9441511,8.4911997,ChIJ9z8EbsS7BTsR_8iRdXT6dF8,OPERATIONAL,https://www.google.com/maps/place/?q=place_id:ChIJ9z8EbsS7BTsR_8iRdXT6dF8
Kadalas Cafe,"Pattom - Kowdiar Rd, Marappalam, Thiruvananthapuram, Kerala 695004, India",+91 79948 55502,76.9486878,8.5213285,ChIJtZZMRAC7BTsRCEd_2o-q_Fg,OPERATIONAL,https://www.google.com/maps/place/?q=place_id:ChIJtZZMRAC7BTsRCEd_2o-q_Fg
Kadaloram,"Balanagar, Vettukadu, Thiruvananthapuram, Kerala 695021, India",+91 98477 75625,76.8990223,8.4937328,ChIJ8y4YtSW9BTsRtBMj0uKlViM,OPERATIONAL,https://www.google.com/maps/place/?q=place_id:ChIJ8y4YtSW9BTsRtBMj0uKlViM
Kadaloram Sea food Restaurant,"HX2Q+WW3, Thiruvananthapuram, Kerala 695013, India",,76.9897301,8.5522415,ChIJ7d3AcgC5BTsRfgS2wXZIcu8,OPERATIONAL,https://www.google.com/maps/place/?q=place_id:ChIJ7d3AcgC5BTsRfgS2wXZIcu8
Kai Chai,"C26Q+924, Venganoor, Kerala 695501, India",,77.0373341,8.410910099999999,ChIJo9QYdQCvBTsRN7LA5BHUclA,OPERATIONAL,https://www.google.com/maps/place/?q=place_id:ChIJo9QYdQCvBTsRN7LA5BHUclA
Kaiju Restaurant,"Thiruvallam, Thiruvananthapuram, Kerala 695026, India",,76.95196399999999,8.448158,ChIJDfOSMTC7BTsRZxkfRxV3_4s,OPERATIONAL,https://www.google.com/maps/place/?q=place_id:ChIJDfOSMTC7BTsRZxkfRxV3_4s
Kailas Hotel,"GW65+HMX, Oruvathilkotta, Aakkulam, Thiruvananthapuram, Kerala 695029, India",,76.9092435,8.5114935,ChIJR4OubMW9BTsRtv4BQgNkEm4,OPERATIONAL,https://www.google.com/maps/place/?q=place_id:ChIJR4OubMW9BTsRtv4BQgNkEm4
Kailash Bhel Puri,"M G College Rd, opposite road of Honda showroom, Muttada, Sree Nagar, Kesavadasapuram, Thiruvananthapuram, Kerala 695004, India",+91 96606 82678,76.94042,8.532484,ChIJXdfm20e5BTsRlnVUxPB6KHo,OPERATIONAL,https://www.google.com/maps/place/?q=place_id:ChIJXdfm20e5BTsRlnVUxPB6KHo
Kairali Bakery,"byepass, Eanchakkal, Thiruvananthapuram, Kerala 695008, India",+91 88480 60232,76.9335755,8.4800934,ChIJIbrDRHa7BTsRS6wqE7NETlY,OPERATIONAL,https://www.google.com/maps/place/?q=place_id:ChIJIbrDRHa7BTsRS6wqE7NETlY
Kalappa Kitchen,"Kesavadev Road, Shastri Nagar, Poojapura, Thiruvananthapuram, Kerala 695012, India",+91 70124 39120,76.982737,8.4806273,ChIJdZw-LSm7BTsRSl_uVaNRIEk,OPERATIONAL,https://www.google.com/maps/place/?q=place_id:ChIJdZw-LSm7BTsRSl_uVaNRIEk
Kalavara pazhankanji kada,"Narikkallu Bus Stop, Kattaikonam, Kerala 695584, India",+91 97472 78559,76.8933047,8.5973083,ChIJr5BmGgC_BTsRPwxeprSwec4,OPERATIONAL,https://www.google.com/maps/place/?q=place_id:ChIJr5BmGgC_BTsRPwxeprSwec4
KALAVARA RESTAURANT,"Pulayanarkotta, Thiruvananthapuram, Kerala 695011, India",,76.9147953,8.5230813,ChIJZe_KyQG8BTsRJCLbATLI_DM,OPERATIONAL,https://www.google.com/maps/place/?q=place_id:ChIJZe_KyQG8BTsRJCLbATLI_DM
Kalavara Restaurant,"Kalavara Restaurant , mc road, HW5V+6CP, po, Mannanthala, Thiruvananthapuram, Kerala 695015, India",+91 98099 03178,76.9435647,8.558084,ChIJazjyavu5BTsRuh4mapKsSjE,OPERATIONAL,https://www.google.com/maps/place/?q=place_id:ChIJazjyavu5BTsRuh4mapKsSjE
Kallingal chicken,"Kallingal junction, Pazhavadi, Nedumangad, Kerala 695541, India",+91 89078 48485,77.0044911,8.6082281,ChIJfyGrfAC5BTsRhX2Y56OKa7s,OPERATIONAL,https://www.google.com/maps/place/?q=place_id:ChIJfyGrfAC5BTsRhX2Y56OKa7s
Kallingal Hotel,"GVWJ+VXW, Kulathoor, Thiruvananthapuram, Kerala 695583, India",+91 89211 16023,76.88244499999999,8.5472296,ChIJFbK1i_K-BTsRA2-IkJs6b6Y,OPERATIONAL,https://www.google.com/maps/place/?q=place_id:ChIJFbK1i_K-BTsRA2-IkJs6b6Y
Kalpaka Restaurant,"CXQ4+MPW, Thiruvananthapuram, Kerala 695027, India",+91 471 212 3003,76.95683819999999,8.4392397,ChIJK7ubQNOkBTsRXTFT2Lv2394,OPERATIONAL,https://www.google.com/maps/place/?q=place_id:ChIJK7ubQNOkBTsRXTFT2Lv2394
Kalyani thani Nadan Restaurant &catering event,"F2PV+P62, Thirumala Peyad Malayinkeezhu Rd, Malayinkeezh, Kerala 695571, India",,77.04301420000002,8.4867593,ChIJ65u9xvewBTsRLn0x2A_SC2I,OPERATIONAL,https://www.google.com/maps/place/?q=place_id:ChIJ65u9xvewBTsRLn0x2A_SC2I
Kamal Restaurant,"Pettah, Thiruvananthapuram, Kerala 695024, India",+91 97471 73005,76.92675129999999,8.4937832,ChIJwV6Jnoi7BTsRsng5GIcz1Hg,OPERATIONAL,https://www.google.com/maps/place/?q=place_id:ChIJwV6Jnoi7BTsRsng5GIcz1Hg
Kanthari Food Corner (രുചിക്കൂട്ട് - Ruchikoott),"TC 43, 1463, Muttathara, Thiruvananthapuram, Kerala 695008, India",+91 94003 55682,76.9383551,8.4661774,ChIJGZC2Iha7BTsRylqH0TRHH5g,OPERATIONAL,https://www.google.com/maps/place/?q=place_id:ChIJGZC2Iha7BTsRylqH0TRHH5g
Kanthari Naadan Bakshanashala,"GWXX+4WF, Kuravankonam - Maruthoor Rd, Nalanchira, Chenkallur, Thiruvananthapuram, Kerala 695043, India",,76.9498002,8.5478199,ChIJaYXUaNu5BTsRRWvCXJ1XHrI,CLOSED_TEMPORARILY,https://www.google.com/maps/place/?q=place_id:ChIJaYXUaNu5BTsRRWvCXJ1XHrI
Kappa Kandhari,"Madhupalam, Karumam, Punchakkari, Thiruvananthapuram, Kerala 695002, India",+91 90728 79758,76.9686401,8.452429799999999,ChIJcfjcqVa7BTsRgKDZRAqywTE,OPERATIONAL,https://www.google.com/maps/place/?q=place_id:ChIJcfjcqVa7BTsRgKDZRAqywTE
Kappa Stories,"Chilli Pepper Kitchens, Kalanilayam Building, Mudavanmugal Rd, Kesari Nagar, Poojapura, Thiruvananthapuram, Kerala 695012, India",+91 94003 55588,76.9769422,8.4908174,ChIJsQgX4jC7BTsRjj3GOdBbWTg,CLOSED_TEMPORARILY,https://www.google.com/maps/place/?q=place_id:ChIJsQgX4jC7BTsRjj3GOdBbWTg
Kappithan Restaurant,"Near SLIMMAX, Pazhaya Road Medical college PO Geetham tourist home pazhaya road, kappithan restaurant, medical collage, po, Murinjapalam, Thiruvananthapuram, Kerala 695011, India",+91 88488 19121,76.9314728,8.518473199999999,ChIJ-xZeJCm7BTsR2cpdqbTdhCM,CLOSED_TEMPORARILY,https://www.google.com/maps/place/?q=place_id:ChIJ-xZeJCm7BTsR2cpdqbTdhCM
Karippor village office,"J255+PMX, Nedumangad Karipoor Rd, Nedumangad, Kerala 695541, India",,77.0092473,8.6093685,ChIJJcnUBgC5BTsR1Tp9S_qEkJY,OPERATIONAL,https://www.google.com/maps/place/?q=place_id:ChIJJcnUBgC5BTsR1Tp9S_qEkJY
Karthika Restaurant,"C2X6+P95 Bus Stop, Salem - Kochi Hwy, Pravachambalam, Pallichal, Kerala 695020, India",+91 85909 92620,77.0110711,8.4491169,ChIJq0RqMPGxBTsRz7QTKje6lTE,OPERATIONAL,https://www.google.com/maps/place/?q=place_id:ChIJq0RqMPGxBTsRz7QTKje6lTE
Karthika Tea Stall,"Appus Store, Kalliyoor, Kerala 695042, India",+91 95394 74567,77.0109114,8.430285,ChIJ0wOV2vyvBTsRTU6Z0pVnFUk,OPERATIONAL,https://www.google.com/maps/place/?q=place_id:ChIJ0wOV2vyvBTsRTU6Z0pVnFUk
Kattans - Variety Teas,"HVWV+VF3, Kattaikonam, Kerala 695584, India",,76.8937244,8.597186899999999,ChIJaT1rYZe_BTsR-T7Dcritvhc,OPERATIONAL,https://www.google.com/maps/place/?q=place_id:ChIJaT1rYZe_BTsR-T7Dcritvhc
Kct മുക്ക്,"HV5R+JWF, Puthiyakavu - Chakkuvally Road, Chakkuvally, Sooranad South, Sooranad, Thiruvananthapuram, Kerala 695581, India",,76.8922869,8.5590526,ChIJAQZ_aAC_BTsRW4I_JZ4BN1I,CLOSED_TEMPORARILY,https://www.google.com/maps/place/?q=place_id:ChIJAQZ_aAC_BTsRW4I_JZ4BN1I
Kebab Dukkan,"Upper Meridian Rd, near to Maquilleur By Sumi, Kuravankonam, Thiruvananthapuram, Kerala 695003, India",+91 89216 70125,76.952488,8.52509,ChIJE5yIsue7BTsR5FGjJhdXBOw,OPERATIONAL,https://www.google.com/maps/place/?q=place_id:ChIJE5yIsue7BTsR5FGjJhdXBOw
Kebab Dukkan,"Phase 1, Technopark, Service Rd, opposite Technopark Road, Pallinada, Kazhakkoottam, Thiruvananthapuram, Kerala 695582, India",+91 75919 89472,76.8761256,8.5575087,ChIJqxELsSK_BTsRKImwcVGg_lg,OPERATIONAL,https://www.google.com/maps/place/?q=place_id:ChIJqxELsSK_BTsRKImwcVGg_lg
Kedaram Fast Food,"GXWP+RC9, Vazhayila Mukkola Rd, Mukkola, Nettayam, Thiruvananthapuram, Kerala 695013, India",,76.9861066,8.547031,ChIJf9Sh27W5BTsRRt7G7ERZ9I4,OPERATIONAL,https://www.google.com/maps/place/?q=place_id:ChIJf9Sh27W5BTsRRt7G7ERZ9I4
Kepco Chicken,"99, Sasthamangalam - Peroorkada Rd, Devapalan Nagar, Peroorkada, Thiruvananthapuram, Kerala 695005, India",,76.9666981,8.5363151,ChIJ7z4d0YK5BTsRCh-yq1jHjMs,OPERATIONAL,https://www.google.com/maps/place/?q=place_id:ChIJ7z4d0YK5BTsRCh-yq1jHjMs
Kepco chicken,"near water authority, Pongumoodu, Thiruvananthapuram, Kerala 695011, India",,76.926641,8.5367296,ChIJO22JOEe5BTsRygIKuTn-Fkk,CLOSED_TEMPORARILY,https://www.google.com/maps/place/?q=place_id:ChIJO22JOEe5BTsRygIKuTn-Fkk
KEPCO Chicken Centre,"Vazhuthacaud - Poojappura Rd, opposite to SFS Skyline Symphony, DPI, Vazhuthacaud, Thiruvananthapuram, Kerala 695014, India",,76.9608361,8.497880499999999,ChIJdz_fQQC7BTsRESsDt_Of8NE,OPERATIONAL,https://www.google.com/maps/place/?q=place_id:ChIJdz_fQQC7BTsRESsDt_Of8NE
"KEPCO CHICKEN, NALANCHIRA","Nedumpurathu General store, Udayanoor - Madathinada Road, Nalanchira, Paruthippara, Thiruvananthapuram, Kerala 695043, India",,76.9476303,8.5487089,ChIJwSTOmKy5BTsR-ww0Bl7V9JU,OPERATIONAL,https://www.google.com/maps/place/?q=place_id:ChIJwSTOmKy5BTsR-ww0Bl7V9JU
KEPCO CHICKEN. PATTOM,"Gauri Govindham.Tc2-13/65, Pattom, Thiruvananthapuram, Kerala 695004, India",+91 95671 10384,76.9398667,8.5172385,ChIJ1YErdee7BTsRvzZqlc6g-hU,OPERATIONAL,https://www.google.com/maps/place/?q=place_id:ChIJ1YErdee7BTsRvzZqlc6g-hU
KEPCO Restaurant,"FWVH+R67, Pettah, Thiruvananthapuram, Kerala 695024, India",+91 94950 00928,76.92804919999999,8.4945484,ChIJ0SrNu4-7BTsRcYm2YN4Xkio,OPERATIONAL,https://www.google.com/maps/place/?q=place_id:ChIJ0SrNu4-7BTsRcYm2YN4Xkio
KEPCO Snacks Corner,"Palayam Airport Road, TC 30/697, Pettah, Thiruvananthapuram, Kerala 695024, India",+91 471 247 8585,76.9279999,8.494497100000002,ChIJT5aauI-7BTsR4zxqtkvkxRw,OPERATIONAL,https://www.google.com/maps/place/?q=place_id:ChIJT5aauI-7BTsR4zxqtkvkxRw
KERALA CHICKEN,"CXRC+2J, Thiruvananthapuram, Kerala 695027, India",,76.97162759999999,8.4400955,ChIJH3I0dQClBTsRxGNQkrVkCqQ,OPERATIONAL,https://www.google.com/maps/place/?q=place_id:ChIJH3I0dQClBTsRxGNQkrVkCqQ
Kerala chicken corner,"C2J8+XRG, Kalliyoor, Kerala 695020, India",,77.0170711,8.4324359,ChIJK5xffwCvBTsRcToxNr45TX4,OPERATIONAL,https://www.google.com/maps/place/?q=place_id:ChIJK5xffwCvBTsRcToxNr45TX4
Kerala Chickens,"HXV4+J9F, Nedumangad Rd, Vattappara, Kerala 695028, India",+91 97454 05298,76.9559368,8.5940668,ChIJUy8zKIC5BTsRXvnqZ2yt2HM,OPERATIONAL,https://www.google.com/maps/place/?q=place_id:ChIJUy8zKIC5BTsRXvnqZ2yt2HM
Kerala Fast Food,"Yvm, Konganam, Thiruvananthapuram, Kerala 695541, India",+91 94957 91877,77.02384889999999,8.597508,ChIJlddMprG3BTsR59Cfw2oADvY,OPERATIONAL,https://www.google.com/maps/place/?q=place_id:ChIJlddMprG3BTsR59Cfw2oADvY
Kerala fresh chicken,"GXP3+JM2, Kuravankonam - Maruthoor Rd, Velikkunnu, Ambalamukku, Thiruvananthapuram, Kerala 695043, India",,76.9541252,8.5365213,ChIJ43c2PwC5BTsR1Tduxibwy6w,OPERATIONAL,https://www.google.com/maps/place/?q=place_id:ChIJ43c2PwC5BTsR1Tduxibwy6w
Kerala Hotel,"GW72+R9, Oruvathilkotta, Aakkulam, Thiruvananthapuram, Kerala 695029, India",+91 99952 76467,76.90062209999999,8.5140845,ChIJrw16zxi8BTsRpLY5VE1_-a8,OPERATIONAL,https://www.google.com/maps/place/?q=place_id:ChIJrw16zxi8BTsRpLY5VE1_-a8
KERALA HOTEL & RESTAURANT,"GV4R+R75, Veli Sanghumugham Rd, Madhavapuram Colony, Veli, Thiruvananthapuram, Kerala 695021, India",,76.8907443,8.5070038,ChIJuVoVoj68BTsRF4lT0T1ho-k,OPERATIONAL,https://www.google.com/maps/place/?q=place_id:ChIJuVoVoj68BTsRF4lT0T1ho-k
Kerala kitchen Restaurant,"Parackara, Puthukulangara, Uzhamalackal, Nedumangad, Kerala 695541, India",+91 81118 35023,77.0359229,8.5960881,ChIJt8agI4O3BTsRX-J06IBUs6g,OPERATIONAL,https://www.google.com/maps/place/?q=place_id:ChIJt8agI4O3BTsRX-J06IBUs6g
Keys Select By Lemon Tree Hotels - Thiruvananthapuram,"Housing Board Junction, Press Rd, opposite Fire Brigade, Statue, Palayam, Thiruvananthapuram, Kerala 695001, India",+91 471 671 0444,76.9522288,8.494669,ChIJj5x7qbq7BTsRbSG1dFdxFB8,OPERATIONAL,https://www.google.com/maps/place/?q=place_id:ChIJj5x7qbq7BTsRbSG1dFdxFB8
KFC,"SNV Tower, Balaramapuram, Kerala 695501, India",+91 79 4272 6084,77.0421516,8.4262771,ChIJ32eNAlavBTsR5DjzuUU2fzw,OPERATIONAL,https://www.google.com/maps/place/?q=place_id:ChIJ32eNAlavBTsR5DjzuUU2fzw
KFC,"Ground Floor, Trivandrum Vizhinjam Rd, Manacaud, Thiruvananthapuram, Kerala 695009, India",+91 79 4272 6174,76.94770969999999,8.472667,ChIJrTorMAC7BTsRzUeYfzmnVQ8,OPERATIONAL,https://www.google.com/maps/place/?q=place_id:ChIJrTorMAC7BTsRzUeYfzmnVQ8
KFC,"Mall of Travancore, Food Court Chakka, Bye Pass, Eanchakkal, Thiruvananthapuram, Kerala 695024, India",+91 80 4275 4444,76.925321,8.4873123,ChIJuwEqYx27BTsRpGrkEO96SJE,OPERATIONAL,https://www.google.com/maps/place/?q=place_id:ChIJuwEqYx27BTsRpGrkEO96SJE
KFC,"Door No 001, QRS Mall Square, Mahatma Gandhi Rd, opposite Raymond Showroom, Puthenchanthai, Pulimoodu, Thiruvananthapuram, Kerala 695001, India",+91 79 4272 5848,76.9474305,8.4934089,ChIJe-JOU7u7BTsR6-pmGqkpTx4,OPERATIONAL,https://www.google.com/maps/place/?q=place_id:ChIJe-JOU7u7BTsR6-pmGqkpTx4
KFC,"Unit No 1/06, Lulu Mall, Anayara, Thiruvananthapuram, Kerala 695029, India",+91 79 4272 5973,76.8976795,8.5150056,ChIJT29gy4y9BTsRRD_ajliCYNM,OPERATIONAL,https://www.google.com/maps/place/?q=place_id:ChIJT29gy4y9BTsRRD_ajliCYNM
KFC,"Survey No 3572/3, Blessing Tower, Keston Rd, Kanaka Nagar, Kowdiar, Thiruvananthapuram, Kerala 695003, India",+91 79 4272 6008,76.959463,8.515659,ChIJAVhVI3m7BTsRaGCf1gUAph0,OPERATIONAL,https://www.google.com/maps/place/?q=place_id:ChIJAVhVI3m7BTsRaGCf1gUAph0
KFC,"3442/1, Rashaj Iris, No TC 99, NH Byepass Road, Near Infosys, Kulathoor, Kazhakkoottam, Thiruvananthapuram, Kerala 695583, India",+91 79 4272 5939,76.8815631,8.535046699999999,ChIJ4d3OxJq_BTsRDXnJSzeXtlg,OPERATIONAL,https://www.google.com/maps/place/?q=place_id:ChIJ4d3OxJq_BTsRDXnJSzeXtlg
KFC,"Shop No TC 2/3604, Sree Dhanya Boulevard, Kailash Nagar, Vivekananda Nagar, Kesavadasapuram, Thiruvananthapuram, Kerala 695004, India",+91 79 4272 5844,76.9386505,8.5281301,ChIJF9S2gpC5BTsRslhwBSqJqaM,OPERATIONAL,https://www.google.com/maps/place/?q=place_id:ChIJF9S2gpC5BTsRslhwBSqJqaM
KFC,"SH 2, 11th Stone Junction, near Bus Stop, Nedumangad, Kerala 695541, India",+91 79 4272 6188,76.9976133,8.6040276,ChIJW-4mlhO5BTsRCk9GMor4wA8,OPERATIONAL,https://www.google.com/maps/place/?q=place_id:ChIJW-4mlhO5BTsRCk9GMor4wA8
KFC,"Ground Floor, Kazhakoottam - Thaikod Rd, Pothencode, Keezhthonnakkal, Thiruvananthapuram, Kerala 695584, India",+91 79 4272 6217,76.8997613,8.621885899999999,ChIJa7EcLADBBTsRLIYXHVBvhLU,OPERATIONAL,https://www.google.com/maps/place/?q=place_id:ChIJa7EcLADBBTsRLIYXHVBvhLU
KGF Restaurant,"Mannanthala Junction, Mannanthala, Thiruvananthapuram, Kerala 695015, India",+91 81579 27949,76.9435534,8.5605306,ChIJd0p_8aW5BTsR5WFKFIgTHfg,OPERATIONAL,https://www.google.com/maps/place/?q=place_id:ChIJd0p_8aW5BTsR5WFKFIgTHfg
KGN GROUP,"KGN GROUP Maniyaravila, Thiruvananthapuram, Malayinkeezh, Kerala 695571, India",+91 79943 14022,77.0452482,8.482904699999999,ChIJ4_-a37exBTsRVizMk1ruqTs,OPERATIONAL,https://www.google.com/maps/place/?q=place_id:ChIJ4_-a37exBTsRVizMk1ruqTs
Khalifa Mandi,"3737-4,5, TC-71, Attakkulangara - Killippalam Bypass Rd, Aryasala, Chalai, Thiruvananthapuram, Kerala 695036, India",,76.9542218,8.479704,ChIJIftLK4i7BTsR3Jl4Bc-KZc4,OPERATIONAL,https://www.google.com/maps/place/?q=place_id:ChIJIftLK4i7BTsR3Jl4Bc-KZc4
Khana Peena,"Joy Alukkas, Trivandrum Vizhinjam Rd, East Fort, Attakulangara, Thiruvananthapuram, Kerala 695036, India",+91 81291 92889,76.9476028,8.4798461,ChIJzwbwa8O7BTsRCdnwg4ei-NI,OPERATIONAL,https://www.google.com/maps/place/?q=place_id:ChIJzwbwa8O7BTsRCdnwg4ei-NI
Khao,"No:2, Chilli Pepper Kitchens Kalanilayam Building, Mudavanmugal Rd, Kesari Nagar, Poojapura, Thiruvananthapuram, Kerala 695012, India",+91 94003 55566,76.97692510000002,8.490829999999999,ChIJYz7zDEa7BTsRphLdHr5fIr0,CLOSED_TEMPORARILY,https://www.google.com/maps/place/?q=place_id:ChIJYz7zDEa7BTsRphLdHr5fIr0
Kichi's Kitchen,"opposite St Thomas Church, Valiya, Veli, Thiruvananthapuram, Kerala 695022, India",,76.88555749999999,8.5127234,ChIJS7rHVwC9BTsRe-xg8QH3Ti8,OPERATIONAL,https://www.google.com/maps/place/?q=place_id:ChIJS7rHVwC9BTsRe-xg8QH3Ti8
Kimothi Albani,"FXJ9+CWH, Karamana, Thiruvananthapuram, Kerala 695002, India",+91 89210 46214,76.9698722,8.4810652,ChIJU3YcEQq7BTsR3hPEMv9KJpw,OPERATIONAL,https://www.google.com/maps/place/?q=place_id:ChIJU3YcEQq7BTsR3hPEMv9KJpw
KIMS Canteen,"1, Vinod Nagar Rd, Anayara, Thiruvananthapuram, Kerala 695029, India",,76.9090873,8.5136063,ChIJE4713he9BTsR9k5DOwmB-8c,OPERATIONAL,https://www.google.com/maps/place/?q=place_id:ChIJE4713he9BTsR9k5DOwmB-8c
Kingini Hotel & Provision Store,"GWR4+9C8, Alathara Rd, Ambady Nagar, Thiruvananthapuram, Kerala 695016, India",,76.90608619999999,8.5409005,ChIJqw3z8Lm-BTsRXCkGSHadjlQ,OPERATIONAL,https://www.google.com/maps/place/?q=place_id:ChIJqw3z8Lm-BTsRXCkGSHadjlQ
Kings Palace Restaurant,"Kings Palace, Mangalathukonam - Peringammala Rd, Kattachalkuzhi, Venganoor, Kerala 695501, India",+91 98470 46301,77.0255153,8.4049184,ChIJeaMvApevBTsRbN9GuCZtbCA,OPERATIONAL,https://www.google.com/maps/place/?q=place_id:ChIJeaMvApevBTsRbN9GuCZtbCA
Kings Restaurant,"Pattom - Kowdiar Rd, Near Envestnet, Kuravankonam, Thiruvananthapuram, Kerala 695003, India",,76.9544446,8.5233873,ChIJC_NVode7BTsRQpYrhfJWqe4,CLOSED_TEMPORARILY,https://www.google.com/maps/place/?q=place_id:ChIJC_NVode7BTsRQpYrhfJWqe4
Kitchen 65,"Maruthoor, Kerala 695028, India",,76.94586369999999,8.5716073,ChIJGwE3cuG4BTsRyWiNjtH7dfM,OPERATIONAL,https://www.google.com/maps/place/?q=place_id:ChIJGwE3cuG4BTsRyWiNjtH7dfM
KKM International,"near music college, Aristo, Thampanoor, Thiruvananthapuram, Kerala 695014, India",+91 77368 55572,76.9548825,8.490649099999999,ChIJcchKRc27BTsR_9UAwQBHlLc,OPERATIONAL,https://www.google.com/maps/place/?q=place_id:ChIJcchKRc27BTsR_9UAwQBHlLc
KL-01 restaurant,"manjadimoodi, Vattiyoorkavu, Maruthankuzhi, Thiruvananthapuram, Kerala 695013, India",,76.9849432,8.5233878,ChIJkV9eoCu7BTsRXeOz9bWpo7Q,OPERATIONAL,https://www.google.com/maps/place/?q=place_id:ChIJkV9eoCu7BTsRXeOz9bWpo7Q
Kochani tattukada,"FWQ9+GHX, Palayam Airport Rd, Chacka, Thiruvananthapuram, Kerala 695007, India",+91 95444 54428,76.9189837,8.488863,ChIJf_Uiraq7BTsR4Zpb0PfX-oQ,OPERATIONAL,https://www.google.com/maps/place/?q=place_id:ChIJf_Uiraq7BTsR4Zpb0PfX-oQ
Kochannan Sahib's Restaurant,"Salem - Kochi, Panvel - Kochi - Kanyakumari Hwy, Karamana Junction, Karamana, Thiruvananthapuram, Kerala 695002, India",+91 94477 84840,76.96678299999999,8.4818813,ChIJ74_Ql_-6BTsRRzS3oK2_41s,OPERATIONAL,https://www.google.com/maps/place/?q=place_id:ChIJ74_Ql_-6BTsRRzS3oK2_41s
Kokkarakko,"JX7W+WXP, Thiruvananthapuram - Thenmala Rd, Pazhakutty, Nedumangad, Kerala 695561, India",+91 95445 39859,76.99746069999999,8.6148284,ChIJ3e4tZ_bHBTsRykJrCkLpMgA,OPERATIONAL,https://www.google.com/maps/place/?q=place_id:ChIJ3e4tZ_bHBTsRykJrCkLpMgA
Korma Restaurant,"MGRAE4A, MGRA, Venpalavattom, Thiruvananthapuram, Kerala 695029, India",,76.9112706,8.5071733,ChIJ4yf6EgC9BTsRNyHLg1xSSeQ,OPERATIONAL,https://www.google.com/maps/place/?q=place_id:ChIJ4yf6EgC9BTsRNyHLg1xSSeQ
Kottayam Kitchen,"Technopark Phase III Main Rd, Kulathoor, Thiruvananthapuram, Kerala 695583, India",+91 87143 27700,76.8775435,8.5481357,ChIJ92tFDHi_BTsRy9XhP380tXU,OPERATIONAL,https://www.google.com/maps/place/?q=place_id:ChIJ92tFDHi_BTsRy9XhP380tXU
Kottayam Thattukada,"Karipoor, Malayinkeezh, Kerala 695571, India",+91 82812 42783,77.0293006,8.4995052,ChIJCyCclNixBTsR6jQFyvHDBbY,OPERATIONAL,https://www.google.com/maps/place/?q=place_id:ChIJCyCclNixBTsR6jQFyvHDBbY
KP TEA STALL AND COOL BAR,"FX8C+RXR, Kaimanam Vivek Nagar Residential Association, Pappanamcode, Thiruvananthapuram, Kerala 695018, India",,76.9723917,8.4671101,ChIJidJShs27BTsRindoevTN2CU,OPERATIONAL,https://www.google.com/maps/place/?q=place_id:ChIJidJShs27BTsRindoevTN2CU
KR Thattukada,"92X9+RJF, Sisilipuram Rd, Vizhinjam, Venganoor, Kerala 695523, India",,77.0190566,8.3995242,ChIJRWJsOgCvBTsRmoVVKyKCzFc,CLOSED_TEMPORARILY,https://www.google.com/maps/place/?q=place_id:ChIJRWJsOgCvBTsRmoVVKyKCzFc
KRISH CAFE,"KRISH CAFE, MULAVANA JUNCTION, Barton Hill Colony, Kunnukuzhy, Thiruvananthapuram, Kerala 695035, India",+91 73564 99699,76.93861199999999,8.5059443,ChIJZeqxUwC7BTsR4mhtdaEuFrs,OPERATIONAL,https://www.google.com/maps/place/?q=place_id:ChIJZeqxUwC7BTsR4mhtdaEuFrs
Krishna Hotel,"C24F+8GG, Mangalattukonam Road, behind Coconut Reasearch Centre, Kattachalkuzhi, Venganoor, Kerala 695501, India",+91 96563 94313,77.0248811,8.404619499999999,ChIJWSYLgJuvBTsROBCnHTHwOvU,OPERATIONAL,https://www.google.com/maps/place/?q=place_id:ChIJWSYLgJuvBTsROBCnHTHwOvU
KRISHNA HOTEL,"Krishna Hotel, Valiathope, Thiruvananthapuram, Kerala 695008, India",+91 98094 39507,76.9137573,8.4771539,ChIJH61VQIG8BTsR1cjXPfz8oao,OPERATIONAL,https://www.google.com/maps/place/?q=place_id:ChIJH61VQIG8BTsR1cjXPfz8oao
Krishna Hotel,"H276+HQ8, Parakkonam, Aruvikkara, Kerala 695013, India",+91 85473 87945,77.0122105,8.5626216,ChIJjZQzIzO3BTsR7sZNJ_650EY,OPERATIONAL,https://www.google.com/maps/place/?q=place_id:ChIJjZQzIzO3BTsR7sZNJ_650EY
KRISHNA HOTEL PETTAH,"32, Akshara Veedi, Pettah, Thiruvananthapuram, Kerala 695024, India",,76.9264264,8.4936398,ChIJpSaFaQC7BTsRUAvRXz9Caeg,OPERATIONAL,https://www.google.com/maps/place/?q=place_id:ChIJpSaFaQC7BTsRUAvRXz9Caeg
Krishna Restaurant,"Kesavan Nair Rd, Shastri Nagar, Poojapura, Thiruvananthapuram, Kerala 695012, India",+91 85471 73602,76.97614430000002,8.4916254,ChIJO7Mu-wK7BTsRFeTTNH7II1o,OPERATIONAL,https://www.google.com/maps/place/?q=place_id:ChIJO7Mu-wK7BTsRFeTTNH7II1o
Krishna restaurant,"GWH6+8R6, Prasanth Nagar, cherruvikkal, Thiruvananthapuram, Kerala 695017, India",,76.9120143,8.5282875,ChIJhdDNp4K_BTsRH2ofwMxTPZM,OPERATIONAL,https://www.google.com/maps/place/?q=place_id:ChIJhdDNp4K_BTsRH2ofwMxTPZM
KS Chapathi,"Ulloor - Akkulam Rd, Pulayanarkotta, Thiruvananthapuram, Kerala 695011, India",+91 97462 24672,76.916538,8.523622099999999,ChIJyc_XNVa9BTsRX4evaHrHDIk,OPERATIONAL,https://www.google.com/maps/place/?q=place_id:ChIJyc_XNVa9BTsRX4evaHrHDIk
KS Chicken Stall,"CWVV+FJX, Poonthura, Thiruvananthapuram, Kerala 695026, India",,76.944122,8.443746299999999,ChIJ5ywzypm7BTsRuFeU1bIH940,CLOSED_TEMPORARILY,https://www.google.com/maps/place/?q=place_id:ChIJ5ywzypm7BTsRuFeU1bIH940
KTDC Beer Parlour,"JX6W+7W6, Pazhakutty, Nedumangad, Kerala 695561, India",,76.9972612,8.6106701,ChIJO7BmU4W5BTsR_sKnV6-l8Dk,OPERATIONAL,https://www.google.com/maps/place/?q=place_id:ChIJO7BmU4W5BTsR_sKnV6-l8Dk
KTDC Restaurant,"GV6R+72M Tourist Village Parking, Veli Sanghumugham Rd, Madhavapuram Colony, Kochuveli, Thiruvananthapuram, Kerala 695021, India",,76.89005639999999,8.5107232,ChIJU1dOhTy8BTsR6GL8vZVsJZ4,OPERATIONAL,https://www.google.com/maps/place/?q=place_id:ChIJU1dOhTy8BTsR6GL8vZVsJZ4
KTDC Restaurant and Beer Parlour,"Melevillael Building, No.5/742, Road, near Indian Overseas Bank, Tirumala, Malayinkeezhu, Peyad, Kerala 695573, India",+91 471 272 1243,77.02214769999999,8.5119051,ChIJiYhoqrywBTsR-lYxD6J7w6o,OPERATIONAL,https://www.google.com/maps/place/?q=place_id:ChIJiYhoqrywBTsR-lYxD6J7w6o
Kudumbashree Kerala Chicken Snacks Bar,"Vattiyoorkavu, Thiruvananthapuram, Kerala 695013, India",+91 81291 54071,76.9884002,8.5233179,ChIJF3LpIcK7BTsR08rqsHbY0Ao,OPERATIONAL,https://www.google.com/maps/place/?q=place_id:ChIJF3LpIcK7BTsR08rqsHbY0Ao
KUDUMBASHREE MEAT POINT,"JX2V+97V, Vattappara Valikode Rd, Nedumangad, Kerala 695541, India",+91 99958 56545,76.9931564,8.600994499999999,ChIJO7Q89RG4BTsR0fnHgmNda5o,OPERATIONAL,https://www.google.com/maps/place/?q=place_id:ChIJO7Q89RG4BTsR0fnHgmNda5o
Kudumbasree Canteen,"HVCQ+7XH, Kariyavattom - Chenkottukonam Rd, Karyavattom, Thiruvananthapuram, Kerala 695581, India",,76.8899756,8.570678,ChIJF8i_7Yq_BTsR9xIfPHZo18o,OPERATIONAL,https://www.google.com/maps/place/?q=place_id:ChIJF8i_7Yq_BTsR9xIfPHZo18o
Kudumbham Restaurant,"Kunnukuzhy, Thiruvananthapuram, Kerala 695035, India",+91 471 255 1181,76.93834729999999,8.5050369,ChIJRXCFJ-u7BTsRjRKLFD8u-no,OPERATIONAL,https://www.google.com/maps/place/?q=place_id:ChIJRXCFJ-u7BTsRjRKLFD8u-no
Kumar Cafe,"Killippalam Jct, Killipalam, Attakulangara, Thiruvananthapuram, Kerala 695002, India",+91 94962 11956,76.95745269999999,8.4813964,ChIJx2ATPwe7BTsRebP2hGqF7gE,OPERATIONAL,https://www.google.com/maps/place/?q=place_id:ChIJx2ATPwe7BTsRebP2hGqF7gE
Kumar Fast Food,"GW76+64V, Vinod Nagar Rd, Aakkulam, Thiruvananthapuram, Kerala 695029, India",,76.9102832,8.5131149,ChIJgzSAZA-8BTsRAutgPDvrPtY,OPERATIONAL,https://www.google.com/maps/place/?q=place_id:ChIJgzSAZA-8BTsRAutgPDvrPtY
Kumar Tea Stall,"99, Sasthamangalam - Peroorkada Rd, Indira Nagar, Peroorkada, Thiruvananthapuram, Kerala 695005, India",,76.96756309999999,8.5353154,ChIJUw8_GYO5BTsRNtgg1DK0Oyk,OPERATIONAL,https://www.google.com/maps/place/?q=place_id:ChIJUw8_GYO5BTsRNtgg1DK0Oyk
Kunjumuttam hotel,"HW3X+7VG, Thiruvananthapuram, Kerala 695043, India",+91 97450 22299,76.9496953,8.5531835,ChIJ-dDRdxG5BTsR6tPT2950q3c,OPERATIONAL,https://www.google.com/maps/place/?q=place_id:ChIJ-dDRdxG5BTsR6tPT2950q3c
Kunjuveetil Family Restaurant,"F2XH+PPW, Thirumala Peyad Malayinkeezhu Rd, Peyad, Malayinkeezh, Kerala 695571, India",+91 87141 48999,77.0293492,8.4993935,ChIJJbHGXwCxBTsR7BgEx-bHNWg,OPERATIONAL,https://www.google.com/maps/place/?q=place_id:ChIJJbHGXwCxBTsR7BgEx-bHNWg
Kurseong fast & food,"Mannanthala Junction, Mannanthala, Thiruvananthapuram, Kerala 695015, India",+91 95472 99410,76.9425852,8.560381399999999,ChIJeVX2BlO5BTsRJndCWS9vCHg,OPERATIONAL,https://www.google.com/maps/place/?q=place_id:ChIJeVX2BlO5BTsRJndCWS9vCHg
"Kuttan,s thattu kada","FWX7+R86, Karikkakam, Thiruvananthapuram, Kerala 695007, India",+91 98951 82816,76.9132551,8.499540699999999,ChIJmZhQSAC9BTsRzroyvMu1rD0,OPERATIONAL,https://www.google.com/maps/place/?q=place_id:ChIJmZhQSAC9BTsRzroyvMu1rD0
Kuttanadan Puncha Family Restaurant,"Mahatma Gandhi College - Main Block, opposite M G College Road, opp. Thiruvananthapuram, Chempakassery Nagar, Kesavadasapuram, Thiruvananthapuram, Kerala 695004, India",+91 85920 83648,76.9404651,8.5324308,ChIJk58iWpm7BTsRFr0z7CEyzjw,OPERATIONAL,https://www.google.com/maps/place/?q=place_id:ChIJk58iWpm7BTsRFr0z7CEyzjw
Kuttanadan special Thattukada,"GWWC+RMR, Salem - Kochi - Kanyakumari Hwy, Gowari Nagar, Sreekaryam, Thiruvananthapuram, Kerala 695011, India",,76.92169179999999,8.547114700000002,ChIJb9tiQQC5BTsRMorifQZL5j0,OPERATIONAL,https://www.google.com/maps/place/?q=place_id:ChIJb9tiQQC5BTsRMorifQZL5j0
Kuzhimanthi by makawo,"Karipur, F2XJ+H2F, Thiruvananthapuram, Malayinkeezh, Kerala 695571, India",,77.0300432,8.4989475,ChIJ_dcOYgCxBTsRSr4oRAJ2_Iw,OPERATIONAL,https://www.google.com/maps/place/?q=place_id:ChIJ_dcOYgCxBTsRSr4oRAJ2_Iw
La Promenade Hotel,"kovalam junction Opposite Federal Bank ATM, Vizhinjam, Thiruvananthapuram, Kerala 695527, India",+91 471 248 7711,76.9820737,8.3989908,ChIJ7eD8GQqlBTsRsMcADs2T3x8,OPERATIONAL,https://www.google.com/maps/place/?q=place_id:ChIJ7eD8GQqlBTsRsMcADs2T3x8
Labanese Legend (The shawarma king),"HVQH+FGX, Kazhakoottam - Kilimanoor Rd, Kizhakkumbhagam, Kazhakkoottam, Thiruvananthapuram, Kerala 695585, India",,76.87899639999999,8.588725799999999,ChIJU2xb27S_BTsRCJoDbMyXMo4,OPERATIONAL,https://www.google.com/maps/place/?q=place_id:ChIJU2xb27S_BTsRCJoDbMyXMo4
LACHU THATTUKADA,"CX6P+MGH, Venganoor Rd, Muttacad, Koliyoor, Aaluvila, Thiruvananthapuram, Kerala 695523, India",,76.9871419,8.411824200000002,ChIJ1-oQyTelBTsRnOFmggDS2rM,OPERATIONAL,https://www.google.com/maps/place/?q=place_id:ChIJ1-oQyTelBTsRnOFmggDS2rM
Laham Wraps & Grills,"M.S Avenue, Ground Floor, Kallumoodu Junction, Manacaud - Muttathara Rd, Thrimoorthy Nagar, Manacaud, Thiruvananthapuram, Kerala 695008, India",+91 99463 00022,76.9380527,8.4676767,ChIJ0_DmbA67BTsRexepNRQqmVU,OPERATIONAL,https://www.google.com/maps/place/?q=place_id:ChIJ0_DmbA67BTsRexepNRQqmVU
LAILA'S KITCHEN,"Fathima manzil, opposite BATA, THULAVILA, Pappanamcode, Nemom, Thiruvananthapuram, Kerala 695020, India",+91 80899 83731,76.9890621,8.4658464,ChIJodTj4RW7BTsRiFKjiyP9Ekk,OPERATIONAL,https://www.google.com/maps/place/?q=place_id:ChIJodTj4RW7BTsRiFKjiyP9Ekk
Lake palace hotel,"CX8X+2VW, Vavvamoola Rd, Venganoor, Kerala 695523, India",,76.9997186,8.4151027,ChIJLXwbRAClBTsRFlPD1V88Tk8,CLOSED_TEMPORARILY,https://www.google.com/maps/place/?q=place_id:ChIJLXwbRAClBTsRFlPD1V88Tk8
Lal Hotel,"HW5F+39R, Kariyam, Sreekaryam, Thiruvananthapuram, Kerala 695017, India",+91 98461 91930,76.9233945,8.5577314,ChIJf3jM5S25BTsRf63YcgsqoTA,OPERATIONAL,https://www.google.com/maps/place/?q=place_id:ChIJf3jM5S25BTsRf63YcgsqoTA
Lalitha's Breakfast,"Nagar, Ponnara Bridge, Subhash Nagar, Thiruvananthapuram, Kerala 695008, India",,76.9337395,8.468437900000001,ChIJdfbw4VK7BTsR3hLJMJZuU80,OPERATIONAL,https://www.google.com/maps/place/?q=place_id:ChIJdfbw4VK7BTsR3hLJMJZuU80
Lamiya Food Palace,"Kundamonbhagam, Kundamonkadavu, Peyad, Kerala 695573, India",+91 97782 51525,77.0068038,8.5097684,ChIJKZuxMmu7BTsRzwbKcm0Zo6g,OPERATIONAL,https://www.google.com/maps/place/?q=place_id:ChIJKZuxMmu7BTsRzwbKcm0Zo6g
Lamiya RESTAURANT,"1759/4, Near Saraswathi Mandapam, Poojapura, Thiruvananthapuram, Kerala 695012, India",+91 94003 47770,76.9733456,8.4921287,ChIJDfQfTlC6BTsRg0DHO2jN9PY,OPERATIONAL,https://www.google.com/maps/place/?q=place_id:ChIJDfQfTlC6BTsRg0DHO2jN9PY
Lantern Grove Restaurant,"All India Radio Rd, opposite La posh, Cotton Hill, Vazhuthacaud, Thiruvananthapuram, Kerala 695014, India",+91 90483 99979,76.96001559999999,8.499817499999999,ChIJ5fArC5m7BTsRH81SfcFyNL8,OPERATIONAL,https://www.google.com/maps/place/?q=place_id:ChIJ5fArC5m7BTsRH81SfcFyNL8
Lantern Vista bbq restaurant,"Edayar, Poonthura, Thiruvananthapuram, Kerala 695027, India",,76.9538342,8.4391716,ChIJn9Xhf5elBTsRTWgKHOoHcr8,CLOSED_TEMPORARILY,https://www.google.com/maps/place/?q=place_id:ChIJn9Xhf5elBTsRTWgKHOoHcr8
Latha Hotel,"Latha Hotel, Perunalli junction, Vishnu Vihar, Muttathara, Thiruvananthapuram, Kerala 695008, India",,76.93653359999999,8.4672136,ChIJ9z54Fmy7BTsRPbpi7SQXR2I,OPERATIONAL,https://www.google.com/maps/place/?q=place_id:ChIJ9z54Fmy7BTsRPbpi7SQXR2I
Lathi hotel,"JX7W+7VC, Pazhakutty, Nedumangad, Kerala 695561, India",,76.9971308,8.6131812,ChIJoVwwhInHBTsR6xRGREpibSg,OPERATIONAL,https://www.google.com/maps/place/?q=place_id:ChIJoVwwhInHBTsR6xRGREpibSg
Le Arabia Restaurant,"City Chef Building, Rd, Bakery Junction, Bakery, Vazhuthacaud, Thiruvananthapuram, Kerala 695014, India",+91 471 406 7777,76.9550781,8.501851600000002,ChIJFTt7qLe7BTsREiPeMAOjiOM,CLOSED_TEMPORARILY,https://www.google.com/maps/place/?q=place_id:ChIJFTt7qLe7BTsREiPeMAOjiOM
Le Arabia Restaurant,"Enjakkal Bypass Road, Technopark Rd, Near Syndicate Bank, Kazhakkoottam, Thiruvananthapuram, Kerala 695582, India",+91 471 241 2999,76.875681,8.563456,ChIJ8dk6WP6-BTsRaE8dqjX-npc,OPERATIONAL,https://www.google.com/maps/place/?q=place_id:ChIJ8dk6WP6-BTsRaE8dqjX-npc
Le Capital Seafood & Grills,"Ground Floor, Chandrasekharan Nair Stadium, University of Kerala Senate House Campus, Palayam, Thiruvananthapuram, Kerala 695034, India",+91 80890 44494,76.9498799,8.5045615,ChIJEW3vsiq7BTsRtueoK6oYqHs,OPERATIONAL,https://www.google.com/maps/place/?q=place_id:ChIJEW3vsiq7BTsRtueoK6oYqHs
Le Lumiere Restaurant,"Law College Campus Rd, opp. Govt, Barton Hill, Barton Hill Colony, PMG, Thiruvananthapuram, Kerala 695035, India",+91 86067 20000,76.942309,8.5086967,ChIJR4Mhr_67BTsR19a_vLg8toI,OPERATIONAL,https://www.google.com/maps/place/?q=place_id:ChIJR4Mhr_67BTsR19a_vLg8toI
Lebanos Cafe,"AV Street, Vizhinjam - Balaramapuram Rd, Trivandrum, Balaramapuram, Kerala 695501, India",+91 99958 82363,77.04342810000001,8.4210163,ChIJYeqKXT2vBTsRSjxfOxRK40g,OPERATIONAL,https://www.google.com/maps/place/?q=place_id:ChIJYeqKXT2vBTsRSjxfOxRK40g
Lechu’s homely kitchen,"Aramada P.O 32, Konkalam, Kunnapuzha, Thiruvananthapuram, Kerala 695032, India",,76.9969338,8.488707,ChIJ4yW11WS7BTsR8HvAe15mpc4,CLOSED_TEMPORARILY,https://www.google.com/maps/place/?q=place_id:ChIJ4yW11WS7BTsR8HvAe15mpc4
Leef en eet - Sree Ramakrishna Hospital Canteen,"GX6G+X27, Sree Ramakrishna Mission Hospital Rd, Sasthamangalam, Thiruvananthapuram, Kerala 695010, India",,76.975062,8.5124105,ChIJZyp2wKq7BTsRCh5Aedm0j2o,OPERATIONAL,https://www.google.com/maps/place/?q=place_id:ChIJZyp2wKq7BTsRCh5Aedm0j2o
Lekshmi Foods,"02, Beach, Shangumukham, Vallakkadavu, Thiruvananthapuram, Kerala 695007, India",+91 88486 81420,76.9123214,8.4806324,ChIJm07BsRm9BTsRYI-4dGMx5Vg,OPERATIONAL,https://www.google.com/maps/place/?q=place_id:ChIJm07BsRm9BTsRYI-4dGMx5Vg
Lesson-01 Restaurants,"16th Stone Rd, Vattappara, Kerala 695028, India",+91 79079 94230,76.9466066,8.601507999999999,ChIJ5_Tpfiq5BTsRnIYLTK0m1Ks,OPERATIONAL,https://www.google.com/maps/place/?q=place_id:ChIJ5_Tpfiq5BTsRnIYLTK0m1Ks
Lia family restaurant,"Lia family restaurant, mullalavinmood, Aruvikkara, Kerala 695564, India",+91 81299 47578,77.0147515,8.5746349,ChIJKbGQOE63BTsRpUEogqjzQIk,OPERATIONAL,https://www.google.com/maps/place/?q=place_id:ChIJKbGQOE63BTsRpUEogqjzQIk
LILLY'S VEGETABLES,"SHOP NO. 1, LILLYS VEGETABLES, Thirumala-Thrikkannapuram Rd, opp. ROASTERS CHICKEN, Trikkannapuram, P O, Aramada, Kunnapuzha, Thiruvananthapuram, Kerala 695032, India",+91 92079 21799,77.0001587,8.4832296,ChIJJynZdlK7BTsRyH0EvpbZEUY,OPERATIONAL,https://www.google.com/maps/place/?q=place_id:ChIJJynZdlK7BTsRyH0EvpbZEUY
Live 'N Like Restaurant,"Kerala 695541, India",,77.0438885,8.5922324,ChIJc05SEbi3BTsRWj6lDr_IIS0,CLOSED_TEMPORARILY,https://www.google.com/maps/place/?q=place_id:ChIJc05SEbi3BTsRWj6lDr_IIS0
Live Chicken,"F26Q+F8C, Madanpara Rd, Valiyarthala, Kerala 695528, India",,77.0382573,8.461193399999999,ChIJBaYujC-xBTsR7tGPxcRJevU,OPERATIONAL,https://www.google.com/maps/place/?q=place_id:ChIJBaYujC-xBTsR7tGPxcRJevU
Loaded,"Upper Meridian Rd, Junction, Kuravankonam, Thiruvananthapuram, Kerala 695003, India",+91 85906 60960,76.9524892,8.5241762,ChIJ3YTPEAC7BTsRfziiFyPXfwg,OPERATIONAL,https://www.google.com/maps/place/?q=place_id:ChIJ3YTPEAC7BTsRfziiFyPXfwg
Loaded Arabia,"Loaded Arabia, Old Karakkamandapam, p.o, Nemom, Thiruvananthapuram, Kerala 695020, India",+91 95449 84146,76.9945503,8.461297199999999,ChIJrwSeRAC7BTsRPsZK8CBr-9U,OPERATIONAL,https://www.google.com/maps/place/?q=place_id:ChIJrwSeRAC7BTsRPsZK8CBr-9U
Lobster Pot Seafood Restaurant,"Kovalam, Thiruvananthapuram, Kerala 695527, India",+91 86060 62477,76.97361149999999,8.3982985,ChIJccq9mgelBTsRzxN77wvQWsc,OPERATIONAL,https://www.google.com/maps/place/?q=place_id:ChIJccq9mgelBTsRzxN77wvQWsc
LOCOMOMO,"LOCOMOMO Food Cart, J K Auditorium, Venjarammoodu Road, near Rajakumari Silks ops, Pothencode, Thiruvananthapuram, Kerala 695584, India",+91 85474 72738,76.8998038,8.6221278,ChIJcSP4NFbBBTsR2Y6kWQ7RcQ0,OPERATIONAL,https://www.google.com/maps/place/?q=place_id:ChIJcSP4NFbBBTsR2Y6kWQ7RcQ0
Longtime,"A 23, Jawahar Nagar, Sasthamangalam, Thiruvananthapuram, Kerala 695003, India",+91 98958 05888,76.9686772,8.5166085,ChIJj2PWi9i7BTsRjZvdcHUcyFE,OPERATIONAL,https://www.google.com/maps/place/?q=place_id:ChIJj2PWi9i7BTsRjZvdcHUcyFE
LORDS RESTAURANT,"Sreekaryam - Kulathoor Rd, Ambady Nagar, Thiruvananthapuram, Kerala 695017, India",+91 62350 10155,76.90654789999999,8.547716,ChIJrbG818e-BTsRs3TrLQXAf1U,OPERATIONAL,https://www.google.com/maps/place/?q=place_id:ChIJrbG818e-BTsRs3TrLQXAf1U
Lunch Box Medical college,"1st Floor, T.C 6/1367, Bhagavathy Plaza Pongummoodu Medical College, PO, Pongumoodu, Thiruvananthapuram, Kerala 695011, India",+91 22 5062 9448,76.9257545,8.5383067,ChIJ0feWk4y5BTsR7t03wPh6DIE,OPERATIONAL,https://www.google.com/maps/place/?q=place_id:ChIJ0feWk4y5BTsR7t03wPh6DIE
"Luv Cut Let, Sreekaryam","Snackmosphere, TC 4, Ground floor, Thakshasila, 2383(3, CET Road, PO, Pangappara, Thiruvananthapuram, Kerala 695581, India",+91 90748 72059,76.9063999,8.547674899999999,ChIJCwIqZBC_BTsR0VrKC355Fsc,OPERATIONAL,https://www.google.com/maps/place/?q=place_id:ChIJCwIqZBC_BTsR0VrKC355Fsc
M Food by Cauldron,"FXWJ+V88, Poojappura Main Rd, Poojapura, Thiruvananthapuram, Kerala 695012, India",+91 79074 04804,76.97618229999999,8.4944264,ChIJnZP2cAC7BTsRzH0YrtvQ1j8,CLOSED_TEMPORARILY,https://www.google.com/maps/place/?q=place_id:ChIJnZP2cAC7BTsRzH0YrtvQ1j8
M S Hotel,"G2GR+6CV Temple, Junction, Vilappilsala, Vilappil, Kerala 695573, India",+91 97447 34473,77.041044,8.525611,ChIJJUlfWcywBTsRcIb4SMxu-M4,OPERATIONAL,https://www.google.com/maps/place/?q=place_id:ChIJJUlfWcywBTsRcIb4SMxu-M4
M.C.Fast Food,"Monvila, P.O, Kulathoor, Thiruvananthapuram, Kerala 695583, India",+91 95679 35235,76.8948125,8.5438125,ChIJ0SihYJW-BTsRLxqX-AVS9qg,OPERATIONAL,https://www.google.com/maps/place/?q=place_id:ChIJ0SihYJW-BTsRLxqX-AVS9qg
M.R HOTEL,"F2RM+J4P, Thirumala Peyad Malayinkeezhu Rd, Palottuvila, Malayinkeezh, Kerala 695571, India",+91 94477 71792,77.0328176,8.4915825,ChIJmRjvvYywBTsReiJb9oPDg5I,OPERATIONAL,https://www.google.com/maps/place/?q=place_id:ChIJmRjvvYywBTsReiJb9oPDg5I
M.S.N. Hotel and Fast Food,"Kurisadi Road, Manvila, Sreekariyam - Kazhakuttam Rd, Ambady Nagar, Thiruvananthapuram, Kerala 695016, India",+91 96563 87103,76.90425929999999,8.5463801,ChIJb0O-m8e-BTsRNpwAawI-JmQ,OPERATIONAL,https://www.google.com/maps/place/?q=place_id:ChIJb0O-m8e-BTsRNpwAawI-JmQ
M.S.No.1 Chat center,"GVHP+P5V, Thiruvananthapuram Byp, Karimanal, Kulathoor, Thiruvananthapuram, Kerala 695583, India",,76.8854218,8.529449300000001,ChIJp7bUEJG_BTsRl1a-NRUPQmo,OPERATIONAL,https://www.google.com/maps/place/?q=place_id:ChIJp7bUEJG_BTsRl1a-NRUPQmo
MAA Hotel,"F22M+47Q, near Vidhyasagar, Naruvamoodu, Pallichal, Kerala 695528, India",,77.03322519999999,8.4503325,ChIJv-cBcluxBTsRekXf7pgS6GM,OPERATIONAL,https://www.google.com/maps/place/?q=place_id:ChIJv-cBcluxBTsRekXf7pgS6GM
Maangadans Fish Mart,"Gurupadam Complex , Kuzhivila Junction , Near, Post Office, Karimanal, Thiruvananthapuram, Kerala 695583, India",+91 94959 37777,76.8912684,8.5241425,ChIJzZsAtSC_BTsRRqEYT2Odi54,OPERATIONAL,https://www.google.com/maps/place/?q=place_id:ChIJzZsAtSC_BTsRRqEYT2Odi54
Maaris DOSA PLAZA,"HWFG+75J, Society Junction, Powdikonam, Thiruvananthapuram, Uliyazhathura, Kerala 695588, India",,76.92538569999999,8.573224399999999,ChIJhXPABgC5BTsRV8TNybCKBdk,OPERATIONAL,https://www.google.com/maps/place/?q=place_id:ChIJhXPABgC5BTsRV8TNybCKBdk
Mabroog RESTAURANT,"Elankathu Nagar, Valiyavila, Thiruvananthapuram, Kerala 695006, India",,76.9984656,8.506839099999999,ChIJOwnQoxK6BTsRfNSGH3kI7Z4,OPERATIONAL,https://www.google.com/maps/place/?q=place_id:ChIJOwnQoxK6BTsRfNSGH3kI7Z4
Mabrooq hotel,"FXPM+P9J, Mudavanmugal, Kesari Nagar, Poojapura, Thiruvananthapuram, Kerala 695012, India",,76.9834063,8.4868697,ChIJp1xLFgC7BTsRc_KE5gHh_Q0,OPERATIONAL,https://www.google.com/maps/place/?q=place_id:ChIJp1xLFgC7BTsRc_KE5gHh_Q0
Macanio Resto Cafe,"CPT Junction, CPT, Nettayam, Thiruvananthapuram, Kerala 695013, India",+91 99955 16270,76.9908749,8.5356215,ChIJTyYaWie5BTsRNEGk_5-Z1Yo,OPERATIONAL,https://www.google.com/maps/place/?q=place_id:ChIJTyYaWie5BTsRNEGk_5-Z1Yo
MACHAN'S THATTUKADA,"SHOP NO 1, MACHANS THATTUKADA, KANNAMMOOLA ROAD, opp. ST THOMAS CHURCH, Kumarapuram, Thiruvananthapuram, Kerala 695011, India",+91 99471 44966,76.9283118,8.5174927,ChIJc2asiDm7BTsRbp_ELjSsCx8,OPERATIONAL,https://www.google.com/maps/place/?q=place_id:ChIJc2asiDm7BTsRbp_ELjSsCx8
Mackaachi's Payasakada മക്കാച്ചിയുടെ പായസക്കട,"GX9C+5WQ, Jawahar Nagar, Sasthamangalam, Thiruvananthapuram, Kerala 695010, India",+91 96451 47158,76.9723602,8.5179219,ChIJjWBeVAC7BTsRbNZqCTie40c,OPERATIONAL,https://www.google.com/maps/place/?q=place_id:ChIJjWBeVAC7BTsRbNZqCTie40c
Madhu chapati corner,"FXJ9+37W, Thaliyal Rd, Karamana, Thiruvananthapuram, Kerala 695002, India",+91 94964 43244,76.96821179999999,8.480237899999999,ChIJ2x3r2Eu7BTsRkMKQ1kRtOPA,OPERATIONAL,https://www.google.com/maps/place/?q=place_id:ChIJ2x3r2Eu7BTsRkMKQ1kRtOPA
Madhu's Kitchen,"Tennis Club Enclave Rd, Kowdiar, Thiruvananthapuram, Kerala 695003, India",+91 70125 58560,76.96167799999999,8.5191125,ChIJX7gO27q7BTsRZd-yxvuaMtw,OPERATIONAL,https://www.google.com/maps/place/?q=place_id:ChIJX7gO27q7BTsRZd-yxvuaMtw
Madhuvan,"SMRA 86, Hospital Rd, Sasthamangalam, Thiruvananthapuram, Kerala 695010, India",+91 73060 71741,76.97534259999999,8.5125274,ChIJM__e_ZO7BTsRo1opEy4KpO0,OPERATIONAL,https://www.google.com/maps/place/?q=place_id:ChIJM__e_ZO7BTsRo1opEy4KpO0
MADINAH BIRIYANI HOTEL,"Sewage Farm, Valiyathura, Thiruvananthapuram, Kerala 695008, India",+91 70124 75140,76.9322282,8.4676346,ChIJ152RQAC7BTsR8MeO7WO9ctE,OPERATIONAL,https://www.google.com/maps/place/?q=place_id:ChIJ152RQAC7BTsR8MeO7WO9ctE
Madras Majestic 1963,"opp. MLA Hostel, University of Kerala Senate House Campus, Palayam, Thiruvananthapuram, Kerala 695034, India",+91 79949 61963,76.9498133,8.5036001,ChIJ3Va7X4e7BTsRj8iXLas4xKc,OPERATIONAL,https://www.google.com/maps/place/?q=place_id:ChIJ3Va7X4e7BTsRj8iXLas4xKc
Maggi meets momos,"GWCJ+Q34, M G College Rd, Sree Nagar, Kesavadasapuram, Thiruvananthapuram, Kerala 695004, India",,76.9302026,8.5218962,ChIJj2UbJAC5BTsRSAoKa1B0cJI,OPERATIONAL,https://www.google.com/maps/place/?q=place_id:ChIJj2UbJAC5BTsRSAoKa1B0cJI
MAGIC KITCHEN,"G254+WRC, കുണ്ടമൺകടവ്, Peyad, Kerala 695573, India",,77.0070159,8.5098074,ChIJGxG1OQC7BTsRUWJXCN_3S_c,OPERATIONAL,https://www.google.com/maps/place/?q=place_id:ChIJGxG1OQC7BTsRUWJXCN_3S_c
Magic Momos,"Thampuranmukku, Kulathoor, Thiruvananthapuram, Kerala 695583, India",+91 97782 77878,76.8854988,8.5294302,ChIJsVlSnDC_BTsRgrpzaMl4y7k,OPERATIONAL,https://www.google.com/maps/place/?q=place_id:ChIJsVlSnDC_BTsRgrpzaMl4y7k
Mahadeva Hotel,"near, G2CQ+VMH, police, Vilappilsala, Vilappil, Kerala 695573, India",,77.0392385,8.5221912,ChIJ3YqnYQCxBTsRrxSarO81_mg,CLOSED_TEMPORARILY,https://www.google.com/maps/place/?q=place_id:ChIJ3YqnYQCxBTsRrxSarO81_mg
Mahadevan Lucky Centre,"Mahadevan Lucky Centre, Alathara, Aakkulam, Thiruvananthapuram, Kerala 695017, India",+91 94460 07015,76.90431149999999,8.5344295,ChIJcbxggRq_BTsRAD429JObfK0,OPERATIONAL,https://www.google.com/maps/place/?q=place_id:ChIJcbxggRq_BTsRAD429JObfK0
Mahalekshmi Hotel,"CXPH+MQV, Palappooru, Thiruvananthapuram, Kerala 695522, India",,76.97940849999999,8.436739,ChIJ9ZlqSQClBTsRvmuJ4JvvB0o,OPERATIONAL,https://www.google.com/maps/place/?q=place_id:ChIJ9ZlqSQClBTsRvmuJ4JvvB0o
Maideen Restaurant and Thattukada,"Keltron Junction, Karakulam, Thiruvananthapuram, Kerala 695564, India",+91 98954 70507,76.98990189999999,8.5695225,ChIJM5fS5Ou5BTsRB62mpBGU2Eo,OPERATIONAL,https://www.google.com/maps/place/?q=place_id:ChIJM5fS5Ou5BTsRB62mpBGU2Eo
Majeedikkante Mutton Kada,"HXPW+X4W, 10nth mile stone - mulamukku - venkode - vattappara Rd, Azhicode, Kerala 695541, India",,76.9953275,8.5875057,ChIJh4dRNQC5BTsR95W2zaW2auc,OPERATIONAL,https://www.google.com/maps/place/?q=place_id:ChIJh4dRNQC5BTsR95W2zaW2auc
Major Fast food,"Ambalathunada, Mukkola, Nullinada, Thiruvananthapuram, Kerala 695043, India",,76.9498525,8.5567286,ChIJpfjtDci5BTsRB3qh2ZewEdI,CLOSED_TEMPORARILY,https://www.google.com/maps/place/?q=place_id:ChIJpfjtDci5BTsRB3qh2ZewEdI
Makkani,"Sreekariyam - Pothencode Rd, Pothencode, Kerala 695584, India",,76.8970252,8.6153341,ChIJ9_-TJqLABTsRHSebi0_BNMA,OPERATIONAL,https://www.google.com/maps/place/?q=place_id:ChIJ9_-TJqLABTsRHSebi0_BNMA
Malabar BitEs,"GWCH+6PV Medical College Junction, Chalakkuzhi, Thiruvananthapuram, Kerala 695033, India",+91 95671 94354,76.9293101,8.5206147,ChIJy4CptEO7BTsRLNTSoyqMRmg,OPERATIONAL,https://www.google.com/maps/place/?q=place_id:ChIJy4CptEO7BTsRLNTSoyqMRmg
Malabar Bites,"Kowdiar, Residents Association, C Ln, Kuravankonam, Thiruvananthapuram, Kerala 695003, India",+91 79 4710 9248,76.9558409,8.5234801,ChIJ48QVjaq7BTsRAmOXrRJyyAg,OPERATIONAL,https://www.google.com/maps/place/?q=place_id:ChIJ48QVjaq7BTsRAmOXrRJyyAg
MALABAR BITES RESTAURANT,"Kumarapuram Rd, Krishna Vihar, Kumarapuram, Thiruvanthapuram, Thiruvananthapuram, Kerala 695011, India",+91 85907 25556,76.925232,8.5142212,ChIJZTsldUW7BTsRhR0rPvHFnwE,OPERATIONAL,https://www.google.com/maps/place/?q=place_id:ChIJZTsldUW7BTsRhR0rPvHFnwE
Malabar Box,"Arappura Elipode Rd, PTP Nagar, Arappuramukku, Thiruvananthapuram, Kerala 695006, India",+91 82969 13991,76.9929319,8.5096128,ChIJeXcS3sO7BTsRdWF5xUIGXQI,OPERATIONAL,https://www.google.com/maps/place/?q=place_id:ChIJeXcS3sO7BTsRdWF5xUIGXQI
Malabar express thattukada,"35/399-2, Valiyathura - Muttathara Rd, Sewage Farm, Vallakkadavu, Thiruvananthapuram, Kerala 695008, India",+91 94472 36439,76.9329166,8.4679058,ChIJmwg04OO7BTsRNSnYimjsBVw,OPERATIONAL,https://www.google.com/maps/place/?q=place_id:ChIJmwg04OO7BTsRNSnYimjsBVw
Malabar Express Thattukada,"FW9M+557, Valiyathura - Muttathara Rd, Sewage Farm, Vallakkadavu, Thiruvananthapuram, Kerala 695008, India",+91 95674 66074,76.9328725,8.467934,ChIJkZ2_CAC7BTsRiRPstoUiX3k,OPERATIONAL,https://www.google.com/maps/place/?q=place_id:ChIJkZ2_CAC7BTsRiRPstoUiX3k
MALABAR FAMILY RESTAURANT,"Peyad, Kerala 695573, India",,77.025413,8.5092301,ChIJS5pArb2wBTsR8kUpgoE22Qg,OPERATIONAL,https://www.google.com/maps/place/?q=place_id:ChIJS5pArb2wBTsR8kUpgoE22Qg
Malabar fastfood,"FWF9+RWP, Vallakkadavu, Thiruvananthapuram, Kerala 695008, India",,76.91982279999999,8.4745898,ChIJa9kyKGa7BTsRtLKNhatNs7k,OPERATIONAL,https://www.google.com/maps/place/?q=place_id:ChIJa9kyKGa7BTsRtLKNhatNs7k
Malabar Hotel,"FX87+VHJ, Kalady, Thaliyal, Thiruvananthapuram, Kerala 695002, India",+91 90370 37910,76.96389649999999,8.4672197,ChIJre3ilrm7BTsRujsv5ZUh5Hg,OPERATIONAL,https://www.google.com/maps/place/?q=place_id:ChIJre3ilrm7BTsRujsv5ZUh5Hg
Malabar hotel,"FWW5+959, Palayam Airport Rd, Vettukadu, Thiruvananthapuram, Kerala 695007, India",,76.90801139999999,8.4959297,ChIJj8HRMQC9BTsRVV_wN7cAnro,OPERATIONAL,https://www.google.com/maps/place/?q=place_id:ChIJj8HRMQC9BTsRVV_wN7cAnro
Malabar Hotel,"GX4C+P3V, Kochar Rd, Road, Althara Nagar, Edapazhanji, Thiruvananthapuram, Kerala 695010, India",+91 95673 64111,76.9697169,8.5059551,ChIJaTtnPMS7BTsRGLz_4iGCmLc,OPERATIONAL,https://www.google.com/maps/place/?q=place_id:ChIJaTtnPMS7BTsRGLz_4iGCmLc
Malabar Kitchen,"MalabaR Kitchen, opp. to Police Station, Aakkulam, Thiruvananthapuram, Kerala 695011, India",,76.92956509999999,8.5214343,ChIJ-wyDzfy7BTsRMt55611J69c,OPERATIONAL,https://www.google.com/maps/place/?q=place_id:ChIJ-wyDzfy7BTsRMt55611J69c
Malabar Qissa,"Technovalley, NH 66, near UST global campus, Kulathoor, Thiruvananthapuram, Kerala 695583, India",+91 75949 43666,76.8808973,8.5358662,ChIJP_PWzAK_BTsRibpn8sMriRs,OPERATIONAL,https://www.google.com/maps/place/?q=place_id:ChIJP_PWzAK_BTsRibpn8sMriRs
Malabar Tea Shop,"GWWV+9W4, Nalanchira, Paruthippara, Thiruvananthapuram, Kerala 695015, India",,76.944849,8.5459222,ChIJQc43TwC5BTsRFMMOJgD0LxQ,CLOSED_TEMPORARILY,https://www.google.com/maps/place/?q=place_id:ChIJQc43TwC5BTsRFMMOJgD0LxQ
Malibu Club cafe,"By pass road, opposite to Infosys Medanada, Kulathoor, Thiruvananthapuram, Kerala 695583, India",+91 73566 70157,76.8824858,8.5328169,ChIJpS98GNK_BTsR1bAZhC9MQjA,OPERATIONAL,https://www.google.com/maps/place/?q=place_id:ChIJpS98GNK_BTsR1bAZhC9MQjA
Mallu Singh's Dhaba,"Peyad-Cherukode Rd, Vilappil, Thiruvananthapuram, Kerala 695573, India",+91 96331 33320,77.0310512,8.5154779,ChIJ1-cWXYmxBTsRpEU6mLT1aVs,OPERATIONAL,https://www.google.com/maps/place/?q=place_id:ChIJ1-cWXYmxBTsRpEU6mLT1aVs
Mammathalinte Chaaya Kada,"CXR5+685, Pachalloor Punkulam Rd, Pachalloor, Thiruvananthapuram, Kerala 695027, India",,76.95830819999999,8.440472999999999,ChIJtwzj-Rq7BTsRdaGagO0bbrQ,OPERATIONAL,https://www.google.com/maps/place/?q=place_id:ChIJtwzj-Rq7BTsRdaGagO0bbrQ
Mammus Fast Food,"near KIMS Health, Vattiyoorkavu, Thiruvananthapuram, Kerala 695013, India",+91 98479 49432,76.9875158,8.523808299999999,ChIJZQGvcPW5BTsRLf_C9MFsnS8,OPERATIONAL,https://www.google.com/maps/place/?q=place_id:ChIJZQGvcPW5BTsRLf_C9MFsnS8
Manakeesh Arabian Grills,"Sainik School Kazhakootam, Amballoor, Chanthavila, Kerala 695585, India",+91 97786 08660,76.8760465,8.5874581,ChIJq4tSvPG_BTsRMUhB3utIUpI,OPERATIONAL,https://www.google.com/maps/place/?q=place_id:ChIJq4tSvPG_BTsRMUhB3utIUpI
MANARD FOODS,"Surya Rd, opposite Pereppadans gold park, Pazhavadi, Nedumangad, Kerala 695541, India",,77.003908,8.6040903,ChIJ9Qe1ZBG5BTsR4M6tv9ueeuw,OPERATIONAL,https://www.google.com/maps/place/?q=place_id:ChIJ9Qe1ZBG5BTsR4M6tv9ueeuw
Manchatti Restaurant,"Pipinmoodu Jct, Pipinmoodu, Thiruvananthapuram, Kerala 695010, India",+91 95398 69393,76.9721217,8.5190054,ChIJN5PTJLe7BTsRyRXhgHgCFUU,OPERATIONAL,https://www.google.com/maps/place/?q=place_id:ChIJN5PTJLe7BTsRyRXhgHgCFUU
Manchattiyile Pazhamkanji Kada,"FW9M+52G S/9848, Park, Priyadarsini Nagar, Vallakkadavu, Thiruvananthapuram, Kerala 695008, India",,76.932445,8.4678712,ChIJfWXUSQC7BTsRByZQG3GK0Mc,OPERATIONAL,https://www.google.com/maps/place/?q=place_id:ChIJfWXUSQC7BTsRByZQG3GK0Mc
MANDAL TEA SHOP,"MANDAL BUILDING, Kaakkamoola - Poonkulam Rd, Kerala 695042, India",+91 89679 88121,77.0006192,8.4262158,ChIJv2D9M1WlBTsRaSMCUDOX2bY,CLOSED_TEMPORARILY,https://www.google.com/maps/place/?q=place_id:ChIJv2D9M1WlBTsRaSMCUDOX2bY
Mandhi and Grills,"FWW2+334, Veli Sanghumugham Rd, Balanagar, Vettukadu, Thiruvananthapuram, Kerala 69502, India",,76.9002095,8.4951371,ChIJ_5J6SgC9BTsRVAb7OJ0kWS0,OPERATIONAL,https://www.google.com/maps/place/?q=place_id:ChIJ_5J6SgC9BTsRVAb7OJ0kWS0
MANDI MANZIL,"Mettukada, juction, Thiruvananthapuram, Kerala 695014, India",+91 95440 22055,76.9586281,8.490492,ChIJDYS60Hi7BTsRc1rNKecpS-k,OPERATIONAL,https://www.google.com/maps/place/?q=place_id:ChIJDYS60Hi7BTsRc1rNKecpS-k
MANDI MANZIL,"Service Rd, Technopark Campus, Kazhakkoottam, Thiruvananthapuram, Kerala 695583, India",+91 85920 22055,76.8775046,8.5514618,ChIJLaBZuNq_BTsRZfkAx34r474,OPERATIONAL,https://www.google.com/maps/place/?q=place_id:ChIJLaBZuNq_BTsRZfkAx34r474
Mandi Manzil,"Thripadappuram Rd, Ambalathinkara, Thiruvananthapuram, Kerala 695582, India",,76.8795655,8.5650846,ChIJDTFiYAC_BTsRogedMMQsktw,OPERATIONAL,https://www.google.com/maps/place/?q=place_id:ChIJDTFiYAC_BTsRogedMMQsktw
MANDI MANZIL ULLOOR,"Medical College Ulloor Rd, P T Chacko Nagar, Ulloor, Thiruvananthapuram, Kerala 695011, India",+91 85890 22055,76.93066139999999,8.529581799999999,ChIJ-2EMSXW5BTsRX8_X61PcyxQ,OPERATIONAL,https://www.google.com/maps/place/?q=place_id:ChIJ-2EMSXW5BTsRX8_X61PcyxQ
Mangattukadavu Nadan Thattukada,"F2X4+H8V, Mangattukadavu Thirumala Rd, Mangattukadavu, Perukavu, Kerala 695573, India",,77.00578999999999,8.498994999999999,ChIJd8K46W67BTsRyL6LWU2c5_E,OPERATIONAL,https://www.google.com/maps/place/?q=place_id:ChIJd8K46W67BTsRyL6LWU2c5_E
Mani Hotel,"C25P+M86, Vizhinjam - Balaramapuram Rd, Mangalathukonam, Venganoor, Kerala 695501, India",,77.03575599999999,8.4091502,ChIJG1cH3aKvBTsRfiGAU9eE-cs,CLOSED_TEMPORARILY,https://www.google.com/maps/place/?q=place_id:ChIJG1cH3aKvBTsRfiGAU9eE-cs
Mani Mess,"TC 40, 540, 3rd Puthen St, near mani fashion jewellwers, Muttathara, Thiruvananthapuram, Kerala 695009, India",+91 94477 05775,76.94412899999999,8.4774239,ChIJu8JYeAu7BTsRYp-Ry33gnvo,OPERATIONAL,https://www.google.com/maps/place/?q=place_id:ChIJu8JYeAu7BTsRYp-Ry33gnvo
Manikkal Restaurant,"HXGW+2P3, Azhikode, Azhicode Junction, Azhicode, Kerala 695564, India",+91 97449 66572,76.99679259999999,8.575020199999999,ChIJjbU8k6e5BTsRJEv53Tejaig,OPERATIONAL,https://www.google.com/maps/place/?q=place_id:ChIJjbU8k6e5BTsRJEv53Tejaig
MANITHATTU thattukada,"CX2F+P84, GV Raja Rd, Kovalam, Thiruvananthapuram, Kerala 695527, India",,76.9733292,8.401764199999999,ChIJF1qyermlBTsRqO7JBj0htTU,OPERATIONAL,https://www.google.com/maps/place/?q=place_id:ChIJF1qyermlBTsRqO7JBj0htTU
Manna masala dhosha verity,"C2FF+R2J, Kalliyoor, Kerala 695042, India",,77.0225337,8.4246196,ChIJ4bgbbQCvBTsRMNjBo7Lb5Go,CLOSED_TEMPORARILY,https://www.google.com/maps/place/?q=place_id:ChIJ4bgbbQCvBTsRMNjBo7Lb5Go
Manna masala dosa variety,"C2FF+W22, Pallichal Punnamoodu Rd, Vedivachankoil, Pallichal, Kerala 695501, India",,77.0225133,8.424767200000002,ChIJxRzYWACvBTsRYwpodGQpof0,CLOSED_TEMPORARILY,https://www.google.com/maps/place/?q=place_id:ChIJxRzYWACvBTsRYwpodGQpof0
Mannamkonam,"GXR5+GPC, Durga Nagar, Peroorkada, Thiruvananthapuram, Kerala 695005, India",,76.9592651,8.541303899999999,ChIJ239gWQC5BTsRxVP2VdexTu0,OPERATIONAL,https://www.google.com/maps/place/?q=place_id:ChIJ239gWQC5BTsRxVP2VdexTu0
Mannan Hotel,"Flat No 2, Heera Havens, Attinkuzhi, Kulathoor, Thiruvananthapuram, Kerala 695583, India",,76.8814874,8.5410276,ChIJF6FgHQC_BTsRbv8RIZta2oI,OPERATIONAL,https://www.google.com/maps/place/?q=place_id:ChIJF6FgHQC_BTsRbv8RIZta2oI
Mannan uncle,"HW6V+J3P, Mannanthala, Thiruvananthapuram, Kerala 695015, India",,76.9426975,8.5615765,ChIJg2mYNwC5BTsRuGlX6TQGXIs,CLOSED_TEMPORARILY,https://www.google.com/maps/place/?q=place_id:ChIJg2mYNwC5BTsRuGlX6TQGXIs
Mannans Hotel,"Kulathoor, Thiruvananthapuram, Kerala 695583, India",+91 99954 34704,76.8840207,8.5305473,ChIJpwavsI2-BTsRad19gtq8Ckw,OPERATIONAL,https://www.google.com/maps/place/?q=place_id:ChIJpwavsI2-BTsRad19gtq8Ckw
Marhaba Biryani Kada,"FW7X+8W5, Kallattumukku, Thiruvananthapuram, Kerala 695009, India",+91 95676 40164,76.9498072,8.463222,ChIJ-bt8b3u7BTsRJo4maPPFOvA,OPERATIONAL,https://www.google.com/maps/place/?q=place_id:ChIJ-bt8b3u7BTsRJo4maPPFOvA
Marhaba Fast Food,"GX4V+GRW, Thirumala, Thiruvananthapuram, Kerala 695006, India",+91 94465 62562,76.9945773,8.506357600000001,ChIJt5dyOBO6BTsRffJTuWrHIDA,OPERATIONAL,https://www.google.com/maps/place/?q=place_id:ChIJt5dyOBO6BTsRffJTuWrHIDA
MARHABA MASALA DUM BIRYANI,"MARHABA MASALA DUM BIRYANI, ANGANVADI, Kazhakoottam - Thaikod Rd, near ARIYOTTUKONAM, Thiruvananthapuram, Kerala 695584, India",+91 80759 45899,76.8872899,8.6075083,ChIJnzbV5CS_BTsRnRO9ts6YW5I,OPERATIONAL,https://www.google.com/maps/place/?q=place_id:ChIJnzbV5CS_BTsRnRO9ts6YW5I
Marhaba restaurant,"Maruthankuzhi Bridge, near chethana skin care, Maruthumkuzhi, Thiruvananthapuram, Kerala 695030, India",+91 82815 85537,76.9789827,8.513607799999999,ChIJH3ksxjO6BTsRS2OJs1JusYs,OPERATIONAL,https://www.google.com/maps/place/?q=place_id:ChIJH3ksxjO6BTsRS2OJs1JusYs
Marhaba Restaurant and Takeaway,"Sasthamangalam - Pipinmoodu Rd, near Indian express, Pipinmoodu, Sasthamangalam, Thiruvananthapuram, Kerala 695010, India",+91 90377 70351,76.97356289999999,8.5161135,ChIJA6Cvv1O7BTsRS1wBSyNlsSg,OPERATIONAL,https://www.google.com/maps/place/?q=place_id:ChIJA6Cvv1O7BTsRS1wBSyNlsSg
Mariyam FOOD,"FX3X+FP7, Nemom Punnamoodu Rd, Santhivila, Kerala 695020, India",,76.99928129999999,8.4536528,ChIJHSbrNqW6BTsRKuld29_zjn0,OPERATIONAL,https://www.google.com/maps/place/?q=place_id:ChIJHSbrNqW6BTsRKuld29_zjn0
Masala Restaurant,"FWRC+237, Trivandrum Int'l Airport Entrance 2 Rd, Chacka, Thiruvananthapuram, Kerala 695024, India",+91 94964 49462,76.9201622,8.4900408,ChIJLR3GoYe7BTsRVq2Cfib6Coo,OPERATIONAL,https://www.google.com/maps/place/?q=place_id:ChIJLR3GoYe7BTsRVq2Cfib6Coo
MASALA SQUARE MOTTAMOOD,"MASALA SQUARE 2 BUILDING, 65/7 Pravachambalam, Pallichal Mottamoodu Road, Mottamoodu, Thiruvananthapuram, Pallichal, Kerala 695020, India",+91 88910 49416,77.0256631,8.449756899999999,ChIJ8S3xv4OxBTsRXuB6Gozl1E8,OPERATIONAL,https://www.google.com/maps/place/?q=place_id:ChIJ8S3xv4OxBTsRXuB6Gozl1E8
Master Kitchen,"Master kitchen, Thamalam Rd, Shastri Nagar, Poojapura, Thiruvananthapuram, Kerala 695012, India",,76.9807843,8.480668399999999,ChIJ4VwzsrS7BTsRlmY3q5bL0Pg,CLOSED_TEMPORARILY,https://www.google.com/maps/place/?q=place_id:ChIJ4VwzsrS7BTsRlmY3q5bL0Pg
Matbakh Al Laila Multi Cuisine Restaurant- Plamoodu,"Plamood, opp. Ather Showroom, Plamoodu Thekkumoodu Residents Association, Plammoodu, Thiruvananthapuram, Kerala 695004, India",+91 471 400 0003,76.9456699,8.514211999999999,ChIJi4CsScO7BTsR9DfIoD3sCN8,OPERATIONAL,https://www.google.com/maps/place/?q=place_id:ChIJi4CsScO7BTsR9DfIoD3sCN8
MATHA CHICKEN STALL,"Devapalan Nagar, Ambalamukku, Thiruvananthapuram, Kerala 695005, India",+91 89216 54596,76.96294189999999,8.532665699999999,ChIJndmg9tO5BTsR8V2mboNSw0o,OPERATIONAL,https://www.google.com/maps/place/?q=place_id:ChIJndmg9tO5BTsR8V2mboNSw0o
MATHA MEAT STALL,"matha Store, near anugraha matha church, Ayanimoodu, Vedivachankoil, Thiruvananthapuram, Pallichal, Kerala 695501, India",+91 81398 70049,77.0254032,8.4358434,ChIJQ6e6oq-vBTsR1vyNuSdMzPY,OPERATIONAL,https://www.google.com/maps/place/?q=place_id:ChIJQ6e6oq-vBTsR1vyNuSdMzPY
matsyafed (മത്സ്യഫെഡ്) snack and tea stall - By Kerala Fisheries Department,"FWJ6+9W8, Shangumukham, Kannanthura, Thiruvananthapuram, Kerala 695007, India",,76.9122979,8.4808513,ChIJAf5yQQC9BTsRCG8dVMVQzfc,OPERATIONAL,https://www.google.com/maps/place/?q=place_id:ChIJAf5yQQC9BTsRCG8dVMVQzfc
Maya's kitchen,"F233+X62, Nemom, Kerala 695020, India",,77.0029541,8.4548829,ChIJYSj6PgC7BTsRAkyet_Kb1O8,OPERATIONAL,https://www.google.com/maps/place/?q=place_id:ChIJYSj6PgC7BTsRAkyet_Kb1O8
Mayura Hotel,"CXWR+8R7, Nemom Punnamoodu Rd, Vellayani, Near Vellayani Temple, Thiruvananthapuram, Kerala 695020, India",+91 93877 70863,76.9920439,8.4457949,ChIJVbgEGrS6BTsRMRulFXL5r7U,CLOSED_TEMPORARILY,https://www.google.com/maps/place/?q=place_id:ChIJVbgEGrS6BTsRMRulFXL5r7U
Mazaq foods,"Parackodu, Chempazhanthy, Thiruvananthapuram, Kerala 695587, India",+91 96564 61394,76.9130362,8.5712758,ChIJX-HJIFy_BTsRUwLrpTuK32o,OPERATIONAL,https://www.google.com/maps/place/?q=place_id:ChIJX-HJIFy_BTsRUwLrpTuK32o
McDonald's,"Mall of Travancore, Chakkai Junction, Eanchakkal, Thiruvananthapuram, Kerala 695024, India",+91 89283 04330,76.9260384,8.4874862,ChIJt38awfC7BTsRVu7t6EebEXI,OPERATIONAL,https://www.google.com/maps/place/?q=place_id:ChIJt38awfC7BTsRVu7t6EebEXI
McDonald's,"Unit No. l 02, LuLu Mall, Kochuveli, Thiruvananthapuram, Kerala 695029, India",+91 93728 24472,76.8975665,8.5154459,ChIJN5t6A6K9BTsRlIxCvYrkrRo,OPERATIONAL,https://www.google.com/maps/place/?q=place_id:ChIJN5t6A6K9BTsRlIxCvYrkrRo
McDonald's,"TC 15/4558, John's Tower, 1),(2),(3, Kesavadasapuram Rd, NSP Nagar, Pattom, Thiruvananthapuram, Kerala 695004, India",+91 74000 60932,76.93906129999999,8.5282729,ChIJ3QlxMeC5BTsRkaEbScnUxDE,OPERATIONAL,https://www.google.com/maps/place/?q=place_id:ChIJ3QlxMeC5BTsRkaEbScnUxDE
McDonald’s,"Service Rd, Kulathoor, Thiruvananthapuram, Kerala 695583, India",+91 93219 38415,76.8772391,8.550514699999999,ChIJHcqMI16_BTsRJdpLho7raEQ,OPERATIONAL,https://www.google.com/maps/place/?q=place_id:ChIJHcqMI16_BTsRJdpLho7raEQ
MEAT POINT,"Barton Hill Colony, Kunnukuzhy, Thiruvananthapuram, Kerala 695035, India",,76.93889639999999,8.5064355,ChIJn1UxVuq7BTsRPVamEoAZu8g,OPERATIONAL,https://www.google.com/maps/place/?q=place_id:ChIJn1UxVuq7BTsRPVamEoAZu8g
Meat vault,"Maruthankuzhi, Thiruvananthapuram, Kerala 695030, India",+91 77360 65954,76.97869399999999,8.5136805,ChIJxy5EP5O7BTsR-UESXyxMzAs,OPERATIONAL,https://www.google.com/maps/place/?q=place_id:ChIJxy5EP5O7BTsR-UESXyxMzAs
Medayil Tower,"FX7R+W77, Karakkamandapam, Nemom, Kerala 695020, India",,76.9906632,8.4647926,ChIJEeK6rpW6BTsRGtPHyxg6KdY,CLOSED_TEMPORARILY,https://www.google.com/maps/place/?q=place_id:ChIJEeK6rpW6BTsRGtPHyxg6KdY
MEENA'S BAKERY & CAFE,"MAIN ROAD , BALARAMAPURAM, C2GV+Q2R, Trivandrum - Nagercoil Hwy, Balaramapuram, Pallichal, Kerala 695501, India",+91 80864 02233,77.04252249999999,8.4271082,ChIJW1qRpbuvBTsRMRQ48Jt-dow,OPERATIONAL,https://www.google.com/maps/place/?q=place_id:ChIJW1qRpbuvBTsRMRQ48Jt-dow
MEENAKSHY CAFE,"Janashakthi Nagar, Pongumoodu, Thiruvananthapuram, Kerala 695011, India",+91 62820 50482,76.9235308,8.542028799999999,ChIJYUyUhQq5BTsR7xlLyVZl0WU,OPERATIONAL,https://www.google.com/maps/place/?q=place_id:ChIJYUyUhQq5BTsR7xlLyVZl0WU
MEH Canteen,"FXXM+3X2, Army Quarters Rd, Kesari Nagar, Pangodu, Thiruvananthapuram, Kerala 695006, India",,76.9849006,8.497641999999999,ChIJQweeUUK6BTsRwVxLtXAaMiA,CLOSED_TEMPORARILY,https://www.google.com/maps/place/?q=place_id:ChIJQweeUUK6BTsRwVxLtXAaMiA
Mehjab Biriyani,"GNRA 94 Mankuzhy, PO, Pangappara, Thiruvananthapuram, Kerala 695581, India",,76.9043765,8.5524176,ChIJVT52ELW_BTsROLPi_E-bLTM,CLOSED_TEMPORARILY,https://www.google.com/maps/place/?q=place_id:ChIJVT52ELW_BTsROLPi_E-bLTM
Mehmaan The Royal Guest,"JV8W+5RR, Pothencode, Kerala 695584, India",,76.89701869999999,8.6154919,ChIJ5dSksgzBBTsR3rJTiVW0wac,CLOSED_TEMPORARILY,https://www.google.com/maps/place/?q=place_id:ChIJ5dSksgzBBTsR3rJTiVW0wac
MELE THARAVATTIL BAKERS -CHAI CORNER,"opp. Devi scans, Kumarapuram, Thiruvananthapuram, Kerala 695011, India",,76.9276524,8.5159878,ChIJzZ_w7_q7BTsRMIdc5zzr1ws,OPERATIONAL,https://www.google.com/maps/place/?q=place_id:ChIJzZ_w7_q7BTsRMIdc5zzr1ws
MELLORO RESTAURANT,"VELLAYANI JN, Thiruvananthapuram, Nemom, Kerala 695020, India",+91 81291 90211,76.9979379,8.4590024,ChIJMbuj8La7BTsRm1NvFVJMtKw,OPERATIONAL,https://www.google.com/maps/place/?q=place_id:ChIJMbuj8La7BTsRm1NvFVJMtKw
Mess House,"GX7F+FW8, Maruthankuzhy Brg, Sasthamangalam, Thiruvananthapuram, Kerala 695010, India",+91 94470 23535,76.97482839999999,8.5136591,ChIJvx4_bzC6BTsRJOZoT9fBE7I,OPERATIONAL,https://www.google.com/maps/place/?q=place_id:ChIJvx4_bzC6BTsRJOZoT9fBE7I
Mezban Restaurant,"GWX7+WJR, near Motor Plaza, Muttampuram, Chavadimukku, Amadi Nagar, Sreekaryam, Thiruvananthapuram, Kerala 695017, India",+91 98956 03288,76.91402289999999,8.549871999999999,ChIJ1dPDv8u-BTsR89bZhj45MpM,OPERATIONAL,https://www.google.com/maps/place/?q=place_id:ChIJ1dPDv8u-BTsR89bZhj45MpM
MicKeys Restaurant,"MicKeys Restaurant, Junction, near Traffic Signal, Vishnu Nagar, Pappanamcode, Thiruvananthapuram, Kerala 695018, India",,76.9815303,8.4700767,ChIJs93_YyO7BTsRpaCudf1G71c,OPERATIONAL,https://www.google.com/maps/place/?q=place_id:ChIJs93_YyO7BTsRpaCudf1G71c
Midnight Kitchen,"FXVW+GQ3, Plavila Rd, Jai Nagar, Thirumala, Thiruvananthapuram, Kerala 695032, India",,76.9969328,8.4937703,ChIJRTciAAC7BTsRbGMMfFAxroc,OPERATIONAL,https://www.google.com/maps/place/?q=place_id:ChIJRTciAAC7BTsRbGMMfFAxroc
MIKKU HOTEL,"Anandu Ts, Vilappilsala, Thiruvananthapuram, Kerala 695573, India",+91 81380 80708,77.04086509999999,8.5262554,ChIJ5VeU31uxBTsRamqQw2Igcdg,OPERATIONAL,https://www.google.com/maps/place/?q=place_id:ChIJ5VeU31uxBTsRamqQw2Igcdg
MINI EATS,"Mankuzhi, Sreekaryam, Thiruvananthapuram, Kerala 695017, India",,76.90729979999999,8.5524889,ChIJsT1KdcO_BTsRzpjxLQOBDhQ,OPERATIONAL,https://www.google.com/maps/place/?q=place_id:ChIJsT1KdcO_BTsRzpjxLQOBDhQ
MINIMAL EATS,"PJRRA60 PHILIPS HILL, Chettikunnu, Friends Nagar, Kumarapuram, Thiruvananthapuram, Kerala 695029, India",+91 97479 55634,76.9224474,8.5129041,ChIJm_N8ZAC7BTsRg9IwIpoidlk,OPERATIONAL,https://www.google.com/maps/place/?q=place_id:ChIJm_N8ZAC7BTsRg9IwIpoidlk
Minnus Thattukada,"Vinayaka Nagar, Thiruvananthapuram, Kerala 695021, India",,76.8972221,8.5107193,ChIJTW3nqu69BTsRz5dD_vSYuBo,OPERATIONAL,https://www.google.com/maps/place/?q=place_id:ChIJTW3nqu69BTsRz5dD_vSYuBo
Mishti and More... Kowdiar,"PMG TTC Rd, opposite Nirmala Bhavan School, Pandits Colony Extension, Kowdiar, Thiruvananthapuram, Kerala 695003, India",+91 62823 60289,76.95752399999999,8.518768999999999,ChIJ4eQnpKa7BTsRNfDP_ZPEftw,OPERATIONAL,https://www.google.com/maps/place/?q=place_id:ChIJ4eQnpKa7BTsRNfDP_ZPEftw
Mishti and More... Kulathoor,"VSSC Road, Kulathoor NH Bypass Kazhakkuttam, Thiruvananthapuram, Kerala 695582, India",+91 85470 95309,76.876966,8.5443677,ChIJoSMcR7e_BTsRToxj5-rXuAo,OPERATIONAL,https://www.google.com/maps/place/?q=place_id:ChIJoSMcR7e_BTsRToxj5-rXuAo
Mithi'S Kitchen Homely Foods,"Kailas Nagar, Kesari Nagar, Poojapura, Thiruvanthapuram, Thiruvananthapuram, Kerala 695012, India",+91 80752 31328,76.980364,8.4937214,ChIJNRKxXU67BTsR4yuSqZD7SWA,OPERATIONAL,https://www.google.com/maps/place/?q=place_id:ChIJNRKxXU67BTsR4yuSqZD7SWA
Mizpha Juice Shop,"Life change Wellness Nutrition centre, Pachalloor, Thiruvananthapuram, Kerala 695027, India",+91 96338 90049,76.9613687,8.4266631,ChIJR7l84ealBTsREgdqwrSMBXY,OPERATIONAL,https://www.google.com/maps/place/?q=place_id:ChIJR7l84ealBTsREgdqwrSMBXY
"Mk halal chicken, azhicode","Azhikode, Nedumangad, Azhicode, Kerala 695564, India",+91 96059 55951,76.99655170000001,8.5787158,ChIJUzalZ--5BTsRZIRaEXZ9fAQ,OPERATIONAL,https://www.google.com/maps/place/?q=place_id:ChIJUzalZ--5BTsRZIRaEXZ9fAQ
MNS restaurant,"Krishna Nagar Rd, AKG Nagar, Peroorkada, Thiruvananthapuram, Kerala 695005, India",,76.9665825,8.5383114,ChIJTcxFGJ25BTsRs84m4QWzVL8,OPERATIONAL,https://www.google.com/maps/place/?q=place_id:ChIJTcxFGJ25BTsRs84m4QWzVL8
Mohabath - Taste Of Malabar,"GWW4+Q5H, Ambady Nagar, Chavadimukku, Bapuji Nagar, Pongumoodu, Thiruvananthapuram, Kerala 695016, India",+91 98959 68330,76.9054695,8.5469287,ChIJL0Bj33a_BTsRfv5cqgMmejY,OPERATIONAL,https://www.google.com/maps/place/?q=place_id:ChIJL0Bj33a_BTsRfv5cqgMmejY
Molly's Retreat,"Samudra, Beach Rd, Kovalam, Thiruvananthapuram, Kerala 695527, India",+91 90375 03675,76.97405979999999,8.4024086,ChIJaUT_cQalBTsRxHvpsEZZO-Y,OPERATIONAL,https://www.google.com/maps/place/?q=place_id:ChIJaUT_cQalBTsRxHvpsEZZO-Y
MOM'S MAGIC KITCHEN,"Annapoorna,Machel Road, Mukkunada, Naruvamoodu, P.O, Mukkunada, Thiruvananthapuram, Pallichal, Kerala 695528, India",,77.02883299999999,8.451093799999999,ChIJQQZsSm-xBTsRG1v_i-dl1WA,CLOSED_TEMPORARILY,https://www.google.com/maps/place/?q=place_id:ChIJQQZsSm-xBTsRG1v_i-dl1WA
Momo Prime,"Upper Meridian Rd, opposite Fortune IAS academy, Kuravankonam, Thiruvananthapuram, Kerala 695003, India",+91 96335 31186,76.9525689,8.524755899999999,ChIJEzLgkaO7BTsRLW39YG5xgJU,OPERATIONAL,https://www.google.com/maps/place/?q=place_id:ChIJEzLgkaO7BTsRLW39YG5xgJU
MOMO TUMMY,"HXG5+Q3V, Kallayam, Kerala 695043, India",,76.9576569,8.5769864,ChIJh8kIYAC5BTsR8pfe4woqH1I,CLOSED_TEMPORARILY,https://www.google.com/maps/place/?q=place_id:ChIJh8kIYAC5BTsR8pfe4woqH1I
Momoji,"1st Floor, Technopark Trivandrum, Main Gate, PVRA 112, near Technopark Road, Technopark Campus, Thiruvananthapuram, Kerala 695581, India",+91 84528 08073,76.876767,8.555864099999999,ChIJVyFKM6u_BTsRBE6l3K0RnEE,OPERATIONAL,https://www.google.com/maps/place/?q=place_id:ChIJVyFKM6u_BTsRBE6l3K0RnEE
Moncy Hotel,"RC, GW3V+VQC, jn, Barton Hill Colony, Kunnukuzhy, Thiruvananthapuram, Kerala 695035, India",+91 97441 14089,76.94438219999999,8.5046764,ChIJL-uViMC7BTsRUBGl0irDQVI,OPERATIONAL,https://www.google.com/maps/place/?q=place_id:ChIJL-uViMC7BTsRUBGl0irDQVI
Moon Wok,"Moon Wok, Pangappara, Thiruvananthapuram, Kerala 695017, India",,76.9094635,8.5545758,ChIJhxznCem_BTsR4PS4Yqbv0P8,OPERATIONAL,https://www.google.com/maps/place/?q=place_id:ChIJhxznCem_BTsR4PS4Yqbv0P8
Moopilans Kitchen,"FXG5+P77, Kattaikaal Rd, Killipalam, Karamana, Thiruvananthapuram, Kerala 695002, India",+91 99958 13711,76.9581764,8.4767914,ChIJD77SBQS7BTsR_t2qOvGNrz4,OPERATIONAL,https://www.google.com/maps/place/?q=place_id:ChIJD77SBQS7BTsR_t2qOvGNrz4
MORE&MORE catering Service.,"More and more, Peyad, Kerala 695573, India",+91 94473 24570,77.0194367,8.5240716,ChIJI3yhtq2wBTsRBSh6BX7r-SY,OPERATIONAL,https://www.google.com/maps/place/?q=place_id:ChIJI3yhtq2wBTsRBSh6BX7r-SY
Mothers Veg Plaza,"Bakery Jct Rd, near Russian Cultural Center, Vanross, Palayam, Thiruvananthapuram, Kerala 695001, India",+91 471 401 2255,76.9531832,8.500309699999999,ChIJI6YnZ7e7BTsR_Ceb_CTCPQU,OPERATIONAL,https://www.google.com/maps/place/?q=place_id:ChIJI6YnZ7e7BTsR_Ceb_CTCPQU
Motoos Restaurant,"GVRP+W6Q, Sreekariyam - Kazhakuttam Rd, Kulathoor, Thiruvananthapuram, Kerala 695583, India",+91 80865 03255,76.88560439999999,8.5423361,ChIJ3UWj7vu_BTsRHK9qjDnSFzI,OPERATIONAL,https://www.google.com/maps/place/?q=place_id:ChIJ3UWj7vu_BTsRHK9qjDnSFzI
Mr grill,"Prasanthnagar, junction, Vattappara, Thiruvananthapuram, Kerala 695028, India",+91 85907 74557,76.9530533,8.5925061,ChIJBZw4vhW5BTsRbfAWsrCyhtE,OPERATIONAL,https://www.google.com/maps/place/?q=place_id:ChIJBZw4vhW5BTsRbfAWsrCyhtE
MRA Bakery (Edapazhanji),"Cotton Hill Rd, Cotton Hill, Edapazhanji, Thiruvananthapuram, Kerala 695014, India",+91 95441 33000,76.96808089999999,8.5041251,ChIJ-TXwcEq6BTsR4U0rBtmaMt4,OPERATIONAL,https://www.google.com/maps/place/?q=place_id:ChIJ-TXwcEq6BTsR4U0rBtmaMt4
MRA Signature Bakery & Restaurant,"Ground Floor Shahberi Towers, Poojappura Main Rd, Thirumala, Thiruvananthapuram, Kerala 695006, India",+91 95623 55552,76.9891392,8.5004984,ChIJ2_hPHmq6BTsRV46sm95mNeE,OPERATIONAL,https://www.google.com/maps/place/?q=place_id:ChIJ2_hPHmq6BTsRV46sm95mNeE
MS Oottupura (MS ഊട്ടുപുര),"Kallattumukku, Thiruvananthapuram, Kerala 695009, India",+91 95443 31436,76.9498472,8.4632617,ChIJ-a4qbQC7BTsRRF383jur26o,OPERATIONAL,https://www.google.com/maps/place/?q=place_id:ChIJ-a4qbQC7BTsRRF383jur26o
MS Thattukada,"GXXQ+63J, opposite Ebanesar Wood Works, Yamuna Nagar, Mukkola, Nettayam, Thiruvananthapuram, Kerala 695564, India",,76.98790269999999,8.5479533,ChIJewpsRwC5BTsRRP8LVfTpikQ,OPERATIONAL,https://www.google.com/maps/place/?q=place_id:ChIJewpsRwC5BTsRRP8LVfTpikQ
Mubarak,"Pallimukku, Peyad, Kerala 695573, India",+91 94970 07007,77.013115,8.512334,ChIJy3bBJqewBTsRSFOTv5tMiM8,OPERATIONAL,https://www.google.com/maps/place/?q=place_id:ChIJy3bBJqewBTsRSFOTv5tMiM8
Mubarak Hotel,"Ruby Nagar Rd, behind Padmanabha Theater, Chalai, Thiruvananthapuram, Kerala 695036, India",+91 98952 15191,76.9497288,8.482210199999999,ChIJSUB40wm7BTsRf84fpC1Baig,OPERATIONAL,https://www.google.com/maps/place/?q=place_id:ChIJSUB40wm7BTsRf84fpC1Baig
Mugs $ magic,"junction, Kumarapuram, pothujanam, Thiruvananthapuram, Kerala 695011, India",+91 81297 19837,76.9276422,8.5123765,ChIJZSWvts-7BTsRB1i_UcGZ9XA,OPERATIONAL,https://www.google.com/maps/place/?q=place_id:ChIJZSWvts-7BTsRB1i_UcGZ9XA
Mukkadans Restaurant,"GX32+7V3, Panjapura Junction, University, Palayam, Thiruvananthapuram, Kerala 695034, India",+91 471 232 4616,76.9521815,8.5031454,ChIJQzr6Gri7BTsRNCVzumrvO18,OPERATIONAL,https://www.google.com/maps/place/?q=place_id:ChIJQzr6Gri7BTsRNCVzumrvO18
Mukkola jn,"JX2M+VFW, Junction, Vallikode, Nedumangad, Kerala 695541, India",,76.98364819999999,8.6021913,ChIJ4c-ONQC5BTsRI9mV4KUrxIQ,OPERATIONAL,https://www.google.com/maps/place/?q=place_id:ChIJ4c-ONQC5BTsRI9mV4KUrxIQ
MULTI CUISINE RESTAURANT,"Pangappara, Thiruvananthapuram, Kerala 695581, India",,76.8954236,8.5614884,ChIJWXEYAd6-BTsR76cDOg_qWHA,OPERATIONAL,https://www.google.com/maps/place/?q=place_id:ChIJWXEYAd6-BTsR76cDOg_qWHA
Mumbai Binge Eatery,"Gandhipuram, Thiruvananthapuram, Kerala 695017, India",+91 79071 18406,76.9092045,8.5594065,ChIJfWFwBxm_BTsRExGe4huKgZo,CLOSED_TEMPORARILY,https://www.google.com/maps/place/?q=place_id:ChIJfWFwBxm_BTsRExGe4huKgZo
Mumbai Haji Ali,"Mall of Travancore, Eanchakkal, Thiruvananthapuram, Kerala 695024, India",+91 80890 07212,76.925619,8.487461099999999,ChIJVQkMnWK7BTsRLhiCdI1qNUw,OPERATIONAL,https://www.google.com/maps/place/?q=place_id:ChIJVQkMnWK7BTsRLhiCdI1qNUw
Murukan Chappathi Shop,"Mottamoodu, Thiruvananthapuram, Pallichal, Kerala 695528, India",+91 93442 31994,77.02608339999999,8.4500277,ChIJx3xfF3uxBTsRCDCxEhMXxBM,CLOSED_TEMPORARILY,https://www.google.com/maps/place/?q=place_id:ChIJx3xfF3uxBTsRCDCxEhMXxBM
My Place Restaurant,"Gokulam Grand, Thiruvananthapuram, Kerala 695583, India",+91 471 350 9900,76.8928021,8.5229448,ChIJGbQYq4m9BTsRvOZhR85rrN8,OPERATIONAL,https://www.google.com/maps/place/?q=place_id:ChIJGbQYq4m9BTsRvOZhR85rrN8
Mynt,"Extra Police Rd, University of Kerala Senate House Campus, Nandavanam, Palayam, Thiruvananthapuram, Kerala 695033, India",+91 471 402 2100,76.95304019999999,8.5045827,ChIJdzmVDBa7BTsRT8cPO9Wjzm4,OPERATIONAL,https://www.google.com/maps/place/?q=place_id:ChIJdzmVDBa7BTsRT8cPO9Wjzm4
Naadan Restaurant,"GWVR+JXF, Kesavadasapuram - Venjaramoodu Rd, Thiruvananthapuram, Kerala 695015, India",,76.942408,8.5440642,ChIJjxK01vS5BTsRYzqiMFTyhAc,OPERATIONAL,https://www.google.com/maps/place/?q=place_id:ChIJjxK01vS5BTsRYzqiMFTyhAc
Naadan ruchikkoottu,"Thattinakam, Tilak Nagar, Parottukonam, Thiruvananthapuram, Kerala 695015, India",+91 90611 56151,76.9378569,8.5397552,ChIJu0-wlPO5BTsROw7QIbhAGys,OPERATIONAL,https://www.google.com/maps/place/?q=place_id:ChIJu0-wlPO5BTsROw7QIbhAGys
Naadan Ruchikkoottu,"HVRV+58Q, Mangattukonam, Kerala 695584, India",,76.8935265,8.5903488,ChIJ91FsQwC_BTsR2L7j4dtB328,CLOSED_TEMPORARILY,https://www.google.com/maps/place/?q=place_id:ChIJ91FsQwC_BTsR2L7j4dtB328
Naadan Thattu Kadai,"CXH8+VJG, Sree Bhadra Nagar Rd, Sree Bhadra Nagar, Pachalloor, Thiruvananthapuram, Kerala 695027, India",,76.9665775,8.4296875,ChIJeQr5OgClBTsRO-blzpiIR_w,CLOSED_TEMPORARILY,https://www.google.com/maps/place/?q=place_id:ChIJeQr5OgClBTsRO-blzpiIR_w
Naash HOT FOOD SERVICE,"Kunjalumoodu, Shastri Nagar, Poojapura, Thiruvananthapuram, Kerala 695002, India",+91 99950 13499,76.9721261,8.4859632,ChIJEwpz3Va6BTsR5VqPgYlvVNQ,OPERATIONAL,https://www.google.com/maps/place/?q=place_id:ChIJEwpz3Va6BTsR5VqPgYlvVNQ
Nadan Adukkala,"Kovalam Rd, Vizhinjam, Venganoor, Kerala 695527, India",+91 98472 69469,76.98465949999999,8.3955438,ChIJUeAH17ulBTsR59lvvTbOl08,OPERATIONAL,https://www.google.com/maps/place/?q=place_id:ChIJUeAH17ulBTsR59lvvTbOl08
Nadan Adukkala sea food resturant,"Rishimangalam, Pattoor, Thiruvananthapuram, Kerala 695035, India",+91 98472 69469,76.9381205,8.4973076,ChIJoyf4bCe7BTsRZdAGeNLgOmM,OPERATIONAL,https://www.google.com/maps/place/?q=place_id:ChIJoyf4bCe7BTsRZdAGeNLgOmM
Nadan bhakshana sala,"FX9J+VPW, Vishnu Nagar, Pappanamcode, Thiruvananthapuram, Kerala 695018, India",,76.9818404,8.469727299999999,ChIJwyQcKgC7BTsRiGbKc6OZcSg,OPERATIONAL,https://www.google.com/maps/place/?q=place_id:ChIJwyQcKgC7BTsRiGbKc6OZcSg
Nadan Bhakshanasala,"E Mukkola Pallimukku Rd, Thiruvananthapuram, Kallayam, Kerala 695043, India",+91 95445 69544,76.9599076,8.5806607,ChIJM_2MPsu5BTsR_EUGCUfACvQ,OPERATIONAL,https://www.google.com/maps/place/?q=place_id:ChIJM_2MPsu5BTsR_EUGCUfACvQ
NADAN CHICKEN PERATTU HOTEL,"C2CC+PPV, Pallichal - Vizhinjam Rd, Peringammala, Pallichal, Kerala 695042, India",,77.02179749999999,8.4218656,ChIJY7gFOIqvBTsR9O7KevvbzMs,OPERATIONAL,https://www.google.com/maps/place/?q=place_id:ChIJY7gFOIqvBTsR9O7KevvbzMs
Nadan kadayum Veettile oonum,"Vanchiyoor, Thiruvananthapuram, Kerala 695035, India",+91 98471 71947,76.9400858,8.490952,ChIJx4BkZpi7BTsR923ykC6MjU4,OPERATIONAL,https://www.google.com/maps/place/?q=place_id:ChIJx4BkZpi7BTsR923ykC6MjU4
Nadan Thattukada,"Electrical Section KSEB, SH 1, Mannanthala, Thiruvananthapuram, Kerala 695015, India",+91 88488 61339,76.94440999999999,8.566699999999999,ChIJRTN39X25BTsRcsbMkkpNi78,OPERATIONAL,https://www.google.com/maps/place/?q=place_id:ChIJRTN39X25BTsRcsbMkkpNi78
Nadan Thattukada (നാടൻ തട്ടുകട ),"Kuthukallinmoodu, Kalippankulam, Manacaud, PO, Kalippankulam Rd, Kamaleshwaram, Thiruvananthapuram, Kerala 695009, India",+91 97467 25898,76.9536364,8.4648097,ChIJ0zEULGi7BTsRBKT0MARA714,OPERATIONAL,https://www.google.com/maps/place/?q=place_id:ChIJ0zEULGi7BTsRBKT0MARA714
Nadan Thattukada Kunnapuzha,"Thirumala-Thrikkannapuram Rd, Jai Nagar, Kunnapuzha, Thiruvananthapuram, Kerala 695032, India",,76.998414,8.485915,ChIJJacaQp27BTsRvKzCcwKYO_U,OPERATIONAL,https://www.google.com/maps/place/?q=place_id:ChIJJacaQp27BTsRvKzCcwKYO_U
Naina's Idli,"Kaimanam, Pappanamcode, Thiruvananthapuram, Kerala 695018, India",,76.9772787,8.474117,ChIJcbATCwC7BTsRztArD1ctu5k,OPERATIONAL,https://www.google.com/maps/place/?q=place_id:ChIJcbATCwC7BTsRztArD1ctu5k
Najeema.N,"Homemade Biriyani, Pavithram, Thiruvananthapuram, Kerala 695585, India",,76.8787619,8.5790148,ChIJNw3htoe_BTsRDp_xPETiTZw,CLOSED_TEMPORARILY,https://www.google.com/maps/place/?q=place_id:ChIJNw3htoe_BTsRDp_xPETiTZw
Nakshathra Takeaway & Fast food,"GWHH+M8G, Ulloor - Akkulam Rd, Ulloor, Kochulloor, Ulloor, Thiruvananthapuram, Kerala 695011, India",+91 98954 04481,76.9283221,8.5291967,ChIJqxqqOFe5BTsRldx2lTgf1H0,OPERATIONAL,https://www.google.com/maps/place/?q=place_id:ChIJqxqqOFe5BTsRldx2lTgf1H0
Namaste Foodie,"Near, Winners Library Hall, Vazhayila, Peroorkada, Thiruvananthapuram, Kerala 695005, India",,76.9697498,8.5410033,ChIJwVevWwC5BTsR4ONZVrgAzRw,OPERATIONAL,https://www.google.com/maps/place/?q=place_id:ChIJwVevWwC5BTsR4ONZVrgAzRw
NAMASTE TRIVANDRUM,"Peroorkada Mannanthala Rd, Thiruvananthapuram, Kerala 695043, India",+91 94000 43893,76.9562127,8.5620067,ChIJXVuIb2G5BTsRCgOwiN9Kpkk,OPERATIONAL,https://www.google.com/maps/place/?q=place_id:ChIJXVuIb2G5BTsRCgOwiN9Kpkk
Namma veedu vasanta bhavan,"Badra Square, Kuravankonam, Thiruvananthapuram, Kerala 695003, India",+91 79029 77777,76.95388559999999,8.523371,ChIJ2-ozSPu7BTsRVKgYIftJ7wA,OPERATIONAL,https://www.google.com/maps/place/?q=place_id:ChIJ2-ozSPu7BTsRVKgYIftJ7wA
Namma Veedu Vasanta Bhavan Lulu Mall,"Lulu Mall, 91/270-119, Anayara, Thiruvananthapuram, Kerala 695029, India",+91 89439 67777,76.8975233,8.5154532,ChIJ2wc6sIu9BTsRrraQIebKA4c,CLOSED_TEMPORARILY,https://www.google.com/maps/place/?q=place_id:ChIJ2wc6sIu9BTsRrraQIebKA4c
Nandans Restaurant,"92VF+XFP, Junction, uchakkada, Vizhinjam, Thiruvananthapuram, Venganoor, Kerala 695501, India",+91 80861 59649,77.0236881,8.394971400000001,ChIJD8Rvr0ivBTsRfvS9_5BaPRY,OPERATIONAL,https://www.google.com/maps/place/?q=place_id:ChIJD8Rvr0ivBTsRfvS9_5BaPRY
Nandhana bakers and fresh juice,"Trivandrum - Kilimanoor Rd, Nalanchira P.O, Tilak Nagar, Parottukonam, Thiruvananthapuram, Kerala 695015, India",,76.9416269,8.5375382,ChIJDZXWI2i5BTsR4jMpZNH8zlM,OPERATIONAL,https://www.google.com/maps/place/?q=place_id:ChIJDZXWI2i5BTsR4jMpZNH8zlM
Nandus Restaurant,"GVFR+9G7, Service Rd, Karimanal, Kochuveli, Thiruvananthapuram, Kerala 695583, India",,76.8912902,8.5234204,ChIJ1VYEIZ6-BTsRLcqbnPY9hXk,OPERATIONAL,https://www.google.com/maps/place/?q=place_id:ChIJ1VYEIZ6-BTsRLcqbnPY9hXk
Nangooram Seafood,"FWG7+MJQ, Valiathope, Thiruvananthapuram, Kerala 695008, India",+91 79073 71465,76.9125919,8.4787625,ChIJWy_GYQC9BTsR5BVni8CntXM,OPERATIONAL,https://www.google.com/maps/place/?q=place_id:ChIJWy_GYQC9BTsR5BVni8CntXM
NANTHU'S RESTAURANT,"GW55+VQF, Venpalavattom, Thiruvananthapuram, Kerala 695029, India",+91 98468 84217,76.9094301,8.509683899999999,ChIJL3ASXw68BTsRpQH7jJNHkN8,OPERATIONAL,https://www.google.com/maps/place/?q=place_id:ChIJL3ASXw68BTsRpQH7jJNHkN8
Natesh Cafe Restaurant,"Samudra Beach, GV Raja Rd, Kovalam, Thiruvananthapuram, Kerala 695527, India",+91 86060 60151,76.97368589999999,8.4021597,ChIJ447-ReKlBTsRX1BVSMH28oY,OPERATIONAL,https://www.google.com/maps/place/?q=place_id:ChIJ447-ReKlBTsRX1BVSMH28oY
Nathoonskitchen,"Vellayani, Kerala 695020, India",+91 80751 43459,76.9916491,8.4446094,ChIJJ1cZRsK7BTsRU49PEtmAf8k,CLOSED_TEMPORARILY,https://www.google.com/maps/place/?q=place_id:ChIJJ1cZRsK7BTsRU49PEtmAf8k
NATTURUCHI THATTUKADA,"Shop No 1, Natturuchi Thattukada, Nedumangad Karipoor Rd, near Bevco Outlet, Nedumangad, Kerala 695541, India",+91 85930 20142,77.0084517,8.608664899999999,ChIJM41IewC5BTsRRT_4tTOFCTU,OPERATIONAL,https://www.google.com/maps/place/?q=place_id:ChIJM41IewC5BTsRRT_4tTOFCTU
Natural Restaurant,"Mukkola, Bus Stop, Peroorkada Mannanthala Rd, Mukkolakkal, Thiruvananthapuram, Kerala 695015, India",,76.95278379999999,8.564089,ChIJL_-A-5e5BTsRZHYzElnaWac,OPERATIONAL,https://www.google.com/maps/place/?q=place_id:ChIJL_-A-5e5BTsRZHYzElnaWac
Naturals Ice Cream,"No 18/1807, Aditya Agencies, T.C, 1, Pattom - Kowdiar Rd, Kuravankonam, Thiruvananthapuram, Kerala 695004, India",+91 73069 96177,76.94926199999999,8.5213901,ChIJeeFvCra7BTsRuAZ2WOtvrUc,OPERATIONAL,https://www.google.com/maps/place/?q=place_id:ChIJeeFvCra7BTsRuAZ2WOtvrUc
Navi's unniyappam kadai,"HVQH+CGP, Kazhakoottam - Thaikod Rd, Kazhakkoottam, Chanthavila, Kerala 695585, India",,76.8788261,8.5886376,ChIJSYbtagC_BTsR8g8BeF3eSI8,OPERATIONAL,https://www.google.com/maps/place/?q=place_id:ChIJSYbtagC_BTsR8g8BeF3eSI8
Naya's Biriyani,"FWQ4+69R, Veli Sanghumugham Rd, Kannanthura, Thiruvananthapuram, Kerala 695007, India",,76.90587239999999,8.488151,ChIJ3aUsbwC9BTsRKDICROjQNt8,CLOSED_TEMPORARILY,https://www.google.com/maps/place/?q=place_id:ChIJ3aUsbwC9BTsRKDICROjQNt8
NAYAS FAST FOOD (Biriyani House),"Titanium, 78/4034, Kannanthura, Thiruvananthapuram, Kerala 695007, India",,76.90726430000001,8.490894899999999,ChIJ6_e3EwC9BTsR2wUjeRjFulE,OPERATIONAL,https://www.google.com/maps/place/?q=place_id:ChIJ6_e3EwC9BTsR2wUjeRjFulE
Nazeer Hotel,"valicode, Nedumangad, Kerala 695541, India",+91 90725 02461,76.9960377,8.601141199999999,ChIJQb4_7XK5BTsRQhr3QSaEVYw,OPERATIONAL,https://www.google.com/maps/place/?q=place_id:ChIJQb4_7XK5BTsRQhr3QSaEVYw
"Neela Hotel, Pazhakutty","JX7W+8X7, Pazhakutty, Nedumangad, Kerala 695561, India",,76.9974319,8.6132827,ChIJMd2ucgDHBTsREECkf5TUasc,OPERATIONAL,https://www.google.com/maps/place/?q=place_id:ChIJMd2ucgDHBTsREECkf5TUasc
Neera Bar,"Taj Green Cove Resort & Spa G. V. Raja, Road, Vattappara, Kovalam, Thiruvananthapuram, Kerala 695527, India",+91 471 661 3000,76.97391739999999,8.4039228,ChIJpwmcxgWlBTsROS-HSI0QxLc,OPERATIONAL,https://www.google.com/maps/place/?q=place_id:ChIJpwmcxgWlBTsROS-HSI0QxLc
Neerali Restaurant,"Pazhaya Rd, Murinjapalam, Thiruvananthapuram, Kerala 695011, India",+91 90613 31999,76.93146329999999,8.518525,ChIJY0aCwb27BTsR4TH1sGRyHNs,OPERATIONAL,https://www.google.com/maps/place/?q=place_id:ChIJY0aCwb27BTsR4TH1sGRyHNs
NEF NEF Mandi and Grills,"Oops. Linen Club, Plamoodu - Thekkamoodu Rd, Jn, Pattom, Thiruvananthapuram, Kerala 695004, India",+91 98952 22733,76.9449195,8.5154176,ChIJF-LiXgC7BTsRTkmNNzabYKY,OPERATIONAL,https://www.google.com/maps/place/?q=place_id:ChIJF-LiXgC7BTsRTkmNNzabYKY
NETTAYAM HOTEL,"GXRQ+VFR, Nettayam, Thiruvananthapuram, Kerala 695013, India",,76.98865,8.5422367,ChIJ8_0ldAC5BTsRbWWBMIG_d9Q,OPERATIONAL,https://www.google.com/maps/place/?q=place_id:ChIJ8_0ldAC5BTsRbWWBMIG_d9Q
Nettayam thattukada (നെട്ടയം തട്ടുകട),"GXVP+HWX, Nettayam, Thiruvananthapuram, Kerala 695013, India",,76.9873487,8.543990899999999,ChIJHeKNLAC5BTsRNw8Piv7r0Uk,OPERATIONAL,https://www.google.com/maps/place/?q=place_id:ChIJHeKNLAC5BTsRNw8Piv7r0Uk
NEW AARYAS,"HW6V+879, Mannanthala Junction, Mannanthala, Thiruvananthapuram, Kerala 695015, India",,76.9432477,8.560783899999999,ChIJRVBP8Bi5BTsRXSi7O44hLqM,OPERATIONAL,https://www.google.com/maps/place/?q=place_id:ChIJRVBP8Bi5BTsRXSi7O44hLqM
New Alif Chicken stall,"HX24+266, Chenkallur, Thiruvananthapuram, Kerala 695043, India",,76.955508,8.5500259,ChIJBStxfQC5BTsRxKEySvARKys,CLOSED_TEMPORARILY,https://www.google.com/maps/place/?q=place_id:ChIJBStxfQC5BTsRxKEySvARKys
New famous chappathi center,"C2JV+XRJ Tannivila, Balaramapuram Main Rd, Balaramapuram, Pallichal, Kerala 695501, India",,77.0447759,8.4324631,ChIJH_CcQQCvBTsRCFW5z-_Yo9s,OPERATIONAL,https://www.google.com/maps/place/?q=place_id:ChIJH_CcQQCvBTsRCFW5z-_Yo9s
New idly kada,"K/2143, Nh66, Aryasala, Valiyasalai, Thiruvananthapuram, Kerala 695036, India",+91 77089 30667,76.95688,8.481276,ChIJ3cMfRgC7BTsRjdKJnCQnIcE,OPERATIONAL,https://www.google.com/maps/place/?q=place_id:ChIJ3cMfRgC7BTsRjdKJnCQnIcE
New KH,"GW72+J5Q, Oruvathilkotta, Aakkulam, Thiruvananthapuram, Kerala 695029, India",+91 79846 03127,76.90048279999999,8.5140921,ChIJfZp56vS9BTsRrNPATjGlVKs,OPERATIONAL,https://www.google.com/maps/place/?q=place_id:ChIJfZp56vS9BTsRrNPATjGlVKs
New Restaurant,"HXV9+HR3, Vattappara Valikode Rd, Venkode, Kerala 695028, India",+91 94963 64886,76.96954079999999,8.5938947,ChIJX4pl6FC5BTsRz0vTHueLhdI,OPERATIONAL,https://www.google.com/maps/place/?q=place_id:ChIJX4pl6FC5BTsRz0vTHueLhdI
New Royal Sweets & Snacks,"CXR5+3M7, Pachalloor, Thiruvallam, Thiruvananthapuram, Kerala 695027, India",+91 80892 75773,76.95916009999999,8.4401729,ChIJw5hfrdSkBTsRhruYztQIYUg,OPERATIONAL,https://www.google.com/maps/place/?q=place_id:ChIJw5hfrdSkBTsRhruYztQIYUg
NEW SALALA HOTEL,"Kittu Complex, Attakkulangara - Killippalam Bypass Rd, Attakulangara, Thiruvananthapuram, Kerala 695009, India",+91 85907 68152,76.9551201,8.479579,ChIJha4fUQa7BTsRPp2mQyzfBEM,OPERATIONAL,https://www.google.com/maps/place/?q=place_id:ChIJha4fUQa7BTsRPp2mQyzfBEM
New star catering,"Peyad, Kerala 695573, India",+91 97478 45647,77.0305301,8.514909399999999,ChIJfQCwLaaxBTsRlAe-NqXDh4A,OPERATIONAL,https://www.google.com/maps/place/?q=place_id:ChIJfQCwLaaxBTsRlAe-NqXDh4A
New Thekkevila Chicken Corner,"JV6W+WHH, Pothencode, Kerala 695584, India",+91 96339 04300,76.8964905,8.6123163,ChIJBdmTNKDABTsRSAMAOMjdwlc,OPERATIONAL,https://www.google.com/maps/place/?q=place_id:ChIJBdmTNKDABTsRSAMAOMjdwlc
New York Chicken,"NYC Tower, opp. Nippon Toyota, Kazhakkoottam, Thiruvananthapuram, Kerala 695582, India",+91 81118 09991,76.8767858,8.549510999999999,ChIJ_-FbKjO_BTsRqUx1taNKg68,OPERATIONAL,https://www.google.com/maps/place/?q=place_id:ChIJ_-FbKjO_BTsRqUx1taNKg68
NEYYAR FAMILY RESTAURANT,"Mangattukadavu Thirumala Rd, Perukavu, Kerala 695573, India",,77.0123239,8.497556699999999,ChIJJapBDp2wBTsRN6salD87j3o,OPERATIONAL,https://www.google.com/maps/place/?q=place_id:ChIJJapBDp2wBTsRN6salD87j3o
NFC Thirumala,"near Village Office, TV nagar, Thirumala, Thiruvananthapuram, Kerala 695006, India",+91 82813 11031,76.9940293,8.5002734,ChIJz5dWaQi7BTsRbTzKLx-MmRo,OPERATIONAL,https://www.google.com/maps/place/?q=place_id:ChIJz5dWaQi7BTsRbTzKLx-MmRo
"Night Food Street @ Cotton Hill, TVM","GX27+Q35, Vazhuthacaud, Thiruvananthapuram, Kerala 695010, India",,76.9627076,8.5019458,ChIJw70hTwC7BTsRpk6tJo5TuII,OPERATIONAL,https://www.google.com/maps/place/?q=place_id:ChIJw70hTwC7BTsRpk6tJo5TuII
Night Food Street @ Paruthippara,"GWMR+8PJ, Sree Nagar, Kesavadasapuram, Thiruvananthapuram, Kerala 695004, India",,76.9417656,8.533337500000002,ChIJr6-tAgC5BTsR8lUn9P6lDHo,OPERATIONAL,https://www.google.com/maps/place/?q=place_id:ChIJr6-tAgC5BTsR8lUn9P6lDHo
NIKUNJAM FAST FOOD,"Nikunjam Fast Food, Kariyavattom Kulathoor Road, near Manna Hotel, Thiruvananthapuram, Kerala 695017, India",+91 73566 63939,76.9203177,8.551606,ChIJqwDXERy5BTsRmNOBasgb1dM,CLOSED_TEMPORARILY,https://www.google.com/maps/place/?q=place_id:ChIJqwDXERy5BTsRmNOBasgb1dM
Nikunjam Restaurant,"Opposite Tagore Theatre, Vazhuthacaud, Nandavanam, Thycaud, Thiruvananthapuram, Kerala 695010, India",+91 75920 90807,76.95970489999999,8.5036342,ChIJRwAAMK67BTsR6zQPUHS_40Y,OPERATIONAL,https://www.google.com/maps/place/?q=place_id:ChIJRwAAMK67BTsR6zQPUHS_40Y
Nikunjam Restaurant,"Chenkottukonam, Thiruvananthapuram, Kerala 695587, India",+91 70123 19055,76.9033575,8.5821126,ChIJe4diXd2_BTsRwspIlMAoWQA,OPERATIONAL,https://www.google.com/maps/place/?q=place_id:ChIJe4diXd2_BTsRwspIlMAoWQA
Nilavu - Multi Cuisine Restaurant,"HV5G+24G, Pallinada, Kazhakkoottam, Thiruvananthapuram, Kerala 695582, India",,76.8751855,8.5575122,ChIJM5YAVgC_BTsRxCMTcUlvDV0,OPERATIONAL,https://www.google.com/maps/place/?q=place_id:ChIJM5YAVgC_BTsRxCMTcUlvDV0
Niravu Dine-Inn,"Maha Mahal Complex, Pazhaya Rd, near Medical College, Murinjapalam, Thiruvananthapuram, Kerala 695011, India",,76.9311556,8.518636299999999,ChIJVZXoveS7BTsRPtAliBg2cIw,OPERATIONAL,https://www.google.com/maps/place/?q=place_id:ChIJVZXoveS7BTsRPtAliBg2cIw
Nirvana Cloud Kitchen,"Vh 310, Upper Meridian road, Marapallam, 310, Upper Meridian Rd, Pattom, Thiruvananthapuram, Kerala 695004, India",+91 81297 88680,76.9473333,8.5234503,ChIJr-eRBSy7BTsRdVTBR3AiMq8,OPERATIONAL,https://www.google.com/maps/place/?q=place_id:ChIJr-eRBSy7BTsRdVTBR3AiMq8
Nisha Kirans Eatery,"Next to Malabar Hotel, Sree Lane, 2, Kochar Rd, Po, Sasthamangalam, Thiruvananthapuram, Kerala 695010, India",+91 99958 70178,76.97165249999999,8.5084758,ChIJWcI4yi26BTsR5MPYdPUfQE0,OPERATIONAL,https://www.google.com/maps/place/?q=place_id:ChIJWcI4yi26BTsR5MPYdPUfQE0
Niya Biriyani Kada,"Aishwarya Nagar, Vettukadu, Thiruvananthapuram, Kerala 695007, India",+91 94475 95365,76.90633969999999,8.4942342,ChIJUZ7DDxi9BTsRNUo-950Mse8,OPERATIONAL,https://www.google.com/maps/place/?q=place_id:ChIJUZ7DDxi9BTsRNUo-950Mse8
Njam Njam Take away,"C2GV+JR3, Main Rd, near Rathnakala Jewellery, Pazhayakadalane, Balaramapuram, Kerala 695501, India",,77.044562,8.4265244,ChIJbdxqhA-vBTsRK0qqAR0BEXA,CLOSED_TEMPORARILY,https://www.google.com/maps/place/?q=place_id:ChIJbdxqhA-vBTsRK0qqAR0BEXA
NK Restaurant,"JWCQ+7FR, Perumkoor, Kanyakulangara, Kerala 695615, India",,76.93839679999999,8.620841,ChIJC2XbTwDHBTsRoTDxyMzntGI,OPERATIONAL,https://www.google.com/maps/place/?q=place_id:ChIJC2XbTwDHBTsRoTDxyMzntGI
North Bites,"Kailash Nagar, Vivekananda Nagar, Kesavadasapuram, Thiruvananthapuram, Kerala 695004, India",+91 97191 37692,76.9388975,8.5269966,ChIJcXRWeiO5BTsRHlangG2JQ5Q,OPERATIONAL,https://www.google.com/maps/place/?q=place_id:ChIJcXRWeiO5BTsRHlangG2JQ5Q
NOUSHAD SIRAJUDEEN,"KURUVI HOTEL, Beemapally Rd, near BEEMAPALLY, Beemapally, Thiruvananthapuram, Kerala 695008, India",+91 95673 13620,76.93299019999999,8.4563993,ChIJRVFi6pC7BTsRGFEsjIabo0s,OPERATIONAL,https://www.google.com/maps/place/?q=place_id:ChIJRVFi6pC7BTsRGFEsjIabo0s
Nuha Foods,"CWWR+V98, Unnamed Road, Manickamvilakam, Beemapally, Thiruvananthapuram, Kerala 695008, India",,76.94094700000001,8.4471578,ChIJj_tREyK7BTsRkd6DtjFQCh0,CLOSED_TEMPORARILY,https://www.google.com/maps/place/?q=place_id:ChIJj_tREyK7BTsRkd6DtjFQCh0
NUSO NUSEE FAST FOOD,"near Indian Oil Petrol Pump, Vazhayila, MG Nagar, Peroorkada, Thiruvananthapuram, Kerala 695005, India",+91 88079 04536,76.9734375,8.5458125,ChIJ7Vj_Se25BTsRpQVAK-yC2rY,OPERATIONAL,https://www.google.com/maps/place/?q=place_id:ChIJ7Vj_Se25BTsRpQVAK-yC2rY
O by Tamara Trivandrum,"Oruvathilkotta, Aakkulam, Thiruvananthapuram, Kerala 695029, India",+91 80 6555 1111,76.9015952,8.5128139,ChIJ3aIFmeq9BTsRb821r6M3_gM,OPERATIONAL,https://www.google.com/maps/place/?q=place_id:ChIJ3aIFmeq9BTsRb821r6M3_gM
O Café,"Oruvathilkotta, Aakkulam, Thiruvananthapuram, Kerala 695029, India",+91 80 6555 1111,76.901883,8.5126261,ChIJje3cvFW9BTsRgMeORFKgLb0,OPERATIONAL,https://www.google.com/maps/place/?q=place_id:ChIJje3cvFW9BTsRgMeORFKgLb0
Ochaya,"Vibo Space, Kuravankonam - Maruthoor Rd, Samithy Nagar, Ambalamukku, Thiruvananthapuram, Kerala 695005, India",+91 97472 04060,76.9610958,8.5317537,ChIJo6kGWwC5BTsR6VcoUQncI6M,OPERATIONAL,https://www.google.com/maps/place/?q=place_id:ChIJo6kGWwC5BTsR6VcoUQncI6M
Odamkolli Pazhankanji (ഒടംകൊല്ലി പഴങ്കഞ്ഞി),"JX7W+6XW, Pazhakutty, Nedumangad, Kerala 695561, India",,76.9974443,8.6131073,ChIJn9s7-di5BTsRXFDF6L8W-NA,OPERATIONAL,https://www.google.com/maps/place/?q=place_id:ChIJn9s7-di5BTsRXFDF6L8W-NA
Oh Kerala,"1st floor, Alummoottil Building, TC 4289 2, Market Rd, Sreekaryam, Thiruvananthapuram, Kerala 695017, India",+91 79943 90816,76.9169307,8.5531302,ChIJgZfh7Fy_BTsRh9ajEFP0iGU,OPERATIONAL,https://www.google.com/maps/place/?q=place_id:ChIJgZfh7Fy_BTsRh9ajEFP0iGU
Ohm Shanmugha Bhavan,"Junction, Vattiyoorkavu, Nettayam, Thiruvananthapuram, Kerala 695013, India",,76.989584,8.5404732,ChIJOah1IWe5BTsRXiKLAkCDxR8,OPERATIONAL,https://www.google.com/maps/place/?q=place_id:ChIJOah1IWe5BTsRXiKLAkCDxR8
Ohm shanmugha Bhavan non veg,"GWPG+RGP, Bhasi Nagar, Pongumoodu, Thiruvananthapuram, Kerala 695011, India",,76.9263373,8.537093,ChIJ11dtUwC5BTsRpTT0P2j6WeQ,CLOSED_TEMPORARILY,https://www.google.com/maps/place/?q=place_id:ChIJ11dtUwC5BTsRpTT0P2j6WeQ
Old Coffee House,"Veli Sanghumugham Road G V Raja Indoor Stadium, Vallakkadavu, Thiruvananthapuram, Kerala 695007, India",+91 471 250 5050,76.9120063,8.4793254,ChIJc_4rMoe8BTsR_mHTu3qSdEk,OPERATIONAL,https://www.google.com/maps/place/?q=place_id:ChIJc_4rMoe8BTsR_mHTu3qSdEk
OldSkool Café & Diner,"First Floor, TC 18/1820 Near Curry Chatty Express Take-away Pattom-Kowdiar Road, Kuravankonam, P.O, Kowdiar, Thiruvananthapuram, Kerala 695003, India",+91 97456 69111,76.95068479999999,8.522522,ChIJ_____9i7BTsRYOcrYQMAjrQ,OPERATIONAL,https://www.google.com/maps/place/?q=place_id:ChIJ_____9i7BTsRYOcrYQMAjrQ
ONC Restaurant,"FXJ8+M5F, NH 66, Karamana Junction, Prem Nagar, Karamana, Thiruvananthapuram, Kerala 695002, India",,76.9654333,8.4816884,ChIJ8eO18QS7BTsR9-mk0uB4jYw,OPERATIONAL,https://www.google.com/maps/place/?q=place_id:ChIJ8eO18QS7BTsR9-mk0uB4jYw
ONE CUP OF TEA CAFE,"SHOP NO.1, ONE CUP OF TEA CAFE, Beach Rd, opp. PUNJABI DHAABA, Vizhinjam, Kovalam, Thiruvananthapuram, Kerala 695527, India",+91 73566 46274,76.9837855,8.3969735,ChIJYc3HDS2lBTsRCws79CFIbJU,CLOSED_TEMPORARILY,https://www.google.com/maps/place/?q=place_id:ChIJYc3HDS2lBTsRCws79CFIbJU
One Three Five Kitchen,"GW6H+H7C, near Shans Academy, Kumarapuram, Thiruvananthapuram, Kerala 695011, India",+91 90745 83918,76.9282564,8.5114656,ChIJCdDZbQC7BTsRjqABtjyr_rk,OPERATIONAL,https://www.google.com/maps/place/?q=place_id:ChIJCdDZbQC7BTsRjqABtjyr_rk
Oonuneram,"FXFH+C2C, Kuttikadu Ln, Kaimanam, Pappanamcode, Thiruvananthapuram, Kerala 695018, India",,76.9775312,8.473556799999999,ChIJM2rrPPC6BTsR1s79spcDg5A,CLOSED_TEMPORARILY,https://www.google.com/maps/place/?q=place_id:ChIJM2rrPPC6BTsR1s79spcDg5A
ootupura vibes nalnchira,"GWQX+M5W, Nalanchira, Paruthippara, Thiruvananthapuram, Kerala 695015, India",,76.9479508,8.539227799999999,ChIJrSMJKYO5BTsRCsAA_3cNj8I,CLOSED_TEMPORARILY,https://www.google.com/maps/place/?q=place_id:ChIJrSMJKYO5BTsRCsAA_3cNj8I
Open House Restaurant,"Kunnumpuram Rd, opp. sbi, Kunnumpuram, Pulimoodu, Thiruvananthapuram, Kerala 695001, India",+91 471 246 7695,76.9442584,8.491224899999999,ChIJC2kbyby7BTsRLHqiiy-EcIM,OPERATIONAL,https://www.google.com/maps/place/?q=place_id:ChIJC2kbyby7BTsRLHqiiy-EcIM
Opr Family Restaurant,"Aravinda Building, Vizhinjam Rd, near Shivas Sports Hub, Pallichal, Kalliyoor, Kerala 695020, India",,77.0180771,8.4386543,ChIJWx50T_yvBTsR6n66Ajwzhfc,OPERATIONAL,https://www.google.com/maps/place/?q=place_id:ChIJWx50T_yvBTsR6n66Ajwzhfc
OPR Thattukada,"Pallichal - Vizhinjam Rd, Punnamoodu, Pallichal, Kerala 695020, India",+91 98958 06032,77.0191528,8.4381764,ChIJDUx9kaCvBTsRWPkKV_Vu3_0,OPERATIONAL,https://www.google.com/maps/place/?q=place_id:ChIJDUx9kaCvBTsRWPkKV_Vu3_0
Oriental Spice,"Musaliar Buildings, Pattom - Kowdiar Rd, Near Federal Bank, Kuravankonam, Thiruvananthapuram, Kerala 695003, India",+91 471 272 9922,76.95132199999999,8.5227914,ChIJITZftdm7BTsRjg5GqPT8-Qg,OPERATIONAL,https://www.google.com/maps/place/?q=place_id:ChIJITZftdm7BTsRjg5GqPT8-Qg
Orila-homely meals. ഒരില ഹോമിലി മീൽസ്,"Kovalam Rd, Ambalathara, Thiruvananthapuram, Kerala 695026, India",+91 96333 77108,76.9524405,8.451275299999999,ChIJX8jQzHK7BTsRezlQAtPI_XE,OPERATIONAL,https://www.google.com/maps/place/?q=place_id:ChIJX8jQzHK7BTsRezlQAtPI_XE
Oru Curry Kada,"TC 41/1946 (2, MRA -62, Manacaud, Thiruvananthapuram, Kerala 695009, India",+91 96032 78451,76.9495992,8.474513800000002,ChIJQxmrAte7BTsRfXkSRp_VBZ0,OPERATIONAL,https://www.google.com/maps/place/?q=place_id:ChIJQxmrAte7BTsRfXkSRp_VBZ0
ORZO,"Pongumoodu, Thiruvananthapuram, Kerala 695011, India",,76.92548029999999,8.5392467,ChIJMfTRCAC5BTsRj8Q3krugf10,OPERATIONAL,https://www.google.com/maps/place/?q=place_id:ChIJMfTRCAC5BTsRj8Q3krugf10
Our Taste Take -Away,"HX74+43R, Peroorkada Mannanthala Rd, Thiruvananthapuram, Kerala 695043, India",,76.9551395,8.562874899999999,ChIJ6eBWXAC5BTsRgHD5-rsZcH0,CLOSED_TEMPORARILY,https://www.google.com/maps/place/?q=place_id:ChIJ6eBWXAC5BTsRgHD5-rsZcH0
Oven Story,"T.C 6/1367, 1st Floor, Bhagavathy Plaza Pongummoodu Medical College, PO, Ulloor, Thiruvananthapuram, Kerala 695011, India",+91 77383 83000,76.925972,8.53825,ChIJ33HdsXm5BTsRkqpvKRBr5aE,OPERATIONAL,https://www.google.com/maps/place/?q=place_id:ChIJ33HdsXm5BTsRkqpvKRBr5aE
Ovenly,"Udarasiromani Rd, Vazhuthacaud, Thiruvananthapuram, Kerala 695010, India",+91 96056 69888,76.96310890000001,8.5065029,ChIJaQG8Rom7BTsRTQ54Lai6lg0,OPERATIONAL,https://www.google.com/maps/place/?q=place_id:ChIJaQG8Rom7BTsRTQ54Lai6lg0
Oyster Restaurant,"Samudra Beach, GV Raja Rd, Kovalam, Thiruvananthapuram, Kerala 695527, India",+91 97461 25839,76.9720535,8.401168799999999,ChIJj95f7galBTsRgywbY99gG3M,OPERATIONAL,https://www.google.com/maps/place/?q=place_id:ChIJj95f7galBTsRgywbY99gG3M
PA KITCHEN,"FX62+V34, Trivandrum Vizhinjam Rd, Kallattumukku, Kallat Nagar, Kallattumukku, Thiruvananthapuram, Kerala 695009, India",,76.9502171,8.4621274,ChIJ1X4IzBe7BTsRKftRM8X1-js,OPERATIONAL,https://www.google.com/maps/place/?q=place_id:ChIJ1X4IzBe7BTsRKftRM8X1-js
Padheyam Food Court,"Padheyam Food, 986, Court Aakkulam Road, Prasanth Nagar, Pulayanarkotta, Thiruvananthapuram, Kerala 695011, India",+91 80751 42360,76.91940799999999,8.5251921,ChIJJb54Q1W5BTsRMtOz5cgSuk8,OPERATIONAL,https://www.google.com/maps/place/?q=place_id:ChIJJb54Q1W5BTsRMtOz5cgSuk8
Padma Cafe,"TC-26, 1571, YMCA Rd, Statue, Palayam, Thiruvananthapuram, Kerala 695001, India",,76.9491881,8.4958893,ChIJe6XDOf67BTsRaxVDA1WXg2o,OPERATIONAL,https://www.google.com/maps/place/?q=place_id:ChIJe6XDOf67BTsRaxVDA1WXg2o
Padma Hotel (veetile oonu),"GW6H+2J6, Burma Rd, Kumarapuram, Thiruvananthapuram, Kerala 695011, India",,76.9289816,8.510071,ChIJXw1_fgC7BTsRAtlKkm7fFcw,OPERATIONAL,https://www.google.com/maps/place/?q=place_id:ChIJXw1_fgC7BTsRAtlKkm7fFcw
Pais kitchen,"GV8X+9FR, opp. Lulu Mall, Oruvathilkotta, Aakkulam, Thiruvananthapuram, Kerala 695029, India",,76.89909260000002,8.5155497,ChIJ9UmLPQC9BTsR4OLn1lUqMfU,OPERATIONAL,https://www.google.com/maps/place/?q=place_id:ChIJ9UmLPQC9BTsR4OLn1lUqMfU
Pakida Board Game Cafe,"opposite Technopark Trivandrum, Pallinada, Kazhakkoottam, Thiruvananthapuram, Kerala 695582, India",+91 94975 74770,76.87636169999999,8.5549722,ChIJmSIdXAC_BTsRcTEeuzkxgEE,CLOSED_TEMPORARILY,https://www.google.com/maps/place/?q=place_id:ChIJmSIdXAC_BTsRcTEeuzkxgEE
"Pakku‘s Restaurant,Catering&Events","GW5Q+8F4, Gowreesapattom Rd, Mulavana, Barton Hill Colony, Kunnukuzhy, Thiruvananthapuram, Kerala 695035, India",+91 77364 05010,76.9387184,8.5082556,ChIJbb0QYAC7BTsRZ1m9r7Y35g0,OPERATIONAL,https://www.google.com/maps/place/?q=place_id:ChIJbb0QYAC7BTsRZ1m9r7Y35g0
Palace Restaurant,"716, Prasanth Nagar Rd, Prasanth Nagar, Ulloor, Thiruvananthapuram, Kerala 695011, India",+91 99951 95681,76.92075820000001,8.5301773,ChIJsRWAeVO5BTsRgrDeJ7ipVIk,OPERATIONAL,https://www.google.com/maps/place/?q=place_id:ChIJsRWAeVO5BTsRgrDeJ7ipVIk
palace thattukada,"SRA/A/35, Eanchakkal, Thiruvananthapuram, Kerala 695008, India",,76.929386,8.4773987,ChIJJ9GMPAC7BTsRnaST23BHAPQ,CLOSED_TEMPORARILY,https://www.google.com/maps/place/?q=place_id:ChIJJ9GMPAC7BTsRnaST23BHAPQ
Palada payasam,"GWQG+Q62, Pongumoodu, Thiruvananthapuram, Kerala 695011, India",,76.92552789999999,8.539379199999999,ChIJFfIBXQC5BTsRtpGBRtp5e10,OPERATIONAL,https://www.google.com/maps/place/?q=place_id:ChIJFfIBXQC5BTsRtpGBRtp5e10
Palazhi Restaurant,"Moozhinada, G23H+QQG, Thachottukavu, Thiruvananthapuram, Peyad, Kerala 695571, India",,77.0294377,8.5044259,ChIJJTo5fwCxBTsRni56eGuIzz8,OPERATIONAL,https://www.google.com/maps/place/?q=place_id:ChIJJTo5fwCxBTsRni56eGuIzz8
Pammoos Tattukada,"HX3V+WXC, Kachani Aruvikkara Rd, Kachani, Thiruvananthapuram, Kerala 695564, India",,76.99480729999999,8.5550588,ChIJjcB9QQC5BTsRx1pMKT9YddM,OPERATIONAL,https://www.google.com/maps/place/?q=place_id:ChIJjcB9QQC5BTsRx1pMKT9YddM
Panayil stores Naadan Thattukada,"GWG2+55W Panayil stores, Ulloor - Akkulam Rd, opp. NISH, Thiruvananthapuram, Kerala 695017, India",,76.90043849999999,8.5254917,ChIJdR09agC_BTsR-1_le4ejjwg,OPERATIONAL,https://www.google.com/maps/place/?q=place_id:ChIJdR09agC_BTsR-1_le4ejjwg
PANCHI'S KITCHEN,"Panchis Kitchen, Maruthoor Rd, opposite Favourite Homes Kalppada, Maruthoor, Thiruvananthapuram, Kerala 695015, India",+91 94978 72762,76.9487106,8.5703275,ChIJ5eqnCAC5BTsRP_xdNcrn2qA,OPERATIONAL,https://www.google.com/maps/place/?q=place_id:ChIJ5eqnCAC5BTsRP_xdNcrn2qA
Pankaj Restaurant,"HW7M+8MH, Powdikonam Rd, Keraladityapuram, Thiruvananthapuram, Kerala 695588, India",,76.9342364,8.5633118,ChIJr4FaEwC5BTsR1Rr5C1KjFWE,OPERATIONAL,https://www.google.com/maps/place/?q=place_id:ChIJr4FaEwC5BTsR1Rr5C1KjFWE
Pankayam,"JUST AFTER UNDERPASS, Bakery Flyover, Nandavanam, Palayam, Thiruvananthapuram, Kerala 695033, India",+91 94950 29029,76.9531634,8.502780699999999,ChIJ09tElOS7BTsRyC5Ae_rPOj0,OPERATIONAL,https://www.google.com/maps/place/?q=place_id:ChIJ09tElOS7BTsRyC5Ae_rPOj0
Papanchani New Nadan Hotel,"CXQG+H7H, Thiruvananthapuram, Kerala 695027, India",,76.97574329999999,8.438934999999999,ChIJFw0Wk46lBTsR4TEO8g_A2Dg,OPERATIONAL,https://www.google.com/maps/place/?q=place_id:ChIJFw0Wk46lBTsR4TEO8g_A2Dg
Papaya Restaurant,"GWQR+4J4, Nalanchira P.O, Tilak Nagar, Parottukonam, Thiruvananthapuram, Kerala 695015, India",,76.9415836,8.5377563,ChIJBwADP7y5BTsRVLX5jTGPQ9o,OPERATIONAL,https://www.google.com/maps/place/?q=place_id:ChIJBwADP7y5BTsRVLX5jTGPQ9o
Pappanamcode,"FX9J+XRM, Vishnu Nagar, Pappanamcode, Thiruvananthapuram, Kerala 695018, India",,76.9820474,8.4699738,ChIJz1SeCAC7BTsR-vRNVMDviUU,OPERATIONAL,https://www.google.com/maps/place/?q=place_id:ChIJz1SeCAC7BTsR-vRNVMDviUU
Pappaya Restaurant &Cool Bar,"GXP8+XHC, Peroorkada, Thiruvananthapuram, Kerala 695005, India",,76.96639859999999,8.5374419,ChIJsW8hMJ25BTsRaLwd4K2pUfo,OPERATIONAL,https://www.google.com/maps/place/?q=place_id:ChIJsW8hMJ25BTsRaLwd4K2pUfo
Paradise Family Restaurant,"Ulloor Pump, Ulloor Junction, P T Chacko Nagar, Ulloor, Thiruvananthapuram, Kerala 695011, India",+91 89214 08112,76.9288507,8.5295319,ChIJjxQbUwK5BTsRRvnTDAg5EJQ,OPERATIONAL,https://www.google.com/maps/place/?q=place_id:ChIJjxQbUwK5BTsRRvnTDAg5EJQ
Paragon Restaurant,"5,OPPO, TC 2, South Indian Bank, 44, Ulloor Brg, Kesavadasapuram, Thiruvananthapuram, Kerala 695004, India",+91 89439 97755,76.9343234,8.529281899999999,ChIJYXR1S1m5BTsR8EpNyZe6-vg,OPERATIONAL,https://www.google.com/maps/place/?q=place_id:ChIJYXR1S1m5BTsR8EpNyZe6-vg
PARAGON RESTAURANT LULU TRIVANDRUM,"2nd Floor, Lulu International Shopping Mall, Kochuveli, Thiruvananthapuram, Kerala 695029, India",+91 471 222 0060,76.8978216,8.5151392,ChIJv-RCrGq9BTsRTF20-8msPvI,OPERATIONAL,https://www.google.com/maps/place/?q=place_id:ChIJv-RCrGq9BTsRTF20-8msPvI
Paris Hotel,"Kulavikonam, Pazhavadi, Nedumangad, Kerala 695541, India",+91 81138 41377,77.00417089999999,8.603513099999999,ChIJNQmQpgS4BTsRzaZZkLVKU30,OPERATIONAL,https://www.google.com/maps/place/?q=place_id:ChIJNQmQpgS4BTsRzaZZkLVKU30
Park Rajadhani,"Ulloor Gardens Rd, near Village Office, Ulloor, Ulloor Garden, Ulloor, Thiruvananthapuram, Kerala 695011, India",+91 471 244 2627,76.93008789999999,8.530007,ChIJq6qqqlG5BTsR1gVZptbLuio,OPERATIONAL,https://www.google.com/maps/place/?q=place_id:ChIJq6qqqlG5BTsR1gVZptbLuio
Pathayam - Millets Café,"FXV2+R9Q, Press Rd, Near Secretariat, Santhi Nagar, Pulimoodu, Thiruvananthapuram, Kerala 695001, India",+91 471 232 0187,76.9509851,8.4945933,ChIJD9MEA7u7BTsRPm9ZAoESOcI,OPERATIONAL,https://www.google.com/maps/place/?q=place_id:ChIJD9MEA7u7BTsRPm9ZAoESOcI
PATTATHIL,"HW48+9FH, Sreekariyam - Pothencode Rd, Thiruvananthapuram, Kerala 695017, India",,76.9162197,8.5559289,ChIJcyx4b82-BTsRTRONfUPGuJw,OPERATIONAL,https://www.google.com/maps/place/?q=place_id:ChIJcyx4b82-BTsRTRONfUPGuJw
Pattom Royal Hotel,"nr. Josco Jewellers, P.O, Pattom, Thiruvananthapuram, Kerala 695004, India",+91 471 254 0888,76.9435275,8.5176758,ChIJHb9Qrt27BTsRK_Lo9mVe7r4,OPERATIONAL,https://www.google.com/maps/place/?q=place_id:ChIJHb9Qrt27BTsRK_Lo9mVe7r4
Paul's Creamery,"Ushasandya, PMG TTC Rd, next to ICICI bank, Pandits Colony Extension, Kowdiar, Thiruvananthapuram, Kerala 695003, India",+91 75949 21545,76.9599744,8.519385399999999,ChIJ2zO56tO7BTsRyDBivVYTbb4,OPERATIONAL,https://www.google.com/maps/place/?q=place_id:ChIJ2zO56tO7BTsRyDBivVYTbb4
Pavi's Taste Buds,"Anayara Rd, Kudavoor, Kallummoodu, Anayara, Thiruvananthapuram, Kerala 695029, India",+91 75109 97462,76.9210373,8.5014817,ChIJbVxIPOu7BTsRhhBwM-Ha_n8,OPERATIONAL,https://www.google.com/maps/place/?q=place_id:ChIJbVxIPOu7BTsRhhBwM-Ha_n8
Pavizham Sea Foods and Family Restaurant,"F2RV+VGX, Malayinkeezh, Kerala 695571, India",,77.0431042,8.4923957,ChIJnbfGLgCxBTsR7FCNp3ktXos,CLOSED_TEMPORARILY,https://www.google.com/maps/place/?q=place_id:ChIJnbfGLgCxBTsR7FCNp3ktXos
Pazhakanji Kada,"Killipalam, Karamana, Thiruvananthapuram, Kerala 695002, India",+91 96333 83139,76.958508,8.4805764,ChIJ3faS7Zy7BTsRLEWpzIPxo20,OPERATIONAL,https://www.google.com/maps/place/?q=place_id:ChIJ3faS7Zy7BTsRLEWpzIPxo20
PAZHAMA RESTAURANT,"1st Floor, Sankamithra Tower, near Olampara junction, Sangeetha Nagar, Peroorkada, Thiruvananthapuram, Kerala 695005, India",+91 88488 68500,76.96825,8.529176399999999,ChIJ94at5mO5BTsR5WhIUS-o_Oc,CLOSED_TEMPORARILY,https://www.google.com/maps/place/?q=place_id:ChIJ94at5mO5BTsR5WhIUS-o_Oc
Pazhamkanji,"F2QV+638, Malayinkeezh, Kerala 695571, India",,77.0426493,8.4880955,ChIJOcg4agCxBTsRVbna9LCxzJc,OPERATIONAL,https://www.google.com/maps/place/?q=place_id:ChIJOcg4agCxBTsRVbna9LCxzJc
Pazhayidom Ruchi - Trivandrum,"Sreevaraham Rd, Puthen Street, Attakulangara, Thiruvananthapuram, Kerala 695009, India",+91 90610 01416,76.9464845,8.4789458,ChIJswjLU4a7BTsRI38aOYF-IYY,OPERATIONAL,https://www.google.com/maps/place/?q=place_id:ChIJswjLU4a7BTsRI38aOYF-IYY
Peelu Fast Food,"Vedivachan Coil, Thiruvananthapuram, Kerala 695042, India",+91 90742 82313,77.019023,8.423199,ChIJpfVCaPWvBTsRQh-jvKw-ZaY,CLOSED_TEMPORARILY,https://www.google.com/maps/place/?q=place_id:ChIJpfVCaPWvBTsRQh-jvKw-ZaY
Peni Ice Candy - Balaramapuram,"Building no.1642 (Ground Floor), Medayil Building, ward no 19, Kodinada Junction, Balaramapuram, Kerala 695501, India",+91 90379 19434,77.04437229999999,8.426232599999999,ChIJCS_xIOuvBTsR_XLS3yGfWPg,OPERATIONAL,https://www.google.com/maps/place/?q=place_id:ChIJCS_xIOuvBTsR_XLS3yGfWPg
Peni Ice Candy - Kazhakootam,"PVRA 112, 1st Floor, near, Main Gate, Technopark Rd, Technopark Campus, Pallinada, Thiruvananthapuram, Kerala 695583, India",+91 99958 58497,76.87676119999999,8.5559101,ChIJ0YDAbPa_BTsRrZHK5-W39mE,OPERATIONAL,https://www.google.com/maps/place/?q=place_id:ChIJ0YDAbPa_BTsRrZHK5-W39mE
Peni Ice Candy - Kuravankonam,"Ground Floor, E&M Tower, Kowidar Circle, P.O, Kowdiar, Kuravankonam, Thiruvananthapuram, Kerala 695003, India",+91 75938 37372,76.9497808,8.5220089,ChIJbe8JC4O7BTsRhTasrUFf-JY,OPERATIONAL,https://www.google.com/maps/place/?q=place_id:ChIJbe8JC4O7BTsRhTasrUFf-JY
Peni Ice Candy - Medical College Jn.,"Tc 1 1627, Medical College Kumarapuram Rd, opposite to Medical College Police station, Murinjapalam, Thiruvananthapuram, Kerala 695011, India",+91 90378 34057,76.9295479,8.521265999999999,ChIJoTapbAC7BTsRiQtYpCBepuM,OPERATIONAL,https://www.google.com/maps/place/?q=place_id:ChIJoTapbAC7BTsRiQtYpCBepuM
Peni Ice Candy - Sasthamangalam,"Sasthamangalam, Thiruvananthapuram, Kerala 695010, India",+91 99958 58273,76.96965759999999,8.5122664,ChIJM65Q0fi7BTsRGrAEpE_viE4,OPERATIONAL,https://www.google.com/maps/place/?q=place_id:ChIJM65Q0fi7BTsRGrAEpE_viE4
Peni Ice Candy - Shangumugham,"Shangumukham, Kannanthura, Thiruvananthapuram, Kerala 695008, India",+91 90379 19432,76.9142174,8.4765921,ChIJkZLG4aa9BTsRamZeBTdSavA,OPERATIONAL,https://www.google.com/maps/place/?q=place_id:ChIJkZLG4aa9BTsRamZeBTdSavA
Peni Ice Candy - Vattiyoorkavu,"Vattiyoorkavu, Vattiyoorkkav-Arappura Rd, Manchadi Moodu, Thiruvananthapuram, Kerala 695013, India",+91 90378 72634,76.9883093,8.5234693,ChIJTW2eHwC7BTsRK9GVTexcvXI,OPERATIONAL,https://www.google.com/maps/place/?q=place_id:ChIJTW2eHwC7BTsRK9GVTexcvXI
Penta Hut Restaurant,"Palichal-Vizhinjam road Nemom, P.O, Thiruvananthapuram, Pallichal, Kerala 695020, India",+91 99955 65685,77.0186982,8.439866799999999,ChIJa6FAKm-vBTsRSd3O8jdor7s,OPERATIONAL,https://www.google.com/maps/place/?q=place_id:ChIJa6FAKm-vBTsRSd3O8jdor7s
PEPPO FLAVO RESTAURANT,"Attakulangara Junction, Eanchakkal Bypass Road, near Madan Temple, Attakulangara, Thiruvananthapuram, Kerala 695009, India",+91 97782 67772,76.9472813,8.478997099999999,ChIJT_0vde67BTsRC03ogu2Y5ko,CLOSED_TEMPORARILY,https://www.google.com/maps/place/?q=place_id:ChIJT_0vde67BTsRC03ogu2Y5ko
Peroorkada,"GXQ7+V55, Peroorkada, Thiruvananthapuram, Kerala 695005, India",,76.9629843,8.539648099999999,ChIJd5PSBAC5BTsRX4Ur4ccXaPw,OPERATIONAL,https://www.google.com/maps/place/?q=place_id:ChIJd5PSBAC5BTsRX4Ur4ccXaPw
Pettah railway station Vegetarian Refreshment Stall,"FWWJ+2P8, Pettah, Thiruvananthapuram, Kerala 695024, India",,76.9318133,8.4950277,ChIJkVR1Wcq7BTsRWLAgjRVmt6I,OPERATIONAL,https://www.google.com/maps/place/?q=place_id:ChIJkVR1Wcq7BTsRWLAgjRVmt6I
PETTI KADA,"HV9R+48P, Karyavattom, Thiruvananthapuram, Kerala 695581, India",,76.8908318,8.5678435,ChIJ_e2SdwC_BTsRKZ-2IG38qYc,OPERATIONAL,https://www.google.com/maps/place/?q=place_id:ChIJ_e2SdwC_BTsRKZ-2IG38qYc
Pettikada,"HV8Q+H75, Karyavattom, Thiruvananthapuram, Kerala 695581, India",,76.88824410000001,8.566378,ChIJ6wuMTAC_BTsRgRD8t9Exjhs,OPERATIONAL,https://www.google.com/maps/place/?q=place_id:ChIJ6wuMTAC_BTsRgRD8t9Exjhs
peyad pallimukku,"G266+RV6, Thiruvananthapuram - Neyyar Dam Rd, Pallimukku, Peyad, Kerala 695573, India",,77.0121492,8.512032999999999,ChIJDxNVwqawBTsR9dJIngSSUHg,CLOSED_TEMPORARILY,https://www.google.com/maps/place/?q=place_id:ChIJDxNVwqawBTsR9dJIngSSUHg
"Pizza Hut | Karamana, Thiruvananthapuram","CTO Colony, Pappanamcode, Thiruvananthapuram, Kerala 695018, India",+91 85068 60121,76.9814403,8.4696882,ChIJd_ob6yu7BTsRMaAswG--Xdw,OPERATIONAL,https://www.google.com/maps/place/?q=place_id:ChIJd_ob6yu7BTsRMaAswG--Xdw
"Pizza Hut | Kazhakuttom, Thiruvananthapuram","Anjali Arcade, Attinkuzhy Rd, Arappuravilakam, Kulathoor, Thiruvananthapuram, Kerala 695583, India",+91 1800 202 2022,76.8772773,8.5505962,ChIJNQwyaye_BTsRBmcoT6f8sAE,OPERATIONAL,https://www.google.com/maps/place/?q=place_id:ChIJNQwyaye_BTsRBmcoT6f8sAE
"Pizza Hut | Lulu Mall, Trivandrum","Unit No 121, Lulu Mall, Akkulam Bridge, Anayara, Thiruvananthapuram, Kerala 695029, India",+91 86556 16098,76.898065,8.514796,ChIJy7PdYaq9BTsRXTeH2sKRB7Y,OPERATIONAL,https://www.google.com/maps/place/?q=place_id:ChIJy7PdYaq9BTsRXTeH2sKRB7Y
"Pizza Hut | Mall of Travancore, Trivandrum","2nd floor, Mall Of Travancore, SF 25, Chakai Enchakkal Bypass Road, Chacka, Thiruvananthapuram, Kerala 695007, India",+91 86556 16108,76.9109612,8.499649,ChIJa8j9XdC7BTsRzGiQNBaYV4E,OPERATIONAL,https://www.google.com/maps/place/?q=place_id:ChIJa8j9XdC7BTsRzGiQNBaYV4E
"Pizza Hut | MG Road Pilimoode, Trivandrum","No TC 25/205/1 & 25/206/1, SHA Towers MG Road, Junction, Santhi Nagar, Pulimoodu, Thiruvananthapuram, Kerala 695001, India",+91 89768 84948,76.9480586,8.4943857,ChIJLR7DtLK7BTsR9dzHlIY8kLA,OPERATIONAL,https://www.google.com/maps/place/?q=place_id:ChIJLR7DtLK7BTsR9dzHlIY8kLA
"Pizza Hut | Pattom, Trivandrum","TC 2, Oban Square, 361 /1, near Ulloor Bridge, Aiswarya Nagar, Pattom, Thiruvananthapuram, Kerala 695004, India",+91 86556 89251,76.9337783,8.5287233,ChIJ3S8cL1-5BTsRNbjCW-5oGFc,OPERATIONAL,https://www.google.com/maps/place/?q=place_id:ChIJ3S8cL1-5BTsRNbjCW-5oGFc
"Pizza Hut | Salih Square, Thiruvananthapuram","Salih Square, Pothencode, Thiruvananthapuram, Kerala 695584, India",+91 89290 34332,76.89991800000001,8.621654,ChIJ-1lYA0DBBTsRRY1K3jp6NVY,OPERATIONAL,https://www.google.com/maps/place/?q=place_id:ChIJ-1lYA0DBBTsRRY1K3jp6NVY
"Pizza Hut | Sashthamangalam, Trivandrum","Ground Floor, Jawahar Nagar, Sasthamangalam, Thiruvananthapuram, Kerala 695010, India",+91 86556 16097,76.9679232,8.5118369,ChIJM-_nx-q7BTsRqpsrYZ5nPA0,OPERATIONAL,https://www.google.com/maps/place/?q=place_id:ChIJM-_nx-q7BTsRqpsrYZ5nPA0
Pizzeria Toto,"Adithya Building Near KWA Pump House Pongummoodu, Ulloor, Thiruvananthapuram, Kerala 695011, India",+91 80892 17890,76.9266095,8.5369391,ChIJfXM_OZW_BTsR4cL1cCMO19U,OPERATIONAL,https://www.google.com/maps/place/?q=place_id:ChIJfXM_OZW_BTsR4cL1cCMO19U
PKB KEPCO Chicken Outlet / Abad Fish & Frozen foods.,"Indian Oil petrol pump, Civil Station Road, Kudappanakunnu, P.O, Peroorkada, Thiruvananthapuram, Kerala 695005, India",+91 94475 56021,76.95957419999999,8.5476616,ChIJn1xf-zm5BTsRIHY4qwJYVRs,OPERATIONAL,https://www.google.com/maps/place/?q=place_id:ChIJn1xf-zm5BTsRIHY4qwJYVRs
Plamoodu restaurant,"GW7W+C7X, jn area, Pushpa Nagar, Nethaji Nagar, Plammoodu, Thiruvananthapuram, Kerala 695004, India",,76.9457001,8.5135699,ChIJcd2o9oS7BTsR0a4aEdIuyEQ,OPERATIONAL,https://www.google.com/maps/place/?q=place_id:ChIJcd2o9oS7BTsR0a4aEdIuyEQ
Plated Kazhakootam,"Diamond arcade, near Technopark phase 1, Technopark Campus, main gate, Kazhakkoottam, Thiruvananthapuram, Kerala 695583, India",,76.8766265,8.5570184,ChIJ07Cz7cK_BTsRBJL3Vzw9wDA,CLOSED_TEMPORARILY,https://www.google.com/maps/place/?q=place_id:ChIJ07Cz7cK_BTsRBJL3Vzw9wDA
Plated Trivandrum,"Trivandrum Bakery Palayam Rd, Housing Board, Thycaud, Thiruvananthapuram, Kerala 695001, India",+91 87144 78718,76.95416589999999,8.4993979,ChIJgVBn5q-7BTsR2TRz50WI2Gc,OPERATIONAL,https://www.google.com/maps/place/?q=place_id:ChIJgVBn5q-7BTsR2TRz50WI2Gc
PLAV,"TC 28 304, Pound Road , Thycaud Police Parade Ground, Rd, Paund Colony, Thycaud, Thiruvananthapuram, Kerala 695014, India",+91 94965 02958,76.9576992,8.4958446,ChIJd3mFoUW7BTsRz5wufZx4Y64,OPERATIONAL,https://www.google.com/maps/place/?q=place_id:ChIJd3mFoUW7BTsRz5wufZx4Y64
POCKET SAVER - FOOD TRUCK,"VATTIYOORKAVU, JN, Mannarakonam, Thiruvananthapuram, Kerala 695013, India",+91 89212 87187,76.9896814,8.529229599999999,ChIJk4AMS4C5BTsR_mKloHcGRT4,OPERATIONAL,https://www.google.com/maps/place/?q=place_id:ChIJk4AMS4C5BTsR_mKloHcGRT4
Pocket SAVER TAKE-AWAY 6,"Pravachambalam Jn, Pravachambalam, Thiruvananthapuram, Nemom, Kerala 695020, India",+91 90376 85921,77.010172,8.4496522,ChIJTxWV9W2xBTsR7-mkqQ7jp5s,OPERATIONAL,https://www.google.com/maps/place/?q=place_id:ChIJTxWV9W2xBTsR7-mkqQ7jp5s
PONDIS PIZZA HUB,"Mukkolakkal Junction, Kazhakoottam, near Traffic Signal, Thiruvananthapuram, Kerala 695582, India",+91 79940 20102,76.8768778,8.546951800000002,ChIJbSgCwp-_BTsRUX-zxBcNV88,OPERATIONAL,https://www.google.com/maps/place/?q=place_id:ChIJbSgCwp-_BTsRUX-zxBcNV88
Ponnu Fast Food,"Kulakkod, Vellanad - Aruvikkara Rd, Vellanad, Kerala 695543, India",,77.04765189999999,8.568985399999999,ChIJB6kKtGy3BTsRowpsbN7NbL8,OPERATIONAL,https://www.google.com/maps/place/?q=place_id:ChIJB6kKtGy3BTsRowpsbN7NbL8
Ponnu's food world,"Kuriyathi Rd, near babu store, Manacaud, Thiruvananthapuram, Kerala 695009, India",+91 99953 41178,76.9519242,8.477893,ChIJR1kIsou7BTsRnLGz6-Yn3ME,OPERATIONAL,https://www.google.com/maps/place/?q=place_id:ChIJR1kIsou7BTsRnLGz6-Yn3ME
Ponnus Family Restaurant,"Pothencode, Kerala 695584, India",+91 79075 55081,76.9014522,8.6171959,ChIJI_wKXb3BBTsRhZYsMrNdkCc,OPERATIONAL,https://www.google.com/maps/place/?q=place_id:ChIJI_wKXb3BBTsRhZYsMrNdkCc
Poojapura,"PJ/9164, Mudavanmugal Rd, Kesari Nagar, Poojapura, Thiruvananthapuram, Kerala 695012, India",,76.977305,8.4903037,ChIJozesHQC7BTsROJVrlBPBfnM,CLOSED_TEMPORARILY,https://www.google.com/maps/place/?q=place_id:ChIJozesHQC7BTsROJVrlBPBfnM
POORAM FAST FOOD,"F26R+9V7, Pravachambalam - Ooruttambalam Rd, Valiyarthala, Kerala 695507, India",+91 98953 46670,77.04218399999999,8.460909299999999,ChIJ18zLeLSxBTsR8JcHKhzIago,OPERATIONAL,https://www.google.com/maps/place/?q=place_id:ChIJ18zLeLSxBTsR8JcHKhzIago
Porotta Hut,"Kuranganoor Road, Pattom, Thiruvananthapuram, Kerala 695004, India",+91 98958 89757,76.9442293,8.5167295,ChIJ45GcJ-G7BTsR5Qw73-BrnRA,OPERATIONAL,https://www.google.com/maps/place/?q=place_id:ChIJ45GcJ-G7BTsR5Qw73-BrnRA
Porotta Hut- Manacaud,"Trivandrum Vizhinjam Rd, Manacaud, Thiruvananthapuram, Kerala 695009, India",+91 90205 02023,76.94755239999999,8.4737096,ChIJ59r-7-C7BTsRAf0gePgQD74,OPERATIONAL,https://www.google.com/maps/place/?q=place_id:ChIJ59r-7-C7BTsRAf0gePgQD74
Pournami Kerala Meals Centre..,"Pournami, Alumoodu Ln, Thirumala, Thiruvananthapuram, Kerala 695006, India",+91 79070 09438,76.9938111,8.5048756,ChIJJ3e1R7K7BTsRZ-PkSI-IZzk,OPERATIONAL,https://www.google.com/maps/place/?q=place_id:ChIJJ3e1R7K7BTsRZ-PkSI-IZzk
PR Fast Food,"PR FastFood Near Nemom, Post Office, Thiruvananthapuram, Nemom, Kerala 695020, India",+91 94472 89272,77.0027642,8.454561499999999,ChIJV3RtVKS6BTsRwaHSiyvtzLE,OPERATIONAL,https://www.google.com/maps/place/?q=place_id:ChIJV3RtVKS6BTsRwaHSiyvtzLE
PR IDLI STALL,"G278+FV2, Peyad, Kerala 695573, India",+91 85906 16897,77.0171414,8.5136387,ChIJN95wOgCxBTsRkpeibhobIm0,OPERATIONAL,https://www.google.com/maps/place/?q=place_id:ChIJN95wOgCxBTsRkpeibhobIm0
PRASANNA KUMARI S,"Prasanna Kumari Shop, Pazhavadi, Thiruvananthapuram, Nedumangad, Kerala 695541, India",+91 98463 71353,77.00213049999999,8.610026699999999,ChIJWbmOdzC5BTsRO0JYSQM-yyQ,CLOSED_TEMPORARILY,https://www.google.com/maps/place/?q=place_id:ChIJWbmOdzC5BTsRO0JYSQM-yyQ
PRAVIN TOURIST HOME,"PRAVIN TOURIST HOME, Kesari Nagar, Poojapura, Thiruvananthapuram, Kerala 695012, India",+91 81568 10555,76.9762646,8.4934137,ChIJ9fmrqTa7BTsReoi7pAzNBDE,OPERATIONAL,https://www.google.com/maps/place/?q=place_id:ChIJ9fmrqTa7BTsReoi7pAzNBDE
Preetha hotel,"Balanagar, Vettukadu, Thiruvananthapuram, Kerala 695021, India",,76.89999739999999,8.4952145,ChIJNy7N6-a9BTsRfqtP77fvMKo,OPERATIONAL,https://www.google.com/maps/place/?q=place_id:ChIJNy7N6-a9BTsRfqtP77fvMKo
Preetha's kitchen,"KRISHNA (old 6/1133), Kazhakoottam, Circle, Manvila, Thiruvananthapuram, Kerala 695583, India",,76.8952785,8.544355699999999,ChIJA9Bcbfa_BTsRO-K5wrPD2YI,OPERATIONAL,https://www.google.com/maps/place/?q=place_id:ChIJA9Bcbfa_BTsRO-K5wrPD2YI
Premier Park Exclusive Hotels,"Puthenpalam, Subhash Nagar, Eanchakkal, Thiruvananthapuram, Kerala 695008, India",+91 471 250 8877,76.9353309,8.477944299999999,ChIJ74n_huS7BTsRafBm4WNuiJE,OPERATIONAL,https://www.google.com/maps/place/?q=place_id:ChIJ74n_huS7BTsRafBm4WNuiJE
Prime Bakers and Restaurant,"FXRG+9QR, Market Road, Kesari Nagar, Poojapura, Thiruvananthapuram, Kerala 695012, India",,76.9768764,8.4909842,ChIJswNnKAC7BTsRsJ3Zeup6fA0,OPERATIONAL,https://www.google.com/maps/place/?q=place_id:ChIJswNnKAC7BTsRsJ3Zeup6fA0
Prime Chapthy Corner,"3456/1, Madathinada, Thiruvananthapuram, Kerala 695043, India",+91 99477 39920,76.9500963,8.5489947,ChIJ9RSBOQC5BTsRZN5jKA0X5Gg,OPERATIONAL,https://www.google.com/maps/place/?q=place_id:ChIJ9RSBOQC5BTsRZN5jKA0X5Gg
Priyam Priyamullidam,"Thennoor, Vellayani, P. O, Nemom, Thiruvananthapuram, Kerala 695020, India",+91 95263 82182,76.9909667,8.4492865,ChIJt-nAX2C7BTsRYBF0RkrOX4A,OPERATIONAL,https://www.google.com/maps/place/?q=place_id:ChIJt-nAX2C7BTsRYBF0RkrOX4A
PROTMEALS,"RADHAKRISHNA LANE, Peroorkada Rd, Vazhayila, MG Nagar, Peroorkada, Thiruvananthapuram, Kerala 695005, India",+91 85929 29550,76.9738098,8.542702499999999,ChIJbR8aSAC5BTsRKhEVxxOgyUg,OPERATIONAL,https://www.google.com/maps/place/?q=place_id:ChIJbR8aSAC5BTsRKhEVxxOgyUg
Pulari Hotel,"C2GC+2WJ, Thiruvananthapuram, Kerala 695042, India",,77.02227049999999,8.425080099999999,ChIJIwksMy2vBTsR5CoNzYg8fi0,CLOSED_TEMPORARILY,https://www.google.com/maps/place/?q=place_id:ChIJIwksMy2vBTsR5CoNzYg8fi0
Punchakkari Restaurant,"CXXF+R55, Punchakkari Rd, Punchakkari, Thiruvananthapuram, Kerala 695002, India",+91 75109 11558,76.9729706,8.4495129,ChIJyTNUMdC6BTsRMXY5ZhZagME,OPERATIONAL,https://www.google.com/maps/place/?q=place_id:ChIJyTNUMdC6BTsRMXY5ZhZagME
Punchakkari Toddy shop,"CXXG+R49, Punchakkari, Thiruvananthapuram, Kerala 695002, India",+91 88483 24131,76.97539139999999,8.4495021,ChIJDcdJOgC7BTsR8FE7kgQdM68,OPERATIONAL,https://www.google.com/maps/place/?q=place_id:ChIJDcdJOgC7BTsR8FE7kgQdM68
Punchiri Chicken Stall,"HWXJ+MJ9, Vattappara Kuttiyani Pothencode Rd, Panthalacode, Thiruvananthapuram, Kerala 695028, India",,76.93160069999999,8.5991574,ChIJbWbheVK5BTsR3FYVnXgLc90,OPERATIONAL,https://www.google.com/maps/place/?q=place_id:ChIJbWbheVK5BTsR3FYVnXgLc90
Punjakkari Restaurant,"C2Q9+9M, Chalai, Pallichal, Thiruvananthapuram, Kerala 695020, India",,76.9541964,8.481166,ChIJdxAVO0KvBTsRdCXE65tgRN0,OPERATIONAL,https://www.google.com/maps/place/?q=place_id:ChIJdxAVO0KvBTsRdCXE65tgRN0
Pushpa chicken stall,"Poonthi Rd, Friends Nagar, Kumarapuram, Thiruvananthapuram, Kerala 695011, India",+91 90618 19913,76.9215882,8.5147627,ChIJ-XFkPBm7BTsR-zRKydv2qjQ,OPERATIONAL,https://www.google.com/maps/place/?q=place_id:ChIJ-XFkPBm7BTsR-zRKydv2qjQ
Puttukada,"Neelattinkara, Paruthikuzhy, Thiruvananthapuram, Kerala 695026, India",+91 93877 73104,76.94417059999999,8.4568858,ChIJbedpcjC7BTsRPsdd9tOHcDE,OPERATIONAL,https://www.google.com/maps/place/?q=place_id:ChIJbedpcjC7BTsRPsdd9tOHcDE
Puzhayoram Thattukada,"FXFJ+8QC, Thamalam-Pappanamcode Rd, Haritha Nagar, Vishnu Nagar, Pappanamcode, Thiruvananthapuram, Kerala 695012, India",,76.9819131,8.473287299999999,ChIJi58ofgC7BTsR9YztN43eXzI,CLOSED_TEMPORARILY,https://www.google.com/maps/place/?q=place_id:ChIJi58ofgC7BTsR9YztN43eXzI
Qazwa biriyani,"Kaimanam, Pappanamcode, Thiruvananthapuram, Kerala 695018, India",+91 62829 95418,76.9808281,8.4706724,ChIJ-RrrbAC7BTsRJTTcMAuj0pk,OPERATIONAL,https://www.google.com/maps/place/?q=place_id:ChIJ-RrrbAC7BTsRJTTcMAuj0pk
Queens Bakery,"HW7V+HJ7, Mannanthala - Vattapara Rd, Near Ranigiri Church, Mannanthala, Thiruvananthapuram, Kerala 695015, India",+91 96331 66355,76.9440499,8.563903000000002,ChIJw4A4Jx-5BTsR0dZzP4L2Do8,OPERATIONAL,https://www.google.com/maps/place/?q=place_id:ChIJw4A4Jx-5BTsR0dZzP4L2Do8
R R TAKE AWAY,"G2M2+G9V, Rd, Vattiyoorkkav Puliyarakkonam, Vayalikada, Vazhottukonam, Thiruvananthapuram, Kerala 695013, India",+91 94955 11484,77.0012794,8.5338698,ChIJC3VdvKq5BTsRQIgtmzRhELA,OPERATIONAL,https://www.google.com/maps/place/?q=place_id:ChIJC3VdvKq5BTsRQIgtmzRhELA
R-Two Tiffin Center and Juice world,"HXW5+5JF, Seemamula Junction, Vattappara, Kerala 695028, India",,76.9590314,8.5954299,ChIJxTegPgC5BTsRMLfYywZwZlI,OPERATIONAL,https://www.google.com/maps/place/?q=place_id:ChIJxTegPgC5BTsRMLfYywZwZlI
Rabian sea fish,"HX73+6W6, Thiruvananthapuram, Kerala 695043, India",,76.9547777,8.5630343,ChIJC_DT3Ze5BTsRsyWwqv9sPKo,CLOSED_TEMPORARILY,https://www.google.com/maps/place/?q=place_id:ChIJC_DT3Ze5BTsRsyWwqv9sPKo
RABIC SHAWARMA EXPRESS,"Mukkola, Nettayam, Thiruvananthapuram, Kerala 695564, India",,76.9871749,8.5474762,ChIJO88ATZW5BTsRi6w-PAjvKzE,CLOSED_TEMPORARILY,https://www.google.com/maps/place/?q=place_id:ChIJO88ATZW5BTsRi6w-PAjvKzE
Radhas Thattukada (Home made),"HWG3+VXF, Sreekariyam - Pothencode Rd, Thiruvananthapuram, Kerala 695587, India",,76.9049217,8.5771835,ChIJxzkBHm-_BTsRDrgttja4m-o,OPERATIONAL,https://www.google.com/maps/place/?q=place_id:ChIJxzkBHm-_BTsRDrgttja4m-o
RAHATH FAMILY RESTAURANT,"FW8J+Q7G, Valiyathura - Muttathara Rd, Priyadarsini Nagar, Vallakkadavu, Thiruvananthapuram, Kerala 695008, India",+91 95393 45468,76.9307176,8.466933000000001,ChIJxce_Q2-7BTsRBNbMeA63Cis,OPERATIONAL,https://www.google.com/maps/place/?q=place_id:ChIJxce_Q2-7BTsRBNbMeA63Cis
Rahath Hotel,"G2CH+GWQ, Kollamkonam, Thiruvananthapuram, Peyad, Kerala 695573, India",+91 99475 71314,77.02986910000001,8.5213429,ChIJm-qL8rawBTsRsD3EdmqJeCY,OPERATIONAL,https://www.google.com/maps/place/?q=place_id:ChIJm-qL8rawBTsRsD3EdmqJeCY
Rahath restaurant,"GV6V+JFX, Madhavapuram Colony, Veli, Thiruvananthapuram, Kerala 695021, India",,76.8937396,8.511610800000001,ChIJE1uFEQC9BTsRsonnhY-eOvw,OPERATIONAL,https://www.google.com/maps/place/?q=place_id:ChIJE1uFEQC9BTsRsonnhY-eOvw
Rahmah Restaurant,"Kovalam Rd, near bharath petroleum, Swagath Nagar, Paravankunnu, Thiruvananthapuram, Kerala 695009, India",,76.9503125,8.4574375,ChIJ79xixAC7BTsRZ9pJHqhjv1s,OPERATIONAL,https://www.google.com/maps/place/?q=place_id:ChIJ79xixAC7BTsRZ9pJHqhjv1s
Rahmaniya Kethel's Chicken,"Hotel Rahmaniya Kethel's Chicken Rehmaniya Lane, Chalai Bazaar, Chalai, Thiruvananthapuram, Kerala 695036, India",+91 471 246 0003,76.94975219999999,8.4831447,ChIJCSaTzty7BTsRhERwoaW-Ip4,OPERATIONAL,https://www.google.com/maps/place/?q=place_id:ChIJCSaTzty7BTsRhERwoaW-Ip4
Rahmaniya Kethels Chicken,"Plamoodu Thekkumoodu Residents Association, Plammoodu, Thiruvananthapuram, Kerala 695004, India",+91 77360 50008,76.9450696,8.5151065,ChIJZxzHXgi7BTsR1WVHJdJfCyo,OPERATIONAL,https://www.google.com/maps/place/?q=place_id:ChIJZxzHXgi7BTsR1WVHJdJfCyo
Rahmat Family Restaurant,"Vellayani Junction, Nemom, Kerala 695020, India",+91 79942 99921,76.9981014,8.458440099999999,ChIJ36Pl9567BTsRiNIyp4msU8Q,OPERATIONAL,https://www.google.com/maps/place/?q=place_id:ChIJ36Pl9567BTsRiNIyp4msU8Q
Rahmath family restaurant,"JX2W+H8G, Nedumangad, Kerala 695541, India",,76.9958387,8.6014488,ChIJBwx-2Ym5BTsR-8YbwF8tp1U,OPERATIONAL,https://www.google.com/maps/place/?q=place_id:ChIJBwx-2Ym5BTsR-8YbwF8tp1U
Rahmath Foods,"Pravachambalam, Nemom, Pallichal, Kerala 695020, India",+91 94956 31743,77.0110881,8.4494475,ChIJD9Rm3yOxBTsR56_cutkEFoo,OPERATIONAL,https://www.google.com/maps/place/?q=place_id:ChIJD9Rm3yOxBTsR56_cutkEFoo
Raif family Restaurant,"JX2W+H8W, Valicode, Nedumangad, Kerala 695541, India",+91 79942 51553,76.9958212,8.6014872,ChIJPSKkfZ25BTsRDKCjLJ-zA5A,OPERATIONAL,https://www.google.com/maps/place/?q=place_id:ChIJPSKkfZ25BTsRDKCjLJ-zA5A
Raj Hotel,"Mukkola, Velikkunnu, Veyilkunnu, Thiruvananthapuram, Kerala 695043, India",+91 98479 48434,76.954087,8.5346791,ChIJZ8qRwXq5BTsRhlE7IgbT_nU,OPERATIONAL,https://www.google.com/maps/place/?q=place_id:ChIJZ8qRwXq5BTsRhlE7IgbT_nU
Raja's Cafe,"92W3+H3H, Pallichal - Vizhinjam Rd, near Chandrika Textiles, Vizhinjam, Thiruvananthapuram, Kerala 695521, India",,77.0027449,8.3964315,ChIJjcJqT4KlBTsRlEqCNo0jCso,OPERATIONAL,https://www.google.com/maps/place/?q=place_id:ChIJjcJqT4KlBTsRlEqCNo0jCso
Rajan Thattukada,"F225+H74, Panvel - Kochi - Kanyakumari Hwy, Thiruvananthapuram, Nemom, Kerala 695020, India",,77.0081912,8.4513777,ChIJnZ_KAuu7BTsRswNUGP3kTXA,OPERATIONAL,https://www.google.com/maps/place/?q=place_id:ChIJnZ_KAuu7BTsRswNUGP3kTXA
Rajesh Bakery and Cafe,"Kowdiar.p.o, Toll Junction, Ambalamukku, Thiruvananthapuram, Kerala 695003, India",+91 94461 71957,76.96068559999999,8.5290996,ChIJBUuH8H65BTsRWPZM-Qpsx5g,OPERATIONAL,https://www.google.com/maps/place/?q=place_id:ChIJBUuH8H65BTsRWPZM-Qpsx5g
Rajila Hotel,"Priyadarsini Nagar, Vallakkadavu, Thiruvananthapuram, Kerala 695008, India",+91 99950 72797,76.9327145,8.468051599999999,ChIJoXUu0X67BTsRoZSlibtUV5o,OPERATIONAL,https://www.google.com/maps/place/?q=place_id:ChIJoXUu0X67BTsRoZSlibtUV5o
Rameez Family Restaurant,"FX6V+FX3, Thirumangalam Ln, Old Karakkamandapam, Nemom, Kerala 695020, India",+91 98091 46989,76.9949225,8.461140799999999,ChIJV4LfWM27BTsRDv5iPv3cYL0,OPERATIONAL,https://www.google.com/maps/place/?q=place_id:ChIJV4LfWM27BTsRDv5iPv3cYL0
Ramji bhojanalaya Punjabi dhaba,"Mahatma Gandhi Rd, Overbridge, Chalai Bazaar, Pazhavangadi, Thiruvananthapuram, Kerala 695036, India",+91 90482 86089,76.94736759999999,8.487649,ChIJfxp4pqa7BTsRrTaoYcCMCSk,OPERATIONAL,https://www.google.com/maps/place/?q=place_id:ChIJfxp4pqa7BTsRrTaoYcCMCSk
RAMKUMAR,"Nallai 1 Teashop, Road, Mannanthala, Thiruvananthapuram, Kerala 695028, India",+91 85260 91377,76.9455923,8.5717372,ChIJX0CajuG5BTsRkjpPhcs9hy0,OPERATIONAL,https://www.google.com/maps/place/?q=place_id:ChIJX0CajuG5BTsRkjpPhcs9hy0
Rani's Kitchen,"PRA 132A, Opposite KSEB substation, Punnaykamugal, PO, Aramada, Punnakkamugal, Thiruvananthapuram, Kerala 695032, India",+91 88914 38834,76.99241479999999,8.4942388,ChIJR4T-go-7BTsR9dQkOjOP-KI,OPERATIONAL,https://www.google.com/maps/place/?q=place_id:ChIJR4T-go-7BTsR9dQkOjOP-KI
Ranis naadan thattukada,"CXP7+26J, Thiruvananthapuram, Kerala 695027, India",+91 98959 94587,76.96310629999999,8.4349514,ChIJM8WAOAClBTsRGTCmr9Nt__M,OPERATIONAL,https://www.google.com/maps/place/?q=place_id:ChIJM8WAOAClBTsRGTCmr9Nt__M
Ranthal Restaurant,"JX7W+7WX, Pazhakutty, Nedumangad, Kerala 695561, India",+91 90744 36699,76.9973595,8.6132353,ChIJ4dKzbHXHBTsRMEBIwc1o4Zo,OPERATIONAL,https://www.google.com/maps/place/?q=place_id:ChIJ4dKzbHXHBTsRMEBIwc1o4Zo
Rasiya Hotel,"C2GW+27J, Pazhayakadalane, Balaramapuram, Kerala 695501, India",+91 94965 45785,77.0456329,8.4250808,ChIJY3ABmsivBTsRun3HrM3J9G0,OPERATIONAL,https://www.google.com/maps/place/?q=place_id:ChIJY3ABmsivBTsRun3HrM3J9G0
RASOI by RUCHI,"Adrak Hotel Building, Medical College Kumarapuram Rd, Kumarapuram, Thiruvananthapuram, Kerala 695011, India",+91 62829 17722,76.92798379999999,8.5171497,ChIJE_K9eAC7BTsRNGPL3THNUyU,OPERATIONAL,https://www.google.com/maps/place/?q=place_id:ChIJE_K9eAC7BTsRNGPL3THNUyU
"Rave – American Hotdogs, Sreekaryam","Snackmosphere, TC 4/2383(3), Ground Floor, Thakshasila, CET Road, Pangappara, PO, Sreekaryam, Thiruvananthapuram, Kerala 695581, India",+91 90748 72059,76.9063899,8.5476638,ChIJ7Wz_E_i_BTsRdCPGi_CivMQ,OPERATIONAL,https://www.google.com/maps/place/?q=place_id:ChIJ7Wz_E_i_BTsRdCPGi_CivMQ
Real Recipe,"GW3J+GMH, Kannammoola, Thiruvananthapuram, Kerala 695011, India",,76.93173689999999,8.5038249,ChIJXQoQJwC7BTsRcV0Kaa0gvh0,OPERATIONAL,https://www.google.com/maps/place/?q=place_id:ChIJXQoQJwC7BTsRcV0Kaa0gvh0
Red Chillies The Monarch,"JV8W+GXP, Pothencode Kazhakoottam Road, Kaniyapuram, Pothencode, Kerala 695584, India",,76.8974492,8.6163254,ChIJ3ZPkee3BBTsRKrgbZ5MHXMg,OPERATIONAL,https://www.google.com/maps/place/?q=place_id:ChIJ3ZPkee3BBTsRKrgbZ5MHXMg
REGHUNATHAN A,"CHIMMUS HOTEL, INDIAN OIL Mandela Road, near MUNDELA, Thiruvananthapuram, Aruvikkara, Kerala 695543, India",+91 99612 53595,77.03194409999999,8.5812409,ChIJy7_yKMm3BTsRj7r-xIhNAe4,OPERATIONAL,https://www.google.com/maps/place/?q=place_id:ChIJy7_yKMm3BTsRj7r-xIhNAe4
Rehmath Shalimar Restaurant,"Between Zeeb silks and D R brothers, Market junction, Pazhavadi, Nedumangad, Trivandrum, Kerala 695542, India",,77.0031679,8.6041238,ChIJgYGYKwC5BTsRaaa4syAfs8Q,OPERATIONAL,https://www.google.com/maps/place/?q=place_id:ChIJgYGYKwC5BTsRaaa4syAfs8Q
Rejitha Hotel,"3, Peyad - Vellanad Rd, Peyad, Kerala 695573, India",+91 98957 14396,77.0250714,8.5190293,ChIJpd-j9rCwBTsRoANXC0Dglsk,OPERATIONAL,https://www.google.com/maps/place/?q=place_id:ChIJpd-j9rCwBTsRoANXC0Dglsk
Reset Cafe,"Reset Cafe, Kaimanam, Pappanamcode, Thiruvananthapuram, Kerala 695040, India",,76.9766386,8.4736937,ChIJ9x7KPrm7BTsRlM195510SUQ,OPERATIONAL,https://www.google.com/maps/place/?q=place_id:ChIJ9x7KPrm7BTsRlM195510SUQ
Restaurant,"Jai Nagar, Plavila, Thiruvananthapuram, Kerala 695006, India",,76.99693359999999,8.4937762,ChIJBRiE7dC7BTsRLui8Tr_xYTA,OPERATIONAL,https://www.google.com/maps/place/?q=place_id:ChIJBRiE7dC7BTsRLui8Tr_xYTA
Restaurant Chef Pillai Trivandrum,"Panachamoottil square, near Bypass Road, Enchakkal, Vallakkadavu, Thiruvananthapuram, Kerala 695008, India",+91 90729 39090,76.9353374,8.480338999999999,ChIJy1zNcgC7BTsRV0QSwmrqQtE,OPERATIONAL,https://www.google.com/maps/place/?q=place_id:ChIJy1zNcgC7BTsRV0QSwmrqQtE
Restolex,"Darshan Nagar, Chitra Nagar, Peroorkada, Thiruvananthapuram, Kerala 695005, India",,76.9599319,8.545076,ChIJhUW6jHS5BTsR1y3KzA0FJyk,OPERATIONAL,https://www.google.com/maps/place/?q=place_id:ChIJhUW6jHS5BTsR1y3KzA0FJyk
Revathy Restaurant,"Revathy Restaurant, Near Technopark Back Gate, Thirippadapuram North, Thrippadapuram Mahadeva Temple, North, Thiruvananthapuram, Kerala 695583, India",+91 98465 03677,76.8855033,8.5538238,ChIJl4iHx2G_BTsRUMOh29qhhkI,OPERATIONAL,https://www.google.com/maps/place/?q=place_id:ChIJl4iHx2G_BTsRUMOh29qhhkI
Revathy Restaurant,"JV6W+QFP, Sreekariyam - Pothencode Rd, Pothencode, Kerala 695584, India",,76.8961934,8.6119588,ChIJ0QqzPaDABTsRAuFIc9gooRs,CLOSED_TEMPORARILY,https://www.google.com/maps/place/?q=place_id:ChIJ0QqzPaDABTsRAuFIc9gooRs
Rich Homely Fast Food,"Sinay House, Powdikonam Rd Plamoodu - Chittikkara Road Pothencode, JW82+4XF P.O, Thiruvananthapuram, Kerala 695584, India",+91 99473 47300,76.9024283,8.615317,ChIJYRWloSjBBTsRlz-gjw_uF7Y,OPERATIONAL,https://www.google.com/maps/place/?q=place_id:ChIJYRWloSjBBTsRlz-gjw_uF7Y
RICH IN RAW Fish Mart,"Kalpark Dharma Sastha Lane, Kuzhivila Jn, GVFR+JGJ, NH Bypass, Karimanal PO, Thiruvananthapuram, Kerala 695583, India",,76.8912802,8.5240944,ChIJUVTtJJ6-BTsRmeHTEiVey4I,CLOSED_TEMPORARILY,https://www.google.com/maps/place/?q=place_id:ChIJUVTtJJ6-BTsRmeHTEiVey4I
Riverside Foods,"FWV9+CJP, Sreedevi Temple Rd, near Puttamma Devi, Chacka, Thiruvananthapuram, Kerala 695024, India",+91 98957 57652,76.9190795,8.4935867,ChIJAz9f4Cy7BTsR-AcrQOUEpJM,OPERATIONAL,https://www.google.com/maps/place/?q=place_id:ChIJAz9f4Cy7BTsR-AcrQOUEpJM
RK Pahadi Kitchen,"Pulayankar kotta mukkh junction PO, Ulloor - Akkulam Rd, near IDFC BANK, Prasanth Nagar, Pulayanarkotta, Thiruvananthapuram, Kerala 695011, India",+91 99618 78504,76.9128243,8.5226975,ChIJfZ8EZAC9BTsRoNjDzgi7Fak,OPERATIONAL,https://www.google.com/maps/place/?q=place_id:ChIJfZ8EZAC9BTsRoNjDzgi7Fak
RMR fresh fish stall,"Punnamoodu, Kerala 695042, India",+91 89219 88909,77.0235278,8.429386,ChIJD1fbue-vBTsRy0_2yTQUBDQ,OPERATIONAL,https://www.google.com/maps/place/?q=place_id:ChIJD1fbue-vBTsRy0_2yTQUBDQ
ROASTERS GRills n roles,"HWGG+W67, Powdikonam, Uliyazhathura, Thiruvananthapuram, Kerala 695588, India",,76.92543599999999,8.5773403,ChIJRWzNGVW5BTsR-4F8DLN0Rk0,OPERATIONAL,https://www.google.com/maps/place/?q=place_id:ChIJRWzNGVW5BTsR-4F8DLN0Rk0
ROSCH FOODS,"ishal mazil, 07/22, kudumbanoor pravachamblam, Nemom, Thiruvananthapuram, Kerala 695020, India",,76.99923199999999,8.4573998,ChIJXxKtDP27BTsRICVqQqt-OfY,CLOSED_TEMPORARILY,https://www.google.com/maps/place/?q=place_id:ChIJXxKtDP27BTsRICVqQqt-OfY
ROSHNI FAST FOOD,"FX2X+F22, Nemom Punnamoodu Rd, Market Junction, Santhivila, Kerala 695020, India",,76.997506,8.4511298,ChIJCYAhE7C6BTsRId3QIZERkgo,OPERATIONAL,https://www.google.com/maps/place/?q=place_id:ChIJCYAhE7C6BTsRId3QIZERkgo
Royal Cake House (Homemade),"near St. Peters Church, Kannanthura, Thiruvananthapuram, Kerala 695007, India",+91 97787 35513,76.907433,8.4855377,ChIJO73dC-O9BTsRMM2Ff701Abs,OPERATIONAL,https://www.google.com/maps/place/?q=place_id:ChIJO73dC-O9BTsRMM2Ff701Abs
Royal Sea Food village,"Bakery Jct Rd, near RBI, Nandavanam, Palayam, Thiruvananthapuram, Kerala 695033, India",+91 90480 09999,76.9534865,8.502170699999999,ChIJj1Uqtz-7BTsRJsQJmFO9KKM,OPERATIONAL,https://www.google.com/maps/place/?q=place_id:ChIJj1Uqtz-7BTsRJsQJmFO9KKM
RR Fresh Halal Chicken,"GXRQ+9V3, Nettayam, Thiruvananthapuram, Kerala 695013, India",,76.98967499999999,8.5408788,ChIJZZucLgC5BTsRJsAdX4itk0E,CLOSED_TEMPORARILY,https://www.google.com/maps/place/?q=place_id:ChIJZZucLgC5BTsRJsAdX4itk0E
RSP Snacks and Food,"Paruthikkuzhy, Trivandrum, Kerala 695541, India",+91 81370 03774,77.0478667,8.612242799999999,ChIJbyLyvRm3BTsR3ZzP6QU_F0Q,OPERATIONAL,https://www.google.com/maps/place/?q=place_id:ChIJbyLyvRm3BTsR3ZzP6QU_F0Q
"Rubaiyat Bar, Mascot Hotel","GX52+J5C, PMG, Thiruvananthapuram, Kerala 695033, India",+91 471 231 8900,76.9503833,8.5090562,ChIJycC9e8a7BTsRx1QeaS2yfYY,OPERATIONAL,https://www.google.com/maps/place/?q=place_id:ChIJycC9e8a7BTsRx1QeaS2yfYY
Ruchi,"FWHP+JHC, Attakulangara - Enchakkal Rd, VKK Nagar, Pazhavangadi, Thiruvananthapuram, Kerala 695008, India",,76.93639519999999,8.4790572,ChIJ9U_5RQC7BTsRfJscxLNRR6o,OPERATIONAL,https://www.google.com/maps/place/?q=place_id:ChIJ9U_5RQC7BTsRfJscxLNRR6o
Ruchi Homely kitchen,"G29C+5X2, Peyad - Vellanad Rd, Vilappilsala, Vilappil, Kerala 695573, India",,77.0223855,8.5178976,ChIJnTGkUwCxBTsR_4NoSqBezr8,CLOSED_TEMPORARILY,https://www.google.com/maps/place/?q=place_id:ChIJnTGkUwCxBTsR_4NoSqBezr8
Ruchi Melam,"GW65+JRR, Anayara, Thiruvananthapuram, Kerala 695029, India",,76.909502,8.511610500000002,ChIJLWZhwN-9BTsRHYAdpDZoAzw,OPERATIONAL,https://www.google.com/maps/place/?q=place_id:ChIJLWZhwN-9BTsRHYAdpDZoAzw
Ruchi restaurent,"Kamaleshwaram, Thiruvananthapuram, Kerala 695009, India",+91 98954 75463,76.9448046,8.4661882,ChIJIYAweBS7BTsRzok-CWgjFsQ,OPERATIONAL,https://www.google.com/maps/place/?q=place_id:ChIJIYAweBS7BTsRzok-CWgjFsQ
Ruchi sharavana chapathi corner,"FX5F+3PJ, Punchakkari, Thiruvananthapuram, Kerala 695002, India",,76.9743116,8.4577026,ChIJjeJWNgC7BTsRpk0veSJurRQ,OPERATIONAL,https://www.google.com/maps/place/?q=place_id:ChIJjeJWNgC7BTsRpk0veSJurRQ
Ruchi Veg Restaurant,"Aroma building, Vanross Junction, Statue, Palayam, Thiruvananthapuram, Kerala 695001, India",+91 85907 09059,76.9522448,8.4992334,ChIJN2PEn3m7BTsRNErw4CEvRzk,OPERATIONAL,https://www.google.com/maps/place/?q=place_id:ChIJN2PEn3m7BTsRNErw4CEvRzk
Ruchi: Sindhu's Home Kitchen,"FX44+8Q8, Ambalathara, Thiruvananthapuram, Kerala 695009, India",,76.956527,8.455235,ChIJl6dRbQC7BTsRKFsgLNz36Ng,CLOSED_TEMPORARILY,https://www.google.com/maps/place/?q=place_id:ChIJl6dRbQC7BTsRKFsgLNz36Ng
Ruchiyidam Restaurant,"Enikkara, Thiruvananthapuram, Kerala 695564, India",+91 79072 85010,76.98234409999999,8.5617606,ChIJq7-Gd8q5BTsR_9hgHQhQdhw,CLOSED_TEMPORARILY,https://www.google.com/maps/place/?q=place_id:ChIJq7-Gd8q5BTsR_9hgHQhQdhw
RUCHIYIDAM RESTAURANT AND BAKERY,"Kundamankadavu Vattiyoorkavu Rd, near KUNDAMANKADAVU DEVI TEMPLE, Thiruvananthapuram, Kerala 695006, India",,77.0018625,8.50783,ChIJRzOq4Ii7BTsRzTYmBqpie68,OPERATIONAL,https://www.google.com/maps/place/?q=place_id:ChIJRzOq4Ii7BTsRzTYmBqpie68
Rumu's Momos,"M G College Rd, opposite margin super market, Sree Nagar, Paruthippara, Thiruvananthapuram, Kerala 695004, India",+91 75610 63634,76.9418029,8.5335083,ChIJE5VeOEu5BTsRo0BM1H18BCk,OPERATIONAL,https://www.google.com/maps/place/?q=place_id:ChIJE5VeOEu5BTsRo0BM1H18BCk
S A Hotel,"Pothencode, Kerala 695584, India",+91 98473 39305,76.89933049999999,8.6215354,ChIJr6rYxrzABTsRf6C82cmz7As,OPERATIONAL,https://www.google.com/maps/place/?q=place_id:ChIJr6rYxrzABTsRf6C82cmz7As
S K CHAPATHI CORNER,"J29C+J35 Mughavoor Junction, Nedumangad Karipoor Rd, Kerala 695541, India",,77.0202484,8.6190211,ChIJQSp1uiXJBTsRc44naffUHt8,CLOSED_TEMPORARILY,https://www.google.com/maps/place/?q=place_id:ChIJQSp1uiXJBTsRc44naffUHt8
S K Hotel,"Tc 66 Muttacaud, 1708, Venganoor Rd, near Csi Church, Koliyoor, Kerala 695523, India",,76.9854468,8.4176167,ChIJJ5rEWAClBTsREzmYYCTlexo,OPERATIONAL,https://www.google.com/maps/place/?q=place_id:ChIJJ5rEWAClBTsREzmYYCTlexo
S K Take Away Food Corner,"Opposite Soumya Complex, TV nagar, Thirumala, Thiruvananthapuram, Kerala 695006, India",+91 95260 05296,76.9949091,8.4999934,ChIJCd2s8ZC7BTsRvl8CsOANbHg,OPERATIONAL,https://www.google.com/maps/place/?q=place_id:ChIJCd2s8ZC7BTsRvl8CsOANbHg
S N Kitchen,"S N Kitchen, Akkarakada house, valicode, Nedumangad, Kerala 695541, India",+91 80750 23667,76.9932773,8.5990769,ChIJh56Ad-i5BTsRl1iYtwmtixA,CLOSED_TEMPORARILY,https://www.google.com/maps/place/?q=place_id:ChIJh56Ad-i5BTsRl1iYtwmtixA
S R A Traders And Chicken,"S R, A Traders Panayarakunnu, Kottukal, Kerala 695501, India",+91 96335 33242,77.0390524,8.4123208,ChIJt_4M9K6vBTsRdyFGom6gFpU,OPERATIONAL,https://www.google.com/maps/place/?q=place_id:ChIJt_4M9K6vBTsRdyFGom6gFpU
S S Chicken,"HW76+RV3, Sabari Nagar, Chempazhanthy, Thiruvananthapuram, Kerala 695587, India",+91 89212 50196,76.9121572,8.564523399999999,ChIJOQC-STu_BTsRZHXb-RYPEag,OPERATIONAL,https://www.google.com/maps/place/?q=place_id:ChIJOQC-STu_BTsRZHXb-RYPEag
S S HALAL CHICKEN,"S S halal chicken, near union bank, Vizhinjam, Kovalam, Thiruvananthapuram, Kerala 695527, India",+91 90742 47055,76.98314359999999,8.397049599999999,ChIJm4bUdQmlBTsRQOCidDPlwoc,OPERATIONAL,https://www.google.com/maps/place/?q=place_id:ChIJm4bUdQmlBTsRQOCidDPlwoc
S. Ayyappan's Pushpa Sweets,"A10, Puthumana Rd, Prem Nagar, Karamana, Thiruvananthapuram, Kerala 695002, India",+91 89213 81177,76.9642255,8.4811746,ChIJaQqOJwC7BTsRMaTzS7HXndM,OPERATIONAL,https://www.google.com/maps/place/?q=place_id:ChIJaQqOJwC7BTsRMaTzS7HXndM
S.R Chicken stall,"UNRA/32, Muttada, Thiruvananthapuram, Kerala 695025, India",+91 80758 44282,76.94940849999999,8.530816399999999,ChIJo6tiIqW5BTsRVDrrDYy5NTc,OPERATIONAL,https://www.google.com/maps/place/?q=place_id:ChIJo6tiIqW5BTsRVDrrDYy5NTc
S.R Chicken Stall,"GWQR+GFX, Pananvila, Tilak Nagar, Parottukonam, Thiruvananthapuram, Kerala 695015, India",+91 94953 91324,76.9412383,8.5388644,ChIJJcMtKWi5BTsRtol-H9Z-2kg,OPERATIONAL,https://www.google.com/maps/place/?q=place_id:ChIJJcMtKWi5BTsRtol-H9Z-2kg
SAAYA FAMILY RESTAURANT,"Saaya Family Restaurant Ambalamukku Junction Before Ambalamukku Traffic signal, P.O, kawdiar, Ambalamukku, Thiruvananthapuram, Kerala 695003, India",+91 471 253 9137,76.9611087,8.5307757,ChIJP95S1H65BTsRzEpTIjzhf1g,OPERATIONAL,https://www.google.com/maps/place/?q=place_id:ChIJP95S1H65BTsRzEpTIjzhf1g
SABEER KHAN A,"BILLUS THANINADAN, Valicod Kaippady Road, opposite KOPAM JUMA MASJID, Nedumangad, Kerala 695541, India",+91 80755 69187,76.9932525,8.5976795,ChIJQ68oTCu5BTsRktFIZjw0k6I,OPERATIONAL,https://www.google.com/maps/place/?q=place_id:ChIJQ68oTCu5BTsRktFIZjw0k6I
Sabine Hospital Restaurant,"GW56+27X, Venpalavattom, Thiruvananthapuram, Kerala 695029, India",,76.9107476,8.507613599999999,ChIJ4-lDEAC9BTsR9KHj9G5MsQo,OPERATIONAL,https://www.google.com/maps/place/?q=place_id:ChIJ4-lDEAC9BTsR9KHj9G5MsQo
Sachin Restaurant,"GWXC+6J2, Kallampally - Edavacode Rd, Kallampally, Thiruvananthapuram, Kerala 695017, India",+91 95264 46168,76.92151450000001,8.5480086,ChIJnbSXpTW5BTsR7OwvMyvaeS8,OPERATIONAL,https://www.google.com/maps/place/?q=place_id:ChIJnbSXpTW5BTsR7OwvMyvaeS8
Safa,"Poundu Kadavu Junction, GVGJ+3R8, Valiyaveli, Thiruvananthapuram, Kerala 695022, India",+91 94961 01244,76.88208949999999,8.5251609,ChIJGdQX6IK-BTsRs7pi2DPLPEc,OPERATIONAL,https://www.google.com/maps/place/?q=place_id:ChIJGdQX6IK-BTsRs7pi2DPLPEc
Safa Fast Food,"GXGQ+2PR, Vattiyoorkkav Puliyarakkonam Rd, Vattiyoorkavu, Thiruvananthapuram, Kerala 695013, India",,76.9892797,8.5251246,ChIJDyjmux-6BTsReMBgrFFRaWQ,OPERATIONAL,https://www.google.com/maps/place/?q=place_id:ChIJDyjmux-6BTsReMBgrFFRaWQ
Safa Hotel,"Pachalloor, Thiruvananthapuram, Kerala 695027, India",+91 73567 90354,76.9681619,8.4250443,ChIJpVdyhtOlBTsRwSHeSV9C17w,OPERATIONAL,https://www.google.com/maps/place/?q=place_id:ChIJpVdyhtOlBTsRwSHeSV9C17w
SAFAR LAND FAMILY RESTAURANT,"FAMILY RESTAURANT, Kazhakoottam - Thaikod Rd, near HOTEL SAFARLAND, Pothencode, Thiruvananthapuram, Kerala 695584, India",+91 94472 55689,76.8969721,8.6150591,ChIJE5CidADBBTsRAnljBs5ut4Q,OPERATIONAL,https://www.google.com/maps/place/?q=place_id:ChIJE5CidADBBTsRAnljBs5ut4Q
SAGHAVU HOTEL,"SHOP NO11, SAGHAVU BUILDING, KANYAKUMARI ROAD, near RAJAKUMARI, Pazhayakadalane, Balaramapuram, Kerala 695501, India",+91 92076 57051,77.04588,8.4285541,ChIJRUSWJeOvBTsRx4W8h3l_8eA,OPERATIONAL,https://www.google.com/maps/place/?q=place_id:ChIJRUSWJeOvBTsRx4W8h3l_8eA
SAGHAVU HOTEL CITY,"SHOP NO 2, SAGHAVU HOTEL TOWER, KANYAKUMARI ROAD, Pazhayakadalane, Balaramapuram, Kerala 695501, India",+91 93873 89397,77.0458196,8.4279432,ChIJmUWGeCSvBTsRdWLiL5KL6vU,CLOSED_TEMPORARILY,https://www.google.com/maps/place/?q=place_id:ChIJmUWGeCSvBTsRdWLiL5KL6vU
Saghavu Hotel Nala Nadan Perattu,"F22M+3HW, Naruvamoodu, Kerala 695528, India",+91 97445 75505,77.03396359999999,8.4502379,ChIJtTGvF7CxBTsRp-ZzrWBdtG8,OPERATIONAL,https://www.google.com/maps/place/?q=place_id:ChIJtTGvF7CxBTsRp-ZzrWBdtG8
Sahabi Kuzhimandi,"JV4W+QHG, Kattaikonam, Thiruvananthapuram, Kerala 695584, India",+91 97783 85285,76.89659379999999,8.6068208,ChIJf5gwTrq_BTsRk1bx34YEclg,OPERATIONAL,https://www.google.com/maps/place/?q=place_id:ChIJf5gwTrq_BTsRk1bx34YEclg
Sahapadee Family Restaurant,"C2X7+5JR, Pallichal, Kerala 695020, India",,77.0143562,8.4472905,ChIJk7kFz4qxBTsRRfmgCu-24i8,OPERATIONAL,https://www.google.com/maps/place/?q=place_id:ChIJk7kFz4qxBTsRRfmgCu-24i8
Sai Aanandhas,"panvel-kochi-kanyakumari hwy, FXJ9+7WQ, road, Karamana, Thiruvananthapuram, Kerala 695002, India",+91 471 406 3999,76.9698748,8.4807051,ChIJBRBYKv-6BTsRJVX1eYxK3_U,OPERATIONAL,https://www.google.com/maps/place/?q=place_id:ChIJBRBYKv-6BTsRJVX1eYxK3_U
SAI BALAJI TIFFIN CENTRE,"Maithry Nagar, Chekkalamukku, Thiruvananthapuram, Kerala 695017, India",+91 70122 79662,76.9166623,8.5526237,ChIJtQ7U5w6_BTsREWfqox7-v7E,OPERATIONAL,https://www.google.com/maps/place/?q=place_id:ChIJtQ7U5w6_BTsREWfqox7-v7E
Saju chicken stall,"C289+3GG, Peringammala, Pallichal, Kerala 695042, India",+91 81297 42324,77.01882549999999,8.4151325,ChIJo3t45AOvBTsRKRmuGX09E7E,OPERATIONAL,https://www.google.com/maps/place/?q=place_id:ChIJo3t45AOvBTsRKRmuGX09E7E
SAKAKA FOOD CORNER,"CWXW+7VP, SM Lock Rd, Karimbuvila, Poonthura, Thiruvananthapuram, Kerala 695026, India",,76.9472102,8.4482108,ChIJD05g0jC7BTsR4FgNJYHxW_A,OPERATIONAL,https://www.google.com/maps/place/?q=place_id:ChIJD05g0jC7BTsR4FgNJYHxW_A
Sakhavu Hotel Restaurant സഖാവ് ഭക്ഷണശാല,"junction, Pazhayakadalane, Balaramapuram, Kerala 695501, India",,77.0458481,8.4252628,ChIJr6o0ufivBTsRNJ2ktnIvJXw,OPERATIONAL,https://www.google.com/maps/place/?q=place_id:ChIJr6o0ufivBTsRNJ2ktnIvJXw
SAKUNTHALA THATTUKDA,"GXCC+HPR, Sawthi Nagar, Pipinmoodu, Thiruvananthapuram, Kerala 695005, India",+91 97469 11474,76.97176449999999,8.521481999999999,ChIJJwR7ruO5BTsR7X19yeMCzIk,OPERATIONAL,https://www.google.com/maps/place/?q=place_id:ChIJJwR7ruO5BTsR7X19yeMCzIk
Sala square,"HW3V+55J, Kottamugal, Thiruvananthapuram, Kerala 695015, India",,76.9428863,8.552963700000001,ChIJ280CUwC5BTsRkTP2GxcKFo0,CLOSED_TEMPORARILY,https://www.google.com/maps/place/?q=place_id:ChIJ280CUwC5BTsRkTP2GxcKFo0
Salad Caffe,"Salad Caffe, Bhagavathy Nagar, Kowdiar, Thiruvananthapuram, Kerala 695003, India",+91 98953 07228,76.9636046,8.521205799999999,ChIJK6f5uZ27BTsRre1vdiUaX1A,OPERATIONAL,https://www.google.com/maps/place/?q=place_id:ChIJK6f5uZ27BTsRre1vdiUaX1A
Salad Caffe,"TC- 5/1242, near Suguna Delfrez, Muttampuram, Chavadimukku, Amadi Nagar, Sreekaryam, Thiruvananthapuram, Kerala 695017, India",+91 98953 09228,76.9134618,8.5502976,ChIJuR7EXQC_BTsRt6ogGbggRHo,OPERATIONAL,https://www.google.com/maps/place/?q=place_id:ChIJuR7EXQC_BTsRt6ogGbggRHo
Saleena F,"Mabrooq Restaurant Valiyavila Bustop,Valiyavila Po, Thiruvananthapuram Road, Elankathu Nagar, Valiyavila, Peyad, Thiruvananthapuram, Kerala 695006, India",+91 95671 39082,76.9984558,8.5067833,ChIJA7uqfdy7BTsRH_YCWOGWvO0,OPERATIONAL,https://www.google.com/maps/place/?q=place_id:ChIJA7uqfdy7BTsRH_YCWOGWvO0
SALIM FAMILY RESTAURANT,"Nemom, Kerala 695020, India",+91 97464 03912,76.9976271,8.4588532,ChIJ66L-wLy6BTsRbbeJ5XrdtNA,OPERATIONAL,https://www.google.com/maps/place/?q=place_id:ChIJ66L-wLy6BTsRbbeJ5XrdtNA
Salkkaram Edavazhi,"Koder Ln, Palayam, Thiruvananthapuram, Kerala 695001, India",+91 70124 13245,76.9481531,8.4995922,ChIJS5rwBD27BTsRVi7uy9vtKe0,OPERATIONAL,https://www.google.com/maps/place/?q=place_id:ChIJS5rwBD27BTsRVi7uy9vtKe0
Salma fast Food,"FX7Q+XXJ, Karakkamandapam, Sathya Nagar, Thiruvananthapuram, Kerala 695020, India",+91 96335 25186,76.9899027,8.4649606,ChIJacSAAZW6BTsRDeDY-wshMT4,OPERATIONAL,https://www.google.com/maps/place/?q=place_id:ChIJacSAAZW6BTsRDeDY-wshMT4
Salmaniya Hotel,"G289+3W3, Peyad, Kerala 695573, India",,77.01979380000002,8.5150341,ChIJ-y0SMfCxBTsRNUKj8Ihgccc,OPERATIONAL,https://www.google.com/maps/place/?q=place_id:ChIJ-y0SMfCxBTsRNUKj8Ihgccc
Salmas Hotel,"HVXW+54, Kattaikonam, Kerala 695584, India",+91 98470 50299,76.89502379999999,8.5977999,ChIJmfCDDe2_BTsRDQV5fTPwCkI,OPERATIONAL,https://www.google.com/maps/place/?q=place_id:ChIJmfCDDe2_BTsRDQV5fTPwCkI
Salmas kitchen,"near noorul islam Arabic college, Manickamvilakam, Beemapally, Thiruvananthapuram, Kerala 695008, India",,76.9398195,8.451389700000002,ChIJVecQEwC7BTsRKOBJpDFXz5U,OPERATIONAL,https://www.google.com/maps/place/?q=place_id:ChIJVecQEwC7BTsRKOBJpDFXz5U
Salt & Chilly,"Nettayam, Thiruvananthapuram, Kerala 695013, India",,76.9900317,8.540988,ChIJm2C0WQC5BTsR3ML7kRvtf4s,OPERATIONAL,https://www.google.com/maps/place/?q=place_id:ChIJm2C0WQC5BTsR3ML7kRvtf4s
Salwa Dine,"Althara Nagar, Vellayambalam, Thiruvananthapuram, Kerala 695010, India",+91 99464 44055,76.9633125,8.512062499999999,ChIJASSfHAC7BTsRZXKRVea3PBg,OPERATIONAL,https://www.google.com/maps/place/?q=place_id:ChIJASSfHAC7BTsRZXKRVea3PBg
Samosa point,"Poojappura Main Rd, opp. Army Recruitment Office, Cherukara Gardens, Thirumala, Thiruvananthapuram, Kerala 695012, India",+91 70123 32789,76.9825291,8.4976897,ChIJl14snny7BTsRfx8juZcA9oI,OPERATIONAL,https://www.google.com/maps/place/?q=place_id:ChIJl14snny7BTsRfx8juZcA9oI
Samridhi,"Malayinkeezh, Kerala 695571, India",,77.045541,8.489924199999999,ChIJvUNuOACxBTsRCMrcuQzF2Ns,OPERATIONAL,https://www.google.com/maps/place/?q=place_id:ChIJvUNuOACxBTsRCMrcuQzF2Ns
Samudra sadya,"9XWH+3VQ, Beach Rd, Kovalam, Thiruvananthapuram, Kerala 695527, India",+91 75111 12281,76.9797272,8.395215499999999,ChIJF0naHaelBTsRHAldTNZkONY,OPERATIONAL,https://www.google.com/maps/place/?q=place_id:ChIJF0naHaelBTsRHAldTNZkONY
Samurai Hanzō's,"No:3, Chilli Pepper Kitchens Kalanilayam Building, Mudavanmugal Rd, Kesari Nagar, Poojapura, Thiruvananthapuram, Kerala 695012, India",+91 94003 55577,76.97695089999999,8.4907919,ChIJlzCMsn27BTsREDH1r1k8SEY,CLOSED_TEMPORARILY,https://www.google.com/maps/place/?q=place_id:ChIJlzCMsn27BTsREDH1r1k8SEY
Sandhya Tattukada,"GXWF+23P, Thiruvananthapuram - Thenmala Rd, near Indian Oil Petrol pump, Vazhayila, Winners Nagar, Peroorkada, Thiruvananthapuram, Kerala 695005, India",,76.972707,8.5450997,ChIJIXcsNwC5BTsRAceoa6wbhW8,OPERATIONAL,https://www.google.com/maps/place/?q=place_id:ChIJIXcsNwC5BTsRAceoa6wbhW8
Sandra Purusha Sahayasangam Nadan Chicken,"Enikkara, Tharatta Rd, near kachani, Thiruvananthapuram, Kerala 695564, India",,76.9889287,8.5551846,ChIJ3XhGmeW5BTsR-mUvJ2fvnqE,CLOSED_TEMPORARILY,https://www.google.com/maps/place/?q=place_id:ChIJ3XhGmeW5BTsR-mUvJ2fvnqE
Sanghamaithri Farmers Produce Company,"CXGF+32Q, Pachalloor Punkulam Rd, Poonkulam, Kerala 695522, India",+91 90740 17029,76.9726191,8.4252187,ChIJ9--WYySlBTsRwfAhk-Oqtjg,OPERATIONAL,https://www.google.com/maps/place/?q=place_id:ChIJ9--WYySlBTsRwfAhk-Oqtjg
Sankar Hotel,"Arasumoodu Kulathoor P.O Arasumoodu Kulathoor P.O Attipra, GVRP+W5W, Kulathoor, Thiruvananthapuram, Kerala 695583, India",+91 92494 11471,76.88544809999999,8.5423711,ChIJ86Ei9JK-BTsRSrSZyE5S3Aw,OPERATIONAL,https://www.google.com/maps/place/?q=place_id:ChIJ86Ei9JK-BTsRSrSZyE5S3Aw
SANOFAR S,"Kanthari Chicken, NISH Rd, opposite Dungeon Lifting Club, Aakkulam, Thiruvananthapuram, Kerala 695583, India",+91 94966 38760,76.8975986,8.5244771,ChIJhy6UQx2_BTsR0XYrjzcSOIA,OPERATIONAL,https://www.google.com/maps/place/?q=place_id:ChIJhy6UQx2_BTsR0XYrjzcSOIA
Santha cafe,"bus stop, Near, Parasurama swami temple road, Thiruvallam, Thiruvananthapuram, Kerala 695027, India",+91 94950 61932,76.955068,8.4411522,ChIJF0V8zrOlBTsRZxcNDbDE59U,OPERATIONAL,https://www.google.com/maps/place/?q=place_id:ChIJF0V8zrOlBTsRZxcNDbDE59U
SANTHIYA JOTHI& FAMILY RESTURANT,"C2JG+C77, Nemom - Punnamoodu Road, Punnamoodu, Pallichal, Kerala 695501, India",+91 90255 53636,77.0256813,8.4310353,ChIJpWFfZO-vBTsRq-c4R3QlpzQ,OPERATIONAL,https://www.google.com/maps/place/?q=place_id:ChIJpWFfZO-vBTsRq-c4R3QlpzQ
Santhosh Chettan Thattukada,"Kavalloor Ln, Vazhottukonam, Thiruvananthapuram, Kerala 695013, India",,76.98409529999999,8.5294613,ChIJXTcDFce5BTsRS9VbtM67PzE,OPERATIONAL,https://www.google.com/maps/place/?q=place_id:ChIJXTcDFce5BTsRS9VbtM67PzE
Sapna's Kitchen,"Karamana - Poojapura Rd, Prem Nagar, Karamana, Thiruvananthapuram, Kerala 695002, India",+91 81370 92221,76.9682948,8.4829194,ChIJ7UO_Y_-6BTsR-IqYT3V0W9Y,OPERATIONAL,https://www.google.com/maps/place/?q=place_id:ChIJ7UO_Y_-6BTsR-IqYT3V0W9Y
Sapps Biryani,"Krishna TC 49, 1099, Kamaleshwaram, Thiruvananthapuram, Kerala 695009, India",+91 99467 48831,76.9523425,8.469843899999999,ChIJNa_GEyC7BTsRZmXetlTAmcA,OPERATIONAL,https://www.google.com/maps/place/?q=place_id:ChIJNa_GEyC7BTsRZmXetlTAmcA
Sara kitchen and Restaurant,"71, Anayara Rd, Velakudi, Thiruvananthapuram, Kerala 695029, India",+91 80785 21628,76.92387699999999,8.4994475,ChIJhULkCgC7BTsRG07mOmmx28g,OPERATIONAL,https://www.google.com/maps/place/?q=place_id:ChIJhULkCgC7BTsRG07mOmmx28g
Saranya restaurant,"Peyad, Kerala 695573, India",,77.0311681,8.509102,ChIJzZ04r7-wBTsRx0NfMGSTD50,OPERATIONAL,https://www.google.com/maps/place/?q=place_id:ChIJzZ04r7-wBTsRx0NfMGSTD50
Saras Hotel,"HWXW+HW5, Kanakode, Vattappara, Thiruvananthapuram, Kerala 695028, India",+91 94965 88813,76.947366,8.598894,ChIJU-wmzJC4BTsRNmYYcCj0CTE,OPERATIONAL,https://www.google.com/maps/place/?q=place_id:ChIJU-wmzJC4BTsRNmYYcCj0CTE
Sarathlal’s Thattukada,"HVJX+536, Paravila Rd, Thundathil, Thiruvananthapuram, Uliyazhathura, Kerala 695587, India",,76.8976804,8.5804257,ChIJM6tffwC_BTsR7hZcGMU4aLM,CLOSED_TEMPORARILY,https://www.google.com/maps/place/?q=place_id:ChIJM6tffwC_BTsR7hZcGMU4aLM
SARAVANA BHAVAN PURE VEG RESTAURANT,"FWVH+M76 Poultry Complex, Palayam Airport Rd, Pettah, Thiruvananthapuram, Kerala 695024, India",,76.9281555,8.494209999999999,ChIJBVsidgC7BTsRqp_gO3P6Chc,OPERATIONAL,https://www.google.com/maps/place/?q=place_id:ChIJBVsidgC7BTsRqp_gO3P6Chc
Saravana chappathi store,"FX88+6R5, Chiramukku - Maruthoorkadavu Rd, Thaliyal, Thiruvananthapuram, Kerala 695002, India",,76.9670921,8.4655054,ChIJffPkewC7BTsR0l8Rg3Jk-wU,OPERATIONAL,https://www.google.com/maps/place/?q=place_id:ChIJffPkewC7BTsR0l8Rg3Jk-wU
Saravana Fastfood,"FW9P+M2P, Asan Nagar, Pavithra Nagar, Subhash Nagar, Thiruvananthapuram, Kerala 695008, India",,76.9350906,8.469212599999999,ChIJi2lqem67BTsRCW6URQjtGjM,OPERATIONAL,https://www.google.com/maps/place/?q=place_id:ChIJi2lqem67BTsRCW6URQjtGjM
Saravanas,"JV3X+C33, Kattaikonam, Kerala 695584, India",,76.89766089999999,8.603512199999999,ChIJa_APHwC_BTsRJjwAN1HcWZ8,OPERATIONAL,https://www.google.com/maps/place/?q=place_id:ChIJa_APHwC_BTsRJjwAN1HcWZ8
SARITHA MAHESH KUMAR,"MAHADEVA NADAN THATTUKADA, Mahadeva Bulding Panayarakkunu, Panayarakunnu Kavinpuran Road, Kottukal, Kerala 695123, India",+91 80898 57372,77.03838549999999,8.4094866,ChIJcT_LTU2vBTsRboskmzYaiQk,OPERATIONAL,https://www.google.com/maps/place/?q=place_id:ChIJcT_LTU2vBTsRboskmzYaiQk
Sarojini Chechi's Mess,"G2JG+Q59, Vilappil, Kerala 695573, India",,77.0255189,8.5318674,ChIJ7YUXbAC3BTsRGlNZsRugT9k,CLOSED_TEMPORARILY,https://www.google.com/maps/place/?q=place_id:ChIJ7YUXbAC3BTsRGlNZsRugT9k
SB Biriyani cafe&bakery,"Sb bakery, Kariyam-Pothencode Rd, near bank of india, Njandoorkonam, Thiruvananthapuram, Kerala 695588, India",,76.9194912,8.5838533,ChIJ93YOay65BTsR11DFuOq5HGk,OPERATIONAL,https://www.google.com/maps/place/?q=place_id:ChIJ93YOay65BTsR11DFuOq5HGk
SB Hotel Pappanchani,"CXQG+J82, Pappanchani, Thiruvananthapuram, Kerala 695027, India",,76.9757675,8.4390007,ChIJn2cgCtC6BTsR9geckukRi2E,OPERATIONAL,https://www.google.com/maps/place/?q=place_id:ChIJn2cgCtC6BTsR9geckukRi2E
SEA BUN STORY,"sea Bun Story, 63/95, GV Raja Rd, near UDS, Thiruvananthapuram, Kerala 695527, India",+91 88911 13633,76.97293669999999,8.4008656,ChIJrbU3QgilBTsRxYHTXHqdc1s,OPERATIONAL,https://www.google.com/maps/place/?q=place_id:ChIJrbU3QgilBTsRxYHTXHqdc1s
Sea Bun Story Resto Cafe,"TC 1/1769, Samudra Beach, GV Raja Rd, Kovalam, Thiruvananthapuram, Kerala 695527, India",+91 62386 88473,76.97300419999999,8.4010704,ChIJt99YbwClBTsRAsShGKX0cnU,OPERATIONAL,https://www.google.com/maps/place/?q=place_id:ChIJt99YbwClBTsRAsShGKX0cnU
SEA FOOD RESTAURANT (THIRUVALLOM),"CXM6+Q3X, Thiruvananthapuram, Kerala 695027, India",,76.96029539999999,8.434482299999999,ChIJlWUWAJulBTsRFZDyx9pqDnY,OPERATIONAL,https://www.google.com/maps/place/?q=place_id:ChIJlWUWAJulBTsRFZDyx9pqDnY
Sea Gull Restaurant,"near Kovalam Beach, Kovalam, Thiruvananthapuram, Kerala 695527, India",+91 471 248 1123,76.9716109,8.402278899999999,ChIJb9BDmAalBTsR0RhP8HQxj7c,OPERATIONAL,https://www.google.com/maps/place/?q=place_id:ChIJb9BDmAalBTsR0RhP8HQxj7c
SEASIDE GRILL,"Samudra Beach, GV Raja Rd, Kovalam, Thiruvananthapuram, Kerala 695527, India",,76.9720395,8.4014367,ChIJ10-jbp2lBTsR7wz-FuElAXg,OPERATIONAL,https://www.google.com/maps/place/?q=place_id:ChIJ10-jbp2lBTsR7wz-FuElAXg
SELVA CAFE,"Saranya Shop, Kurakode, Thiruvananthapuram, Nedumangad, Kerala 695561, India",+91 95677 00807,76.9979305,8.6115544,ChIJT-3MVQC5BTsREackhdz0ppQ,OPERATIONAL,https://www.google.com/maps/place/?q=place_id:ChIJT-3MVQC5BTsREackhdz0ppQ
Selva nadan restaurant,"Amman kovil, near south Indian bank, Pazhakutty, Nedumangad, Kerala 695541, India",,76.9997479,8.6102194,ChIJbzUMmvu5BTsRXFFkXMx4QNA,OPERATIONAL,https://www.google.com/maps/place/?q=place_id:ChIJbzUMmvu5BTsRXFFkXMx4QNA
Semma idli,"1495, near Kalyan Hospital, Aryasala, Valiyasalai, Thiruvananthapuram, Kerala 695009, India",+91 70121 15181,76.955165,8.4802716,ChIJbZ6TQQC7BTsRaZoBu8yBzIw,OPERATIONAL,https://www.google.com/maps/place/?q=place_id:ChIJbZ6TQQC7BTsRaZoBu8yBzIw
SFS Homebridge I Hotel in Trivandrum,"Vellayambalam - Vazhuthacaud Rd, near Police Headquarters, Althara Nagar, Vellayambalam, Thiruvananthapuram, Kerala 695010, India",+91 471 401 9999,76.962457,8.507177,ChIJOWKUcci7BTsRFjWq6STfr8I,OPERATIONAL,https://www.google.com/maps/place/?q=place_id:ChIJOWKUcci7BTsRFjWq6STfr8I
Shababaik Restaurant,"Beside Kunnil Hypermarket, Infosys, Thampuranmukku, Kulathoor, Thiruvananthapuram, Kerala 695583, India",+91 79022 33301,76.88559830000001,8.5298549,ChIJYdISQ0-_BTsRniI9rl5CDWk,OPERATIONAL,https://www.google.com/maps/place/?q=place_id:ChIJYdISQ0-_BTsRniI9rl5CDWk
Shahi Durbar FAMILY RESTAURANT,"Aristo, Thampanoor, Thiruvananthapuram, Kerala 695014, India",+91 471 232 3001,76.9540761,8.4891849,ChIJXbs8UGq7BTsRK5f2U0jZYM4,OPERATIONAL,https://www.google.com/maps/place/?q=place_id:ChIJXbs8UGq7BTsRK5f2U0jZYM4
Shahul Mutton Soup Kada,"Shop No 1, Tc 42/1936, Thirumala - Kushakod Rd, opp. Army Recruiting Office, Cherukara Gardens, Poojapura, Thiruvananthapuram, Kerala 695012, India",+91 90372 23186,76.9824757,8.497672,ChIJFQe4jM27BTsRHLlfaKH-cZ8,OPERATIONAL,https://www.google.com/maps/place/?q=place_id:ChIJFQe4jM27BTsRHLlfaKH-cZ8
Shahulinte Thattukada,"FW3W+2CH, NH Bypass Service Rd, pallitheruvu, near HP petrole pump, Poonthura, Thiruvananthapuram, Kerala 695026, India",,76.9461262,8.4525746,ChIJh3QxJwC7BTsRBPBSY5wqF5Y,OPERATIONAL,https://www.google.com/maps/place/?q=place_id:ChIJh3QxJwC7BTsRBPBSY5wqF5Y
SHAJEE MAFTHAAL,"Uchakada, Vizhinjam - Balaramapuram Rd, Kattachalkuzhi, Thiruvananthapuram, Venganoor, Kerala 696501, India",+91 80892 13282,77.02740469999999,8.3985205,ChIJRYNxKwCvBTsRlhXMHeD9XZc,OPERATIONAL,https://www.google.com/maps/place/?q=place_id:ChIJRYNxKwCvBTsRlhXMHeD9XZc
Shakthi man Food Court,"Shakthi man Food Court Vazhayila, MG Nagar, Peroorkada, Thiruvananthapuram, Kerala 695005, India",+91 81138 65417,76.9717179,8.543545,ChIJgckvsim5BTsRC5XtH0Uqa7Y,OPERATIONAL,https://www.google.com/maps/place/?q=place_id:ChIJgckvsim5BTsRC5XtH0Uqa7Y
Shalom Bakery & Restaurant,"FWV2+F58, Balanagar, Vettukadu, Thiruvananthapuram, Kerala 695021, India",,76.9004482,8.4936569,ChIJG2YyTwC9BTsR7N3E5dNISi4,OPERATIONAL,https://www.google.com/maps/place/?q=place_id:ChIJG2YyTwC9BTsR7N3E5dNISi4
Shalom Restaurant,"FWG8+CM9, Valiathope, Thiruvananthapuram, Kerala 695008, India",,76.9167356,8.4760376,ChIJP_vTCFa9BTsRDuwaTS3G8vc,OPERATIONAL,https://www.google.com/maps/place/?q=place_id:ChIJP_vTCFa9BTsRDuwaTS3G8vc
Shameeja Fast Food - Puttum Muttonum pallimukku,"G267+V39, Thirumala Peyad Malayinkeezhu Rd, Pallimukku, Peyad, Kerala 695573, India",+91 99955 11093,77.01272449999999,8.5121608,ChIJd0845q-xBTsRxLKR9nRb8eU,OPERATIONAL,https://www.google.com/maps/place/?q=place_id:ChIJd0845q-xBTsRxLKR9nRb8eU
Shan Snacks & Bakery,"F225+GCC, Nemom, Thiruvananthapuram, Nemom, Kerala 695020, India",+91 94007 54903,77.0085299,8.451312399999999,ChIJm5pSaai6BTsRhtyyScGZMTk,CLOSED_TEMPORARILY,https://www.google.com/maps/place/?q=place_id:ChIJm5pSaai6BTsRhtyyScGZMTk
SHANU RESTAURANT,"JV3G+4M5, Andoorkonam, Kerala 695584, India",+91 99463 55441,76.87674179999999,8.602756399999999,ChIJGWKyqPC_BTsRDlDVEeMeJyc,OPERATIONAL,https://www.google.com/maps/place/?q=place_id:ChIJGWKyqPC_BTsRDlDVEeMeJyc
Shappile Curry Hotel (Toddy Parlour),"Unnamed Road, Karikkakam, Thiruvananthapuram, Kerala 695029, India",+91 98091 98140,76.9074624,8.5067211,ChIJT7imZlG9BTsR0Fsnr5C_WhI,OPERATIONAL,https://www.google.com/maps/place/?q=place_id:ChIJT7imZlG9BTsR0Fsnr5C_WhI
Sharma Dhaba,"Kazhakoottam-Kulathur Rd, Pallinada, Kazhakkoottam, Thiruvananthapuram, Kerala 695582, India",+91 99470 49099,76.8760051,8.555016,ChIJk-rde5i_BTsRpPzeYi3WANk,OPERATIONAL,https://www.google.com/maps/place/?q=place_id:ChIJk-rde5i_BTsRpPzeYi3WANk
Sharma's Punjabi Dhaba,"Music college, road, Aristo, Thampanoor, Thiruvananthapuram, Kerala 695014, India",+91 98951 15187,76.9543006,8.4890565,ChIJ5ewKQ6-7BTsR8I9Kus_HlAo,OPERATIONAL,https://www.google.com/maps/place/?q=place_id:ChIJ5ewKQ6-7BTsR8I9Kus_HlAo
Shawarma Nation,"Atrtec mall, CENTRO MALL, Pattoor - Vanchiyoor Rd, Pattoor Junction, Vanchiyoor, Thiruvananthapuram, Kerala 695035, India",+91 90377 45577,76.9372408,8.497501699999999,ChIJg3brPYO7BTsRzxeiJB3UCYk,OPERATIONAL,https://www.google.com/maps/place/?q=place_id:ChIJg3brPYO7BTsRzxeiJB3UCYk
SHAWARMA SPACE,"Spencer's Super Market, LIC Junction, Ed Heights, Pattom, Thiruvananthapuram, Kerala 695004, India",+91 95395 25555,76.9408523,8.5218958,ChIJ0U6p8m-7BTsREc4eKMtnBdo,OPERATIONAL,https://www.google.com/maps/place/?q=place_id:ChIJ0U6p8m-7BTsREc4eKMtnBdo
Shawarma Spot,"General Hospital Rd, near Variety Mall, Statue, Palayam, Thiruvananthapuram, Kerala 695001, India",+91 96333 32153,76.9471296,8.498252599999999,ChIJOfvP-Lu7BTsR16rG9g0iLDY,OPERATIONAL,https://www.google.com/maps/place/?q=place_id:ChIJOfvP-Lu7BTsR16rG9g0iLDY
Shawarma Spot,"Thundathil, Kariyavattom - Chenkottukonam Rd, Karyavattom, Thiruvananthapuram, Kerala 695582, India",,76.89042820000002,8.5742953,ChIJiYT38P2_BTsR1G-tpvmYA7g,OPERATIONAL,https://www.google.com/maps/place/?q=place_id:ChIJiYT38P2_BTsR1G-tpvmYA7g
Shawarmaz T wheels,"FWV4+MGW, Aishwarya Nagar, Vettukadu, Thiruvananthapuram, Kerala 695007, India",,76.9063311,8.4942046,ChIJTb2CeF-9BTsRpgtWzK4iics,OPERATIONAL,https://www.google.com/maps/place/?q=place_id:ChIJTb2CeF-9BTsRpgtWzK4iics
SHAY AL MANA,"Salem - Kochi, Panvel - Kochi - Kanyakumari Hwy, Karamana Junction, Karamana, Thiruvananthapuram, Kerala 695002, India",,76.96682489999999,8.481868700000001,ChIJlTEEagC7BTsRzrxf8gZPnmc,OPERATIONAL,https://www.google.com/maps/place/?q=place_id:ChIJlTEEagC7BTsRzrxf8gZPnmc
Sheeja Hotel,"MAK Auditorium, Near, Mukkola Rd, Nettayam, Thiruvananthapuram, Kerala 695564, India",+91 471 237 1915,76.9881305,8.5489023,ChIJbVLsGsC5BTsR5acz2ckozO4,OPERATIONAL,https://www.google.com/maps/place/?q=place_id:ChIJbVLsGsC5BTsR5acz2ckozO4
SHIBU RESTAURANT,"F292+684, Studio Rd Nemom, Plankalamukku, Thiruvananthapuram, Kerala 695019, India",,77.0008866,8.4680967,ChIJ-avbL7u7BTsRLPIHEMY3uG0,OPERATIONAL,https://www.google.com/maps/place/?q=place_id:ChIJ-avbL7u7BTsRLPIHEMY3uG0
Shivajaani Hotel,"Kolacode, block junction, Pazhakutty, Nedumangad, Venkavila, Kerala 695561, India",,76.9893792,8.616724399999999,ChIJGwj5UQDHBTsRIgwJpRsrYxk,OPERATIONAL,https://www.google.com/maps/place/?q=place_id:ChIJGwj5UQDHBTsRIgwJpRsrYxk
Shobhit Hotel,"G28F+WF8, Peyad, Kerala 695573, India",,77.023698,8.5172897,ChIJmeXENwCxBTsRxciM9rb-lyE,OPERATIONAL,https://www.google.com/maps/place/?q=place_id:ChIJmeXENwCxBTsRxciM9rb-lyE
SHOBI THATTUKADA,"SHOBI THATTUKADA KUNDAMANBHAGAM, Thirumalai Road, Kundamonbhagam, Peyad, Thiruvananthapuram, Kerala 695573, India",+91 99612 76639,77.0054043,8.5095099,ChIJTx5FYOa7BTsRYK521yjTAds,OPERATIONAL,https://www.google.com/maps/place/?q=place_id:ChIJTx5FYOa7BTsRYK521yjTAds
Shobika Hotel,"GX4X+Q93, Elankathu Nagar, Valiyavila, Thiruvananthapuram, Kerala 695006, India",,76.99842699999999,8.5068862,ChIJpyUS9iS7BTsRKxTNuPUsnl4,OPERATIONAL,https://www.google.com/maps/place/?q=place_id:ChIJpyUS9iS7BTsRKxTNuPUsnl4
Shree Gowri Aryaas Chappathi Corner,"GXFM+8WM, Manjadimoodu, Thiruvananthapuram, Kerala 695013, India",,76.9847898,8.5233373,ChIJwxwBm2O7BTsR447FFJZruac,OPERATIONAL,https://www.google.com/maps/place/?q=place_id:ChIJwxwBm2O7BTsR447FFJZruac
Shri Aaryaas,"GVFR+JGX, Kuzhivila, Jn, Aakkulam, Thiruvananthapuram, Kerala 695583, India",+91 99952 69002,76.8913539,8.5241129,ChIJiX5XJJ6-BTsRAAAA0B0lHkc,OPERATIONAL,https://www.google.com/maps/place/?q=place_id:ChIJiX5XJJ6-BTsRAAAA0B0lHkc
Shri Arul Nivaas,"Veg restaurant,Mananthala junction, buses towarda, opp. bus stop, Mannanthala, Vattappara, Thiruvananthapuram, Kerala 695015, India",+91 94470 13330,76.9434677,8.5613542,ChIJs-abBVe5BTsR8Gg9HPRm2tE,OPERATIONAL,https://www.google.com/maps/place/?q=place_id:ChIJs-abBVe5BTsR8Gg9HPRm2tE
Shri Arya Bhavan (Finest VEG naturally) Restaurant,"Bypass, Eanchakkal, Thiruvananthapuram, Kerala 695008, India",+91 73069 90142,76.935874,8.474501499999999,ChIJo_QTxcS7BTsR491bAHthPzw,OPERATIONAL,https://www.google.com/maps/place/?q=place_id:ChIJo_QTxcS7BTsR491bAHthPzw
Shri Aryaas,"SH45, Pazhavadi, Nedumangad, Kerala 695541, India",+91 90928 03208,76.998378,8.604758499999999,ChIJIboT4Ge5BTsRl4n49u9nrLg,OPERATIONAL,https://www.google.com/maps/place/?q=place_id:ChIJIboT4Ge5BTsRl4n49u9nrLg
Sidhi Prapha Restaurant,"GV6X+224, Kochuveli, Thiruvananthapuram, Kerala 695021, India",,76.8975904,8.5100109,ChIJ75NeURa8BTsRX9lNMgKDjBc,OPERATIONAL,https://www.google.com/maps/place/?q=place_id:ChIJ75NeURa8BTsRX9lNMgKDjBc
Sidhu RESTAURANT,"G2QF+F95, Vattiyoorkkav Puliyarakkonam Rd, Puliyarakonam, Vilappil, Kerala 695573, India",,77.023471,8.538625099999999,ChIJHSLjik-3BTsR3kTV6pQpEHQ,CLOSED_TEMPORARILY,https://www.google.com/maps/place/?q=place_id:ChIJHSLjik-3BTsR3kTV6pQpEHQ
Sijis Pizza Street,"Ground Floor Sijis Apartments Medical College Road Near Tennis Complex, Kumarapuram, Thiruvananthapuram, Kerala 695011, India",+91 89433 09309,76.92898459999999,8.5160272,ChIJaUrO2vq7BTsRalKWdOHe_uE,OPERATIONAL,https://www.google.com/maps/place/?q=place_id:ChIJaUrO2vq7BTsRalKWdOHe_uE
Silhouette Cafe,"Pp 6/1086/7, R K Press Building, Andoorkonam, opposite Future Computers Store, Pothencode Junction, Pothencode, Thiruvananthapuram, Kerala 695584, India",,76.8967826,8.6186964,ChIJLamJND7BBTsRsob5CpLvumU,CLOSED_TEMPORARILY,https://www.google.com/maps/place/?q=place_id:ChIJLamJND7BBTsRsob5CpLvumU
Sindhoor Park Restaurant,"Palayam Airport Road Vallakkadavu, near Shangumukham, Shangumukham, Beach, Thiruvananthapuram, Kerala 695007, India",+91 95675 24121,76.91291319999999,8.4816167,ChIJs-vEvoC8BTsRLvulAtTWokA,OPERATIONAL,https://www.google.com/maps/place/?q=place_id:ChIJs-vEvoC8BTsRLvulAtTWokA
SISTERS KITCHEN,"SISTERS KITCHEN Kunnapuzha, Jai Nagar, Thirumala, Thiruvananthapuram, Kerala 695032, India",+91 97479 64781,76.9969856,8.4920759,ChIJqyXZ_OG7BTsRhpXww4pPpIQ,OPERATIONAL,https://www.google.com/maps/place/?q=place_id:ChIJqyXZ_OG7BTsRhpXww4pPpIQ
SIVA TEA STALL,"Perakam, Pappanchani Road, Pachallur P.O, CXWH+39H, Kerala 695027, India",,76.9784957,8.4451825,ChIJ3Y6Rzc26BTsRxb--7g-5IHU,OPERATIONAL,https://www.google.com/maps/place/?q=place_id:ChIJ3Y6Rzc26BTsRxb--7g-5IHU
Siva's Urban Foods,"JX8W+3WW, Pazhakutty, Nedumangad, Kerala 695561, India",,76.997329,8.6152275,ChIJ-8tpOwDHBTsRIt79wZQyI1g,OPERATIONAL,https://www.google.com/maps/place/?q=place_id:ChIJ-8tpOwDHBTsRIt79wZQyI1g
Sj chicken shop kumarapuram,"GW6H+M3M, Kumarapuram, Thiruvananthapuram, Kerala 695011, India",+91 94477 92123,76.9276644,8.5117048,ChIJlaALaCS7BTsRlUB-6zhj7PM,OPERATIONAL,https://www.google.com/maps/place/?q=place_id:ChIJlaALaCS7BTsRlUB-6zhj7PM
SKM Chicken Stall,"HW4C+JF5, Kariyam, Thiruvananthapuram, Kerala 695017, India",+91 94476 96984,76.9212344,8.5565099,ChIJIRBlfjK5BTsRPmQ5ock-azg,OPERATIONAL,https://www.google.com/maps/place/?q=place_id:ChIJIRBlfjK5BTsRPmQ5ock-azg
SKR THIRSTY CAFE,"HW43+P5G, Sarath Nagar, Pangappara, Thiruvananthapuram, Kerala 695581, India",,76.9029446,8.5568229,ChIJPeLoKQC_BTsRZdAOGm3vvYk,OPERATIONAL,https://www.google.com/maps/place/?q=place_id:ChIJPeLoKQC_BTsRZdAOGm3vvYk
SL porotta kada,"F2QW+62F, Thirumala Peyad Malayinkeezhu Rd, Malayinkeezh, Kerala 695571, India",+91 99470 70629,77.04442809999999,8.4871515,ChIJGUGyoIaxBTsRz_ne8ZrhFmU,OPERATIONAL,https://www.google.com/maps/place/?q=place_id:ChIJGUGyoIaxBTsRz_ne8ZrhFmU
SM FAST FOOD,"Mangattukadavu, Perukavu, Kerala 695573, India",+91 97472 71523,77.0085604,8.498346699999999,ChIJY_nQS3a6BTsRKYixDd_qQrI,CLOSED_TEMPORARILY,https://www.google.com/maps/place/?q=place_id:ChIJY_nQS3a6BTsRKYixDd_qQrI
"SMALL KITCHEN 🍳Peyad, Chandhamukku","G268+46C Small kitchen, Thiruvananthapuram, Peyad, Kerala 695573, India",,77.0155049,8.510314,ChIJIb1uMwCxBTsRPEP7lfLHgqc,OPERATIONAL,https://www.google.com/maps/place/?q=place_id:ChIJIb1uMwCxBTsRPEP7lfLHgqc
Smart taste of travancore,"Kaimanam-Kuttikadu Ln, Kaimanam, Pappanamcode, Thiruvananthapuram, Kerala 695018, India",+91 94471 73714,76.9774608,8.4735698,ChIJ6XlEcEa7BTsRTBskuMkhHYU,OPERATIONAL,https://www.google.com/maps/place/?q=place_id:ChIJ6XlEcEa7BTsRTBskuMkhHYU
Smile chicken,"GWF7+7R2, Ulloor - Akkulam Rd, Prasanth Nagar, Ulloor, Thiruvananthapuram, Kerala 695011, India",+91 99475 39787,76.91451049999999,8.5231444,ChIJFzT5HX29BTsRXzRlsetb1KU,CLOSED_TEMPORARILY,https://www.google.com/maps/place/?q=place_id:ChIJFzT5HX29BTsRXzRlsetb1KU
Smile Chicken,"Kuttiyani, Thiruvananthapuram, Kerala 695028, India",,76.9369384,8.5962967,ChIJzTmam7m5BTsRpUdUQenGZ9U,CLOSED_TEMPORARILY,https://www.google.com/maps/place/?q=place_id:ChIJzTmam7m5BTsRpUdUQenGZ9U
Snap Kitchen,"50, Nettaikonam Residance Association Rd, Pavithram, Thiruvananthapuram, Kerala 695582, India",,76.88238729999999,8.569382599999999,ChIJg4U6ewC_BTsRZEsDyNZaMs8,CLOSED_TEMPORARILY,https://www.google.com/maps/place/?q=place_id:ChIJg4U6ewC_BTsRZEsDyNZaMs8
SNSS Thattukada,"SNSS THATTUKADA, KUNNAMPARA, Thiruvananthapuram, Kerala 695571, India",+91 95398 78694,77.0476046,8.4743643,ChIJnerAuumxBTsRXEEX_q8pprY,OPERATIONAL,https://www.google.com/maps/place/?q=place_id:ChIJnerAuumxBTsRXEEX_q8pprY
Sonu & Banu Fast Food,"GXPR+Q73, CPT Junction, Nettayam, Thiruvananthapuram, Kerala 695013, India",,76.99067959999999,8.5368864,ChIJedWUZPK5BTsR-oH0fQsS6zA,CLOSED_TEMPORARILY,https://www.google.com/maps/place/?q=place_id:ChIJedWUZPK5BTsR-oH0fQsS6zA
Sonu's Magic Kitchen,"FWWH+3V3, Pettah, Thiruvananthapuram, Kerala 695024, India",+91 94954 44333,76.929684,8.4951449,ChIJS-8A0I-7BTsRof45hsCQnTw,OPERATIONAL,https://www.google.com/maps/place/?q=place_id:ChIJS-8A0I-7BTsRof45hsCQnTw
Soofiya Sarbath and Fast Food,"GX4X+VC8, Valiyavila, Thiruvananthapuram, Kerala 695013, India",+91 97473 24738,76.998604,8.507186899999999,ChIJo8QxPQC7BTsRtLDQQrECdM0,OPERATIONAL,https://www.google.com/maps/place/?q=place_id:ChIJo8QxPQC7BTsRtLDQQrECdM0
Sopanam Family Restaurant,"HX3G+5GV, Aramkallu, Thiruvananthapuram, Kerala 695564, India",+91 98473 88769,76.97629340000002,8.5529972,ChIJ7X_IVru5BTsR_0G1yZedGRo,OPERATIONAL,https://www.google.com/maps/place/?q=place_id:ChIJ7X_IVru5BTsR_0G1yZedGRo
Sopanam Food Court,"Sopanam food court, TC 16, 2528-7, Medical College, PO, opposite Kerala State Bank, Murinjapalam, Thiruvananthapuram, Kerala 695011, India",+91 95391 25770,76.9295779,8.5217721,ChIJQyIhDYG7BTsRT1c_PQPpHKo,OPERATIONAL,https://www.google.com/maps/place/?q=place_id:ChIJQyIhDYG7BTsRT1c_PQPpHKo
Soul Bite Homemade Food and Tiffin Service,"Kachani Highschool JN, Po, Nettayam, Thiruvananthapuram, Kerala 695013, India",+91 89214 41750,76.9928851,8.551295699999999,ChIJDa4l8y-5BTsRC5l74KLjJwQ,CLOSED_TEMPORARILY,https://www.google.com/maps/place/?q=place_id:ChIJDa4l8y-5BTsRC5l74KLjJwQ
Soul Wraps,"Oruvathilkotta, Venpalavattom, Thiruvananthapuram, Kerala 695029, India",+91 89219 70307,76.9076161,8.5117243,ChIJu8sOMWC9BTsRTcn9q43pBcA,OPERATIONAL,https://www.google.com/maps/place/?q=place_id:ChIJu8sOMWC9BTsRTcn9q43pBcA
Southern Express Restaurant,"T.C. 34, Uday Suites Garden Hotel, 757/3, Watts Ln, Shangumukham, Kannanthura, Thiruvananthapuram, Kerala 695007, India",,76.9115187,8.483644199999999,ChIJLbVtwTy9BTsRf5zCSQlM3Ow,OPERATIONAL,https://www.google.com/maps/place/?q=place_id:ChIJLbVtwTy9BTsRf5zCSQlM3Ow
SOUTHERN RELISH FOODS LLP,"Karthika Bhavan Manamel, Thiruvallam, Thiruvananthapuram, Kerala 695027, India",+91 85907 67300,76.9588783,8.4317199,ChIJNwscMJalBTsRGnWQUjodg3w,OPERATIONAL,https://www.google.com/maps/place/?q=place_id:ChIJNwscMJalBTsRGnWQUjodg3w
Spanish Takeaway,"Adens Arcade, Thirumala Peyad Malayinkeezhu Rd, Thirumala, Thiruvananthapuram, Kerala 695006, India",+91 81578 72712,76.98986819999999,8.501078699999999,ChIJE3Di-rG7BTsRBnupIbsyj3M,CLOSED_TEMPORARILY,https://www.google.com/maps/place/?q=place_id:ChIJE3Di-rG7BTsRBnupIbsyj3M
SPICE OF ARABIA,"H2WP+CFG CHARUMMOOD PARAKARA PUTHUKULANGARA, Nedumangad Hwy, PO, Uzhamalakkal, Kerala 695541, India",,77.0356183,8.5963207,ChIJy53BVwC3BTsRChBFf8qrr04,OPERATIONAL,https://www.google.com/maps/place/?q=place_id:ChIJy53BVwC3BTsRChBFf8qrr04
Spice Root Restaurant,"kovalam, junction, opposite Federal Bank ATM, Vizhinjam, Thiruvananthapuram, Kerala 695527, India",,76.9821032,8.3991115,ChIJjQcU05qlBTsR-rmlF0HyBLs,OPERATIONAL,https://www.google.com/maps/place/?q=place_id:ChIJjQcU05qlBTsR-rmlF0HyBLs
Spice trail,"Kinfra Film And Video Park, Ulloorkonam, Kazhakkoottam, Thiruvananthapuram, Kerala 695585, India",+91 79944 32191,76.8801775,8.582814200000001,ChIJo-3LAAC_BTsRYmVgGRyCYJE,OPERATIONAL,https://www.google.com/maps/place/?q=place_id:ChIJo-3LAAC_BTsRYmVgGRyCYJE
Spicebridge Multi Cuisine Restaurant,"Service Rd, Near Infosys, Kulathoor, Thiruvananthapuram, Kerala 695583, India",+91 97441 01063,76.88781879999999,8.526951,ChIJS142lcG_BTsR2KQMEgCQh2M,OPERATIONAL,https://www.google.com/maps/place/?q=place_id:ChIJS142lcG_BTsR2KQMEgCQh2M
Spicy Bowl,"HX6H+5RV, Enikkara, Thiruvananthapuram, Kerala 695043, India",+91 90487 54838,76.9795625,8.5604375,ChIJPzpgU6m5BTsR9eq3P1mB_WQ,OPERATIONAL,https://www.google.com/maps/place/?q=place_id:ChIJPzpgU6m5BTsR9eq3P1mB_WQ
Spicy Hub,"Manacaud, Thiruvananthapuram, Kerala 695009, India",,76.94730899999999,8.4744154,ChIJw3HPYoa7BTsRfvGGeV6ScOU,OPERATIONAL,https://www.google.com/maps/place/?q=place_id:ChIJw3HPYoa7BTsRfvGGeV6ScOU
Spicy world,"Viva plaza, Poojapura, Thiruvananthapuram, Kerala 695012, India",,76.9759634,8.4942198,ChIJH5C8NQC7BTsRUxysIohck7s,OPERATIONAL,https://www.google.com/maps/place/?q=place_id:ChIJH5C8NQC7BTsRUxysIohck7s
SPR Family Restaurant,"NH, Main Rd, Pazhayakadalane, Balaramapuram, Kerala 695501, India",+91 471 240 2739,77.046232,8.424809,ChIJod-EksivBTsRaMupYph-6Es,OPERATIONAL,https://www.google.com/maps/place/?q=place_id:ChIJod-EksivBTsRaMupYph-6Es
SR Halal chicken stall,"FX86+HP6, Thaliyil Kalady Kulathara Maruthoorkadavu Rd, Kalady, Soman Nagar, Thiruvananthapuram, Kerala 695002, India",,76.96177999999999,8.466408399999999,ChIJeZJ6SRy7BTsRn0jYRoTh8lU,CLOSED_TEMPORARILY,https://www.google.com/maps/place/?q=place_id:ChIJeZJ6SRy7BTsRn0jYRoTh8lU
SREE ANNAPOORNA FAMILY RESTAURANT VEG OR NON VEG,"SH 1, Vattappara, Chittazha, Kerala 695028, India",+91 85899 92937,76.947177,8.581375,ChIJ9ykR8QK5BTsRcJylk9AgcRU,OPERATIONAL,https://www.google.com/maps/place/?q=place_id:ChIJ9ykR8QK5BTsRcJylk9AgcRU
Sree Annapoorna Hotel,"NH 47, Panvel - Kochi - Kanyakumari Hwy, Mudavoorpara, Vedivachankoil, Balaramapuram, Kerala 695501, India",,77.0352807,8.4290903,ChIJT9mKNG-vBTsRRrgY65tDhYE,OPERATIONAL,https://www.google.com/maps/place/?q=place_id:ChIJT9mKNG-vBTsRRrgY65tDhYE
Sree Ariya Bhavan,"Poojapura, Thiruvananthapuram, Kerala 695012, India",,76.9763997,8.494561,ChIJLS2BU0W6BTsRFuZpbD_Yh1U,OPERATIONAL,https://www.google.com/maps/place/?q=place_id:ChIJLS2BU0W6BTsRFuZpbD_Yh1U
Sree Ariya Bhavan,"Opposite Medical College Campus, Medical College Junction, Near Chalakuzhi, GWFH+6W6, Road, Chalakkuzhi, Thiruvananthapuram, Kerala 695011, India",,76.9297644,8.5230395,ChIJAYrQOyq7BTsRlGQxFHWGUBg,OPERATIONAL,https://www.google.com/maps/place/?q=place_id:ChIJAYrQOyq7BTsRlGQxFHWGUBg
Sree Arul Jyothi,"FWWX+H7M, Mahatma Gandhi Rd, Opposite Secretariat, Palayam, Thiruvananthapuram, Kerala 695001, India",+91 471 247 0240,76.94816110000001,8.4964628,ChIJS9Wlmbu7BTsR8-4XLaXPf0o,OPERATIONAL,https://www.google.com/maps/place/?q=place_id:ChIJS9Wlmbu7BTsR8-4XLaXPf0o
Sree Balasubramania Tea Stall,"Sree Ln, BalasubramaniaTeaStall, Maruthankuzhi, Thiruvananthapuram, Kerala 695030, India",+91 94889 58134,76.9774186,8.5140881,ChIJF1kUbDq7BTsRQ7Ql4taouy0,OPERATIONAL,https://www.google.com/maps/place/?q=place_id:ChIJF1kUbDq7BTsRQ7Ql4taouy0
SREE BHADRA FAMILY RESTAURANT,"Malayinkeezh, Kerala 695571, India",,77.0457467,8.4807012,ChIJNwzATVewBTsRa9svnfn_Rp4,OPERATIONAL,https://www.google.com/maps/place/?q=place_id:ChIJNwzATVewBTsRa9svnfn_Rp4
Sree Ganesh Bhavan,"FXJ8+9W5, Thaliyal Rd, Karamana, Thiruvananthapuram, Kerala 695002, India",+91 99950 10868,76.96736419999999,8.480893199999999,ChIJQ80EIHW7BTsRjy27pbfSnks,OPERATIONAL,https://www.google.com/maps/place/?q=place_id:ChIJQ80EIHW7BTsRjy27pbfSnks
Sree Guruvayoorappan Hotel,"Gandhari Amman Kovil Rd, Santhi Nagar, Pulimoodu, Thiruvananthapuram, Kerala 695001, India",+91 80 6548 8608,76.9495252,8.4934172,ChIJZydnK7u7BTsRIIETooM7e20,OPERATIONAL,https://www.google.com/maps/place/?q=place_id:ChIJZydnK7u7BTsRIIETooM7e20
Sree Krishna Bakery,"Krishna Bakery, Temple Ln Rd, Ambalamukku, Thiruvananthapuram, Kerala 695005, India",+91 94467 04141,76.9618795,8.5317023,ChIJYztE0Xi5BTsRSHoaAYqtt2g,OPERATIONAL,https://www.google.com/maps/place/?q=place_id:ChIJYztE0Xi5BTsRSHoaAYqtt2g
"Sree Muruga Nadan Thattukada, ശ്രീ മുരുക നാടൻ തട്ടുകട","Thiruvananthapuram, Kerala 695522, India",,76.9726266,8.4251646,ChIJ90RtcZilBTsR-NIxvD8oYJY,OPERATIONAL,https://www.google.com/maps/place/?q=place_id:ChIJ90RtcZilBTsR-NIxvD8oYJY
Sree Padmavilasam Family Restaurant Edapzhanji,"Kochar Rd, Althara Nagar, Edapazhanji, Thiruvananthapuram, Kerala 695010, India",+91 99950 56172,76.96992379999999,8.506781799999999,ChIJL_op9NK7BTsRGZYRtSRoGSE,OPERATIONAL,https://www.google.com/maps/place/?q=place_id:ChIJL_op9NK7BTsRGZYRtSRoGSE
Sree Sharavanan,"Nettayam, Mukkola, Nettayam, Thiruvananthapuram, Kerala 695013, India",+91 99957 92338,76.9868639,8.5470376,ChIJp-rlm6O5BTsRghAKrTnRlT8,CLOSED_TEMPORARILY,https://www.google.com/maps/place/?q=place_id:ChIJp-rlm6O5BTsRghAKrTnRlT8
Sree Vigneshwara thattukada,"C2JH+P47, Vedivachankoil, Pallichal, Kerala 695501, India",,77.0277964,8.4317817,ChIJGyBsQACvBTsRzR7EiET7xME,OPERATIONAL,https://www.google.com/maps/place/?q=place_id:ChIJGyBsQACvBTsRzR7EiET7xME
Sree Vinayaka Catering Services,"JV8M+775, Thiruvananthapuram, Kerala 695584, India",,76.88323079999999,8.615628599999999,ChIJ21x1nUXBBTsRIqSgnUqMq5U,OPERATIONAL,https://www.google.com/maps/place/?q=place_id:ChIJ21x1nUXBBTsRIqSgnUqMq5U
Sreebala chapathi corner,"GW38+WX8, Sreepadam Lane, Anayara, Thiruvananthapuram, Kerala 695029, India",+91 75608 05303,76.9174426,8.504776999999999,ChIJ3Rw_mAq8BTsRB3vCEhSLEPY,OPERATIONAL,https://www.google.com/maps/place/?q=place_id:ChIJ3Rw_mAq8BTsRB3vCEhSLEPY
Sreejith Bakery & restaurant,"p, near high max light, uchakkada, junction, Thiruvananthapuram, Venganoor, Kerala 695501, India",,77.0237298,8.3950179,ChIJZTGDLaOvBTsRxqMr99AZKPQ,CLOSED_TEMPORARILY,https://www.google.com/maps/place/?q=place_id:ChIJZTGDLaOvBTsRxqMr99AZKPQ
Sreejith Tattukada,"Pallichal - Vizhinjam Rd, Keleswaram, Thiruvananthapuram, Kerala 695042, India",+91 97479 70187,77.02302150000001,8.427758899999999,ChIJlcJkOe6vBTsRaeEXs7h4zBA,OPERATIONAL,https://www.google.com/maps/place/?q=place_id:ChIJlcJkOe6vBTsRaeEXs7h4zBA
Sreejithinte Chayakkada Kulasekaram Jn.,"G2F5+QR5, Kulasekharam, Thiruvananthapuram, Kerala 695013, India",,77.009641,8.524350799999999,ChIJa61vbgC7BTsRaDwSFHn6VGo,OPERATIONAL,https://www.google.com/maps/place/?q=place_id:ChIJa61vbgC7BTsRaDwSFHn6VGo
SREEKANTESWARA HOTEL,"SREEKANTESWARA BUILDING, Thiruvananthapuram, Pallichal, Kerala 695020, India",+91 99952 48090,77.01996079999999,8.4566977,ChIJk_Dk_pSxBTsRG8NkEonNVyY,OPERATIONAL,https://www.google.com/maps/place/?q=place_id:ChIJk_Dk_pSxBTsRG8NkEonNVyY
Sreekanteswara restaurant,"near svm central school, Thiruvananthapuram, Nemom, Kerala 695019, India",,77.0141275,8.4577885,ChIJkeBaCU-7BTsRR14aimzZLBc,OPERATIONAL,https://www.google.com/maps/place/?q=place_id:ChIJkeBaCU-7BTsRR14aimzZLBc
Sreekanteswara Restaurant,"F272+VJ3, Studio Rd Nemom, Nemom, Kerala 695019, India",,77.0016181,8.4648598,ChIJP6YPSwC7BTsRxW_zxYNwSHg,OPERATIONAL,https://www.google.com/maps/place/?q=place_id:ChIJP6YPSwC7BTsRxW_zxYNwSHg
SREEKUMAR CHETTAN THATTUKADA,"F24Q+63H, Pravachambalam - Ooruttambalam Rd, Ooruttambalam, Kerala 695528, India",,77.0376552,8.4554901,ChIJPWZ8mguxBTsRcCIer0woxZQ,OPERATIONAL,https://www.google.com/maps/place/?q=place_id:ChIJPWZ8mguxBTsRcCIer0woxZQ
Sreenivas Cafe,"FXJ9+56H, Pulimoodu Ln, Karamana, Thiruvananthapuram, Kerala 695002, India",+91 94953 03507,76.968122,8.4804301,ChIJ4QOJHf-6BTsRWnMKp6BOfWE,OPERATIONAL,https://www.google.com/maps/place/?q=place_id:ChIJ4QOJHf-6BTsRWnMKp6BOfWE
Sri Ananthapuri Vegetarian Restaurant,"GWHQ+QFG, National Highway 47, NSP Nagar, Kesavadasapuram, Thiruvananthapuram, Kerala 695004, India",+91 94461 09083,76.93868859999999,8.5294332,ChIJAycZYV65BTsRbOruva6o2e8,OPERATIONAL,https://www.google.com/maps/place/?q=place_id:ChIJAycZYV65BTsRbOruva6o2e8
Sri Ariyaas Pure Veg,"HVPG+XCJ, Kazhakoottam - Thaikod Rd, Chanaikonam, Kazhakkoottam, Kerala 695585, India",+91 73561 41953,76.87601599999999,8.5874583,ChIJSZXgIAC_BTsRx0BM82SI7VQ,OPERATIONAL,https://www.google.com/maps/place/?q=place_id:ChIJSZXgIAC_BTsRx0BM82SI7VQ
Sri Arulakam Restaurant,"Railway Station Rd, Overbridge, Santhi Nagar, Thampanoor, Thiruvananthapuram, Kerala 695001, India",+91 86063 68284,76.9483395,8.4882391,ChIJFe6Xm0y7BTsRq-FfJSg3ceA,OPERATIONAL,https://www.google.com/maps/place/?q=place_id:ChIJFe6Xm0y7BTsRq-FfJSg3ceA
Sri Gavuri Nivas,"Opp, Medical College, Medical College Ulloor Rd, Chalakkuzhi, Thiruvananthapuram, Kerala 695011, India",+91 471 255 5567,76.9298876,8.523213,ChIJlYFmy-K7BTsR36E4bdE8y2A,OPERATIONAL,https://www.google.com/maps/place/?q=place_id:ChIJlYFmy-K7BTsR36E4bdE8y2A
Sri Lambodharan Thattukada,"F2PV+RPH Meppukada, Malayinkeezh, Kerala 695571, India",+91 94955 89787,77.04512129999999,8.4885405,ChIJ8xqoLPiwBTsRC7AD9UgVx-k,OPERATIONAL,https://www.google.com/maps/place/?q=place_id:ChIJ8xqoLPiwBTsRC7AD9UgVx-k
Sri Saravana Bhavan,"Thiruvananthapuram Byp, opp. Infosys, Poundukadavu, Thiruvananthapuram, Kerala 695583, India",+91 99959 27701,76.8817607,8.5338151,ChIJv6s6G4--BTsR1OeaItM9ecg,OPERATIONAL,https://www.google.com/maps/place/?q=place_id:ChIJv6s6G4--BTsR1OeaItM9ecg
Sri Shanmuga Aryaas,"GXQ8+7CR, Peroorkada, Thiruvananthapuram, Kerala 695005, India",,76.9660237,8.5382569,ChIJs4dk2fm5BTsRw_l36zy2lRs,OPERATIONAL,https://www.google.com/maps/place/?q=place_id:ChIJs4dk2fm5BTsRw_l36zy2lRs
SRI SHANMUGHA TIFFIN CENTRE,"Sri Aryaas Vazhayila, Peroorkada Rd, opposite Mahindra Showroom, Aiswarya Gardens, MG Nagar, Peroorkada, Thiruvananthapuram, Kerala 695005, India",+91 62821 50995,76.972478,8.5445703,ChIJjUxp43m5BTsRduzEirI1HvE,OPERATIONAL,https://www.google.com/maps/place/?q=place_id:ChIJjUxp43m5BTsRduzEirI1HvE
Sri Udupi Hotel And Lodge,"West St, West Fort, East Fort, Pazhavangadi, Thiruvananthapuram, Kerala 695023, India",+91 94460 11044,76.94194449999999,8.4833053,ChIJg_H-GaC7BTsR3YGMQoFnM0k,OPERATIONAL,https://www.google.com/maps/place/?q=place_id:ChIJg_H-GaC7BTsR3YGMQoFnM0k
SS FROZEN CHICKEN CENTER,"Ponnumangalam, Nemom, Kerala 695020, India",,76.9966567,8.455438599999999,ChIJXRKfnt27BTsRo0BT0wd7zTU,OPERATIONAL,https://www.google.com/maps/place/?q=place_id:ChIJXRKfnt27BTsRo0BT0wd7zTU
SS TASTE HUB,"49A, Pazhaya Mudipura Rd, Muttada, Nalanchira, Paruthippara, Thiruvananthapuram, Kerala 695025, India",,76.9470436,8.5372299,ChIJGyDCTgC5BTsRg8Hyn2i6y4E,CLOSED_TEMPORARILY,https://www.google.com/maps/place/?q=place_id:ChIJGyDCTgC5BTsRg8Hyn2i6y4E
STAR CHEF Bake & Make Restaurant,"Chempakassery Nagar, Kesavadasapuram, Thiruvananthapuram, Kerala 695004, India",,76.93936,8.531446599999999,ChIJNV7KFSG5BTsRGSjcll2CcFM,OPERATIONAL,https://www.google.com/maps/place/?q=place_id:ChIJNV7KFSG5BTsRGSjcll2CcFM
Star Fastfood & Bakery,"Star Fast Food, Melemukku, Pothencode, Kerala 695584, India",+91 97460 71843,76.90073900000002,8.6196891,ChIJrSsEWaPABTsRjUeUFND0tEs,OPERATIONAL,https://www.google.com/maps/place/?q=place_id:ChIJrSsEWaPABTsRjUeUFND0tEs
STAR FOOD,"STAR FOOD PAZHAKUTTY, Kurakode, Nedumangad, Kerala 695561, India",+91 62386 63073,76.99795619999999,8.611514699999999,ChIJVQc63iO5BTsRiCguCho-8Jo,OPERATIONAL,https://www.google.com/maps/place/?q=place_id:ChIJVQc63iO5BTsRiCguCho-8Jo
Star hotel,"JX7W+3X2, Pazhakutty, Nedumangad, Kerala 695561, India",+91 96937 81509,76.9973904,8.6126363,ChIJ_wI-fYm5BTsROaMNWgTpOIQ,CLOSED_TEMPORARILY,https://www.google.com/maps/place/?q=place_id:ChIJ_wI-fYm5BTsROaMNWgTpOIQ
Starbucks - Lulu Mall,"No Tc 91/270, Lulu Mall, Anayara, Kochuveli, Thiruvananthapuram, Kerala 695029, India",+91 1860 266 0010,76.8980602,8.5152691,ChIJ7Z1P3Ga9BTsR6Nqfe3ZXbU0,OPERATIONAL,https://www.google.com/maps/place/?q=place_id:ChIJ7Z1P3Ga9BTsR6Nqfe3ZXbU0
Starbucks - Vellayambalam,"GF, Vazhuthacaud Road, Althara Nagar Elankom Gardens, near A2Z Services, Althara Nagar, Vellayambalam, Thiruvananthapuram, Kerala 695033, India",+91 1860 266 0010,76.9627234,8.510874300000001,ChIJhfe6ONW7BTsR4FZjLOfQRAI,OPERATIONAL,https://www.google.com/maps/place/?q=place_id:ChIJhfe6ONW7BTsR4FZjLOfQRAI
Steamed - Healthy Food Cuisine,"1st floor, opposite winsdor rajadhani, near tea value, Toll Junction, Steamed, Ambalamukku, Thiruvananthapuram, Kerala 695003, India",+91 77368 10420,76.9601122,8.527610899999999,ChIJPQuLFTy5BTsRxZnRVKYJnJM,OPERATIONAL,https://www.google.com/maps/place/?q=place_id:ChIJPQuLFTy5BTsRxZnRVKYJnJM
Steampot Restaurant,"TC 82/1133, Raj Tower, Pattoor - Vanchiyoor Rd, Vanchiyoor, Thiruvananthapuram, Kerala 695035, India",+91 91421 34992,76.9389482,8.4959034,ChIJT2PMOea7BTsRH_QWFlKd40w,OPERATIONAL,https://www.google.com/maps/place/?q=place_id:ChIJT2PMOea7BTsRH_QWFlKd40w
StreetChaats,"near MRA Bakery, Karamana Junction, Prem Nagar, Karamana, Thiruvananthapuram, Kerala 695002, India",+91 98471 85720,76.9651876,8.481454099999999,ChIJZXGuq1G7BTsRSm5Gw4tQVco,OPERATIONAL,https://www.google.com/maps/place/?q=place_id:ChIJZXGuq1G7BTsRSm5Gw4tQVco
SUBINA S,"Green chilly Family Restaurant, Peyad - Vellanad Rd, opposite Bismi Chicken Shop, Thirumala, Peyad, Kerala 695573, India",+91 95621 81519,77.014798,8.5128647,ChIJM_NxFymxBTsR4M5pOMgeX58,CLOSED_TEMPORARILY,https://www.google.com/maps/place/?q=place_id:ChIJM_NxFymxBTsR4M5pOMgeX58
Subway Technopark Trivandrum,"Ground Floor, Technopark Trivandrum Technopark Reception Building 634-4, NH 66, Technopark Rd, near Arabic Restaurant, Technopark Campus, Thiruvananthapuram, Kerala 695581, India",+91 87965 65392,76.8769154,8.5581742,ChIJPzaVdvm-BTsRl9Tc6XR4IU0,OPERATIONAL,https://www.google.com/maps/place/?q=place_id:ChIJPzaVdvm-BTsRl9Tc6XR4IU0
SUDHAAS - Pure Food,"Vanchiyoor, Thiruvananthapuram, Kerala 695035, India",+91 83040 49994,76.9400645,8.4927251,ChIJR3ODe727BTsRki_tGUaK4UQ,OPERATIONAL,https://www.google.com/maps/place/?q=place_id:ChIJR3ODe727BTsRki_tGUaK4UQ
Sudharshana Hotel,"Maruthamkuzhi Valiyavila Rd, GX5P+RMM, PTP Nagar Rd, Arappuramukku, Thiruvananthapuram, Kerala 695006, India",+91 471 236 3005,76.9866856,8.5095869,ChIJnX_uGT66BTsRCY2GCzMqS-4,OPERATIONAL,https://www.google.com/maps/place/?q=place_id:ChIJnX_uGT66BTsRCY2GCzMqS-4
SUFI RESTURANT,"Shop No 1, Sufi Restaurant, Neyyattinkara Road, near Hyundai Showroom, Karakkamandapam, Junction, Sathya Nagar, Nemom, Thiruvananthapuram, Kerala 695020, India",+91 81389 29057,76.989981,8.4649878,ChIJm6l5JL27BTsRTwzvmDaqeKA,OPERATIONAL,https://www.google.com/maps/place/?q=place_id:ChIJm6l5JL27BTsRTwzvmDaqeKA
Suguna Delfrez,"Tc 07, 1107(5, Vettamukku Rd, opposite Bank Of India, PTP Nagar, Arappuramukku, Thiruvananthapuram, Kerala 695006, India",+91 93885 82888,76.9865756,8.5100903,ChIJkcWJCz66BTsRW6UHnSGkHQE,OPERATIONAL,https://www.google.com/maps/place/?q=place_id:ChIJkcWJCz66BTsRW6UHnSGkHQE
Suguna Delfrez,"Tc05/1245, Sreekariyam Chavadimukku, Road, near Zaad Al Farooq Restaurant, Muttampuram, Amadi Nagar, Sreekaryam, Thiruvananthapuram, Kerala 695017, India",+91 93883 82888,76.9135485,8.5503082,ChIJ4bqB7Mu-BTsRcG-DNoJ4jfA,OPERATIONAL,https://www.google.com/maps/place/?q=place_id:ChIJ4bqB7Mu-BTsRcG-DNoJ4jfA
"Suguna Delfrez (suguna chicken), nalanchira","Navajeevan Bethany school Building, Near azad bread factory, Nalanchira,, Thiruvananthapuram, Kerala 695015, India",+91 97446 38738,76.9440072,8.5450736,ChIJpbo5I2u5BTsRCp3118K1UJA,OPERATIONAL,https://www.google.com/maps/place/?q=place_id:ChIJpbo5I2u5BTsRCp3118K1UJA
Suguna Delfrez - Chicken and Meat Shop in Karyavattom,"TC 4/4004, Suguna Delfrez, Karyavattom, Thiruvananthapuram, Kerala 695581, India",+91 90481 80409,76.89054519999999,8.5670328,ChIJ47ILGB6_BTsR7iiudMfj7Jo,OPERATIONAL,https://www.google.com/maps/place/?q=place_id:ChIJ47ILGB6_BTsR7iiudMfj7Jo
Suguna Delfrez - Poojapura,"FXVG+QH5, Kesari Nagar, Poojapura, Thiruvananthapuram, Kerala 695012, India",,76.9764915,8.4943973,ChIJPYLImlm7BTsRNOExqgOTSOg,OPERATIONAL,https://www.google.com/maps/place/?q=place_id:ChIJPYLImlm7BTsRNOExqgOTSOg
Suguna Delfrez Akkulam,"73, Ulloor - Akkulam Rd, Ulloor, Thiruvananthapuram, Kerala 695011, India",,76.92447539999999,8.526880799999999,ChIJN2GDMt65BTsR-AwCKI0Fgrk,OPERATIONAL,https://www.google.com/maps/place/?q=place_id:ChIJN2GDMt65BTsR-AwCKI0Fgrk
Suguna Delfrez Kumarapuram,"Suguna Delfrez, Kumarapuram Rd, Kumarapuram, Murinjapalam, Thiruvananthapuram, Kerala 695011, India",+91 99959 09912,76.93097829999999,8.5142619,ChIJ8atMs3DxpzsRzxPDrbe-los,OPERATIONAL,https://www.google.com/maps/place/?q=place_id:ChIJ8atMs3DxpzsRzxPDrbe-los
Suguna delfrez suguna chicken,"jn, Pallimukku, Pettah, Thiruvananthapuram, Kerala 695024, India",+91 97446 38738,76.93156739999999,8.4963296,ChIJH528LuK7BTsRlLB9NElJIks,OPERATIONAL,https://www.google.com/maps/place/?q=place_id:ChIJH528LuK7BTsRlLB9NElJIks
"suguna Delfrez, suguna chicken (suguna daily fresh)","Tc-24, 2943, Sasthamangalam - Pipinmoodu Rd, opposite to cake bliss, Jawahar Nagar, Sasthamangalam, Thiruvananthapuram, Kerala 695010, India",+91 97446 38738,76.97246779999999,8.5141792,ChIJsU0XbwO7BTsR7BNmyR2o7wk,OPERATIONAL,https://www.google.com/maps/place/?q=place_id:ChIJsU0XbwO7BTsR7BNmyR2o7wk
Suja's Kitchen,"Door/Sub Number: Suja's Kitchen,2638/22, Silverpark Lane, Kalharam, Neerazhi, Silver Park Rd, Arasumoodu, Kulathoor, Thiruvananthapuram, Kerala 695583, India",+91 85900 40577,76.8885006,8.538551499999999,ChIJv6mdTAC_BTsRKHS25AMIxFM,OPERATIONAL,https://www.google.com/maps/place/?q=place_id:ChIJv6mdTAC_BTsRKHS25AMIxFM
Sunithechiyude Thattukada,"HW7V+JJ5, Mannanthala Junction, Mannanthala, Thiruvananthapuram, Kerala 695015, India",,76.9438303,8.564067399999999,ChIJ0wosbAC5BTsRfBw18Cmf69o,OPERATIONAL,https://www.google.com/maps/place/?q=place_id:ChIJ0wosbAC5BTsRfBw18Cmf69o
Super fried chicken,"Mukkolakkal Rd, Nedumangad, Thiruvananthapuram, Kerala 695541, India",+91 79022 72327,77.0099216,8.599879399999999,ChIJS4zyxx25BTsRNRzRVk2euOo,OPERATIONAL,https://www.google.com/maps/place/?q=place_id:ChIJS4zyxx25BTsRNRzRVk2euOo
Super Thattukada WOW,"FWVH+RFM, Theater Rd, Pettah, Thiruvananthapuram, Kerala 695024, India",,76.92868299999999,8.494451399999999,ChIJI6J2gAO7BTsReJnThr5d84E,OPERATIONAL,https://www.google.com/maps/place/?q=place_id:ChIJI6J2gAO7BTsReJnThr5d84E
Superior Kitchen,"ERA 89A, Sreekanth Nagar, Erapukuzhy, ERA 90, near to Erappukuzhi Fishing Pond Lane, Kudappanakunnu, Peroorkada, Thiruvananthapuram, Kerala 695043, India",,76.96035359999999,8.560646,ChIJTWQ85VW5BTsRLhvROk-4e4M,OPERATIONAL,https://www.google.com/maps/place/?q=place_id:ChIJTWQ85VW5BTsRLhvROk-4e4M
"Supreme Bakers, UST","South, Cafeteria Basement, Kulathoor, Thiruvananthapuram, Kerala 695583, India",,76.88340780000001,8.5362835,ChIJ_507eAC_BTsRU-EzDbHBMOM,OPERATIONAL,https://www.google.com/maps/place/?q=place_id:ChIJ_507eAC_BTsRU-EzDbHBMOM
Supreme Upper Crust,"Kuravankonam - Maruthoor Rd, opposite Welgate organic, Kowdiar, Thiruvananthapuram, Kerala 695003, India",+91 471 272 7722,76.95121429999999,8.5228041,ChIJJ3ihytm7BTsR3oJaX65B--g,OPERATIONAL,https://www.google.com/maps/place/?q=place_id:ChIJJ3ihytm7BTsR3oJaX65B--g
Supreme Upper Crust,"Service Rd, near Technopark Phase III Main Road, Kulathoor, Kazhakkoottam, Thiruvananthapuram, Kerala 695583, India",+91 81389 08322,76.8776768,8.5443112,ChIJ6UgscLG_BTsRZrFkG7X3TsM,OPERATIONAL,https://www.google.com/maps/place/?q=place_id:ChIJ6UgscLG_BTsRZrFkG7X3TsM
Surya Chappathi Corner,"Surya Chappathi Corner, Veli - Perumathura Rd, Balanagar, Vettukadu, Thiruvananthapuram, Kerala 695021, India",,76.8991391,8.4962874,ChIJ59OqaGm8BTsR2C1JLr_en1s,OPERATIONAL,https://www.google.com/maps/place/?q=place_id:ChIJ59OqaGm8BTsR2C1JLr_en1s
Surya Family Restaurant,"HW6V+865, Mannanthala Junction, Mannanthala, Thiruvananthapuram, Kerala 695015, India",+91 94461 01742,76.9431019,8.5607512,ChIJyylo8Ri5BTsR_SP-rJSDjCE,OPERATIONAL,https://www.google.com/maps/place/?q=place_id:ChIJyylo8Ri5BTsR_SP-rJSDjCE
Surya Fast Food killippalam,"Killipalam, Valiyasalai, Thiruvananthapuram, Kerala 695036, India",+91 471 246 6044,76.9571038,8.4817912,ChIJWewQQAe7BTsRd9gig_Z4NpI,OPERATIONAL,https://www.google.com/maps/place/?q=place_id:ChIJWewQQAe7BTsRd9gig_Z4NpI
Swaad Restaurant,"Rajadhani Building East, Fort, East Fort, Pazhavangadi, M G Road, Thiruvananthapuram, Kerala 695023, India",+91 471 246 2188,76.94640919999999,8.4816077,ChIJA_XDYLm7BTsRWokJq-ubV84,OPERATIONAL,https://www.google.com/maps/place/?q=place_id:ChIJA_XDYLm7BTsRWokJq-ubV84
Swami's Vegetarian Restaurant,"Pallinada, Kazhakkoottam, Thiruvananthapuram, Kerala 695582, India",+91 88831 88666,76.8752164,8.5571283,ChIJUUG-Ygq_BTsRv4oU8hYOvLY,OPERATIONAL,https://www.google.com/maps/place/?q=place_id:ChIJUUG-Ygq_BTsRv4oU8hYOvLY
Swamy's Snackbar,"Domestic Airport, Vallakkadavu, Thiruvananthapuram, Kerala 695008, India",,76.9187199,8.4762025,ChIJ8VzNIwC7BTsR9t7buaRkass,OPERATIONAL,https://www.google.com/maps/place/?q=place_id:ChIJ8VzNIwC7BTsR9t7buaRkass
Swaraj Tea Shop,"GXGQ+2JQ, Vattiyoorkavu, Junction, Thiruvananthapuram, Kerala 695013, India",,76.98910269999999,8.525092899999999,ChIJdxj1vB-6BTsRGLvSTIUJVYc,CLOSED_TEMPORARILY,https://www.google.com/maps/place/?q=place_id:ChIJdxj1vB-6BTsRGLvSTIUJVYc
Swastha - Vegetarian Restaurant,"Samudra Beach, GV Raja Rd, Kovalam, Thiruvananthapuram, Kerala 695527, India",,76.9722845,8.4014895,ChIJ65CV7NOlBTsRX8tV1QPTUNA,OPERATIONAL,https://www.google.com/maps/place/?q=place_id:ChIJ65CV7NOlBTsRX8tV1QPTUNA
SWATH HOTEL,"SWATH BUILDING, Amarivila, Venganoor, Kerala 695523, India",+91 95675 27270,77.00469810000001,8.4145953,ChIJ7ZDa1dClBTsRvl-Jwj_0Z-E,OPERATIONAL,https://www.google.com/maps/place/?q=place_id:ChIJ7ZDa1dClBTsRvl-Jwj_0Z-E
Sweet Truth Medical college,"1st Floor, T.C 6/1367, Bhagavathy Plaza Pongummoodu Medical College, PO, Pongumoodu, Thiruvananthapuram, Kerala 695011, India",+91 77100 55553,76.92572539999999,8.5383472,ChIJseg34Ou5BTsRE2ra_oLIe20,OPERATIONAL,https://www.google.com/maps/place/?q=place_id:ChIJseg34Ou5BTsRE2ra_oLIe20
T & Company (T & Co),"Mahatma Gandhi Rd, opposite Kalyan Silks, University of Kerala Senate House Campus, Palayam, Thiruvananthapuram, Kerala 695034, India",,76.9511649,8.504950299999999,ChIJ4-sSEEu7BTsRTOY08_tA3eY,OPERATIONAL,https://www.google.com/maps/place/?q=place_id:ChIJ4-sSEEu7BTsRTOY08_tA3eY
T.N.S BROASTED,"FW7X+FV2, Kallattumukku, Kamaleshwaram, Thiruvananthapuram, Kerala 695009, India",+91 77367 05844,76.9496403,8.463645699999999,ChIJW1l-PQC7BTsRO3ym2TxsN2M,CLOSED_TEMPORARILY,https://www.google.com/maps/place/?q=place_id:ChIJW1l-PQC7BTsRO3ym2TxsN2M
Taco Bell,"3rd Floor, Food Court, Lulu Mall TVM, Kochuveli, Akkulam Bridge, Anayara Post, Thiruvananthapuram, Kerala 695029, India",+91 80107 80107,76.8980581,8.514788099999999,ChIJbwHYAoS9BTsRG0IZD0Eq7cY,OPERATIONAL,https://www.google.com/maps/place/?q=place_id:ChIJbwHYAoS9BTsRG0IZD0Eq7cY
Tadka Bistro,"Eanchakkal, Thiruvananthapuram, Kerala 695008, India",+91 77361 92832,76.9287432,8.485265499999999,ChIJl-r5DgC7BTsR4RZtNete3G4,OPERATIONAL,https://www.google.com/maps/place/?q=place_id:ChIJl-r5DgC7BTsR4RZtNete3G4
TAJ HALAL CHICKEN,"FW7X+PPV, Trivandrum Vizhinjam Rd, Kallattumukku, Kallat Nagar, Kamaleshwaram, Thiruvananthapuram, Kerala 695009, India",+91 85909 91630,76.9493011,8.4643531,ChIJEz_p-ha7BTsRgw24bGU8AgQ,OPERATIONAL,https://www.google.com/maps/place/?q=place_id:ChIJEz_p-ha7BTsRgw24bGU8AgQ
TAKE EAT TASTY,"Near, Puthumana Rd, Velakudi, Thiruvananthapuram, Kerala 695029, India",,76.92400169999999,8.501165799999999,ChIJqW1TZxu7BTsRWbEb4VoRcA0,CLOSED_TEMPORARILY,https://www.google.com/maps/place/?q=place_id:ChIJqW1TZxu7BTsRWbEb4VoRcA0
Take Off Restaurant,"O by Tamara, Oruvathilkotta, Aakkulam, Thiruvananthapuram, Kerala 695029, India",+91 80 6555 1111,76.90182329999999,8.5126901,ChIJHV7VFB69BTsRBCItWAm64QM,OPERATIONAL,https://www.google.com/maps/place/?q=place_id:ChIJHV7VFB69BTsRBCItWAm64QM
Takeaway ambadi,"plavailaveedu cr house, Sathya Nagar, Thiruvananthapuram, Kerala 695018, India",,76.9816036,8.464479299999999,ChIJq5t5JKi7BTsRJ6k7aWv5pTY,OPERATIONAL,https://www.google.com/maps/place/?q=place_id:ChIJq5t5JKi7BTsRJ6k7aWv5pTY
Tales of Flavours,"Pullukad Rd, Kizhakkumkara, Kulathoor, Thiruvananthapuram, Kerala 695583, India",+91 62823 15950,76.8920249,8.5337059,ChIJ0YA8Z1W_BTsRdPf5q-8gsk8,CLOSED_TEMPORARILY,https://www.google.com/maps/place/?q=place_id:ChIJ0YA8Z1W_BTsRdPf5q-8gsk8
Tapio bites,"Ayiroopara, Thiruvananthapuram, Kerala 695584, India",,76.9134359,8.6045423,ChIJkzW26_q_BTsRrLD8W5szU7s,OPERATIONAL,https://www.google.com/maps/place/?q=place_id:ChIJkzW26_q_BTsRrLD8W5szU7s
Taste of Kerala,"Beach Road, Kovalam, Thiruvananthapuram, Kerala 695527, India",+91 75111 12281,76.9786278,8.3939498,ChIJA22n7tGlBTsRvSOhG7bYAH0,OPERATIONAL,https://www.google.com/maps/place/?q=place_id:ChIJA22n7tGlBTsRvSOhG7bYAH0
Taste Our Taste,"Kizhakke mukkola, Mannanthala, Thiruvananthapuram, Kerala 695043, India",+91 86060 63616,76.9563172,8.562063499999999,ChIJvQER1bC5BTsRoU09oECm3tw,OPERATIONAL,https://www.google.com/maps/place/?q=place_id:ChIJvQER1bC5BTsRoU09oECm3tw
Tasty Bites,"Mukkola, Nettayam, Thiruvananthapuram, Kerala 695013, India",,76.98624650000001,8.5466556,ChIJ_zHWqwu5BTsRGtiCGMFe-eo,CLOSED_TEMPORARILY,https://www.google.com/maps/place/?q=place_id:ChIJ_zHWqwu5BTsRGtiCGMFe-eo
Tasty Corner Restaurant,"JX2M+VFW, Junction, Vallikode, Nedumangad, Kerala 695541, India",,76.983648,8.6021915,ChIJgefLKgC5BTsRxbqImwsu28I,OPERATIONAL,https://www.google.com/maps/place/?q=place_id:ChIJgefLKgC5BTsRxbqImwsu28I
Tasty Fast Food,"G2F5+V89, Vattiyoorkavu - Kulasekharam Rd, Kulasekharam, Thiruvananthapuram, Kerala 695013, India",,77.0083683,8.5246505,ChIJnQ1URgC7BTsRftpEIWVOPuw,OPERATIONAL,https://www.google.com/maps/place/?q=place_id:ChIJnQ1URgC7BTsRftpEIWVOPuw
TASTY FOOD,"Pottayil - Malayam Rd, Pottayil, Kerala 695573, India",+91 80861 73794,77.0191808,8.493066299999999,ChIJLT-LEoqxBTsRP7uEvTxpPw4,OPERATIONAL,https://www.google.com/maps/place/?q=place_id:ChIJLT-LEoqxBTsRP7uEvTxpPw4
Tasty Foods,"GOWREESHAM viii/257 vazhottukonam, vattiyoorkavu, Thiruvananthapuram, Kerala 695013, India",+91 73569 10459,76.99931749999999,8.5312726,ChIJ4xof09e5BTsR-qyyR736R0c,OPERATIONAL,https://www.google.com/maps/place/?q=place_id:ChIJ4xof09e5BTsR-qyyR736R0c
TASTY HOUSE,"THACHOTTUKAVU JUNCTION, ROAD, Thachottukavu, Poojapura, Peyad, Malayinkeezh, Kerala 695573, India",+91 79022 11408,77.02680269999999,8.5078888,ChIJDXfRMEOxBTsRCyDOXf-Uu40,OPERATIONAL,https://www.google.com/maps/place/?q=place_id:ChIJDXfRMEOxBTsRCyDOXf-Uu40
Tasty Hut,"GW64+736, near, NH Bypass, Venpalavattom, Thiruvananthapuram, Kerala 695029, India",,76.9052245,8.510778499999999,ChIJxWqDWwC9BTsRjbynhYBnzdc,OPERATIONAL,https://www.google.com/maps/place/?q=place_id:ChIJxWqDWwC9BTsRjbynhYBnzdc
Tasty Restaurant,"NH Bypass Service Rd, Eanchakkal, Thiruvananthapuram, Kerala 695024, India",+91 96339 65777,76.92793859999999,8.4861513,ChIJ00eJav67BTsRrEEyPrwjiqE,CLOSED_TEMPORARILY,https://www.google.com/maps/place/?q=place_id:ChIJ00eJav67BTsRrEEyPrwjiqE
Tasty world AC restaurant,"Muttada, CP Nagar, Thiruvananthapuram, Kerala 695025, India",,76.9500553,8.5344271,ChIJNYmy2e65BTsRSzS6NCet-cs,OPERATIONAL,https://www.google.com/maps/place/?q=place_id:ChIJNYmy2e65BTsRSzS6NCet-cs
tBitez,"GVJP+44H, Arasammudu Kuzhivila Road, Kulathoor, Thiruvananthapuram, Kerala 695583, India",,76.8854155,8.5302968,ChIJd7Ps-UC_BTsRUolxsmVRUOA,OPERATIONAL,https://www.google.com/maps/place/?q=place_id:ChIJd7Ps-UC_BTsRUolxsmVRUOA
TBX,"Hycinth Hotels, Manorama Office, Manorama Rd, Aristo, Thampanoor, Thiruvananthapuram, Kerala 695001, India",+91 94000 00754,76.9535686,8.4918239,ChIJ4WUQjq-7BTsRoYDSLuHSpM4,OPERATIONAL,https://www.google.com/maps/place/?q=place_id:ChIJ4WUQjq-7BTsRoYDSLuHSpM4
Tea house,"Kazhakoottam - Thaikod Rd, near Magic Planet, Kazhakkoottam, Thiruvananthapuram, Kerala 695585, India",+91 93845 26123,76.8775539,8.587224599999999,ChIJ2UuPMs2_BTsRGeKS9EEWtIo,OPERATIONAL,https://www.google.com/maps/place/?q=place_id:ChIJ2UuPMs2_BTsRGeKS9EEWtIo
Tea Stories,"Tea Stories, Malayinkeezh, Kerala 695571, India",+91 75609 37243,77.03911389999999,8.4902945,ChIJgbBd3kSxBTsRnfKUVrQpX3s,OPERATIONAL,https://www.google.com/maps/place/?q=place_id:ChIJgbBd3kSxBTsRnfKUVrQpX3s
Teaworks,"Friends Nagar, Pulayanarkotta, Thiruvananthapuram, Kerala 695011, India",,76.9192334,8.5158986,ChIJM3WVcAC7BTsRfP44kPvhm_8,OPERATIONAL,https://www.google.com/maps/place/?q=place_id:ChIJM3WVcAC7BTsRfP44kPvhm_8
Terrace By Makkawao,"7th Floor, Asiatic Business Center, Attinkuzhy Rd, near Toyota Showroom, Kazhakkoottam, Thiruvananthapuram, Kerala 695583, India",+91 75590 06605,76.8771569,8.5517486,ChIJV1Lgd-K_BTsRYfUrJrp4zUY,OPERATIONAL,https://www.google.com/maps/place/?q=place_id:ChIJV1Lgd-K_BTsRYfUrJrp4zUY
Tex&Mex by ChefJee,"Vibo space, Samithy Nagar, Ambalamukku, Thiruvananthapuram, Kerala 695005, India",+91 70120 18387,76.9610795,8.5317675,ChIJD2UQDwC5BTsRJ0Zj-AbBv8U,OPERATIONAL,https://www.google.com/maps/place/?q=place_id:ChIJD2UQDwC5BTsRJ0Zj-AbBv8U
THAFI RESTO CAFE,"road charumood, Aryanad, Kerala 695541, India",+91 85929 49251,77.036698,8.5959621,ChIJSbI0uJXJBTsRimOcLKDJSUU,OPERATIONAL,https://www.google.com/maps/place/?q=place_id:ChIJSbI0uJXJBTsRimOcLKDJSUU
Thalassery Biryani Centre,"Kurisadi Road, GWW4+M2F, Sreekariyam - Kazhakuttam Rd, Ambady Nagar, Manvila, Thiruvananthapuram, Kerala 695016, India",+91 98959 68330,76.90505490000001,8.546681200000002,ChIJ08z5lMe-BTsRYREGmom3hYo,OPERATIONAL,https://www.google.com/maps/place/?q=place_id:ChIJ08z5lMe-BTsRYREGmom3hYo
Thamburan Thattukada,"GVFR+HX3, Ulloor - Akkulam Rd, Thiruvananthapuram, Kerala 695583, India",,76.89242089999999,8.5238859,ChIJPcijUdm_BTsRaH065keeIi0,OPERATIONAL,https://www.google.com/maps/place/?q=place_id:ChIJPcijUdm_BTsRaH065keeIi0
Thampi's Hotel,"FXJ8+C3F, Karamana Junction, Killipalam, Karamana, Thiruvananthapuram, Kerala 695002, India",,76.9651779,8.481072,ChIJ878-PrO7BTsRwq_3gruiuLo,OPERATIONAL,https://www.google.com/maps/place/?q=place_id:ChIJ878-PrO7BTsRwq_3gruiuLo
Thampis thattukada,"Maruthankuzhi - Kachani Rd, Maruthankuzhi, Thiruvananthapuram, Kerala 695013, India",+91 94469 49898,76.98828,8.5241625,ChIJwV-qQvG7BTsRH-PRyZiEML8,CLOSED_TEMPORARILY,https://www.google.com/maps/place/?q=place_id:ChIJwV-qQvG7BTsRH-PRyZiEML8
THANAL NADAN MEALS,"Thiruvallam, Thiruvananthapuram, Kerala 695027, India",+91 99954 66750,76.95826939999999,8.4407547,ChIJT9KuPsy7BTsRaqOHF05pd0o,OPERATIONAL,https://www.google.com/maps/place/?q=place_id:ChIJT9KuPsy7BTsRaqOHF05pd0o
Thanal Sea Food Restaurant,"FXW6+8XQ, Vazhuthacaud - Poojappura Rd, DPI, Thycaud, Thiruvananthapuram, Kerala 695014, India",+91 79949 24846,76.9624889,8.495830699999999,ChIJj_Pk5bK7BTsR-OpM9gX0BMY,OPERATIONAL,https://www.google.com/maps/place/?q=place_id:ChIJj_Pk5bK7BTsR-OpM9gX0BMY
Thani Trivandrum Kitchen,"FWPP+59F Chembakassery, Krishnakovil Road, Perunthanni, Palkulangara, Thiruvananthapuram, Kerala 695008, India",+91 90749 12918,76.9363655,8.485189499999999,ChIJLSW7GgC7BTsRC3wNkAdEvnU,CLOSED_TEMPORARILY,https://www.google.com/maps/place/?q=place_id:ChIJLSW7GgC7BTsRC3wNkAdEvnU
Thanima Homely food and Mess,"GVMP+RR9, Arasammudu Kuzhivila Road, Kulathoor, Thiruvananthapuram, Kerala 695583, India",,76.8870898,8.5346194,ChIJIwjAewC_BTsRuy7FHrTD-84,OPERATIONAL,https://www.google.com/maps/place/?q=place_id:ChIJIwjAewC_BTsRuy7FHrTD-84
THANIMA HOT AND COOL BAR,"SHOP NO1, THANIMA HOTEL AND COOLBAR, OPP SMS AGENCY, MALAYAM, TRIVANDRUM MALAYAM, ROAD, Malayinkeezh, Vizhavoor, Kerala 695032, India",+91 70120 02266,77.00961149999999,8.4857521,ChIJmY6U0bO7BTsRDLArxDHfqss,OPERATIONAL,https://www.google.com/maps/place/?q=place_id:ChIJmY6U0bO7BTsRDLArxDHfqss
Thanima Restaurant,"C2C5+M2X, Kakkakuzhi, Vellayani, Thiruvananthapuram, Kerala 695042, India",,77.0076052,8.421726699999999,ChIJy-LmVwClBTsRDtclH7WNlaY,CLOSED_TEMPORARILY,https://www.google.com/maps/place/?q=place_id:ChIJy-LmVwClBTsRDtclH7WNlaY
Thanjavur Kitchen,"Technovalley, Kulathoor, Thiruvananthapuram, Kerala 695583, India",+91 99959 96682,76.8813138,8.535390399999999,ChIJR-rx9Aa_BTsR02HP96sAYnw,OPERATIONAL,https://www.google.com/maps/place/?q=place_id:ChIJR-rx9Aa_BTsR02HP96sAYnw
Thaqwa Restaurant,"Airport Rd, near Inspire Architectural Solutions, Eanchakkal, Thiruvananthapuram, Kerala 695008, India",+91 81569 15691,76.93388560000001,8.480497,ChIJ7eyCM1a7BTsRTdW0Rnv1ZAQ,OPERATIONAL,https://www.google.com/maps/place/?q=place_id:ChIJ7eyCM1a7BTsRTdW0Rnv1ZAQ
Tharavattil Plaza,"Law College Junction, PMG, Champion Bhaskaran Rd, University of Kerala Senate House Campus, Palayam, Thiruvananthapuram, Kerala 695035, India",+91 471 230 0044,76.9444309,8.5080858,ChIJNYeUCsG7BTsRh3CzWbqOHqg,OPERATIONAL,https://www.google.com/maps/place/?q=place_id:ChIJNYeUCsG7BTsRh3CzWbqOHqg
Tharavattil Thanima Restaurant,"Tharavattil Thanima Restaurant, 89B, Thirumala Junction, Kesari Nagar, Poojapura, Thiruvananthapuram, Kerala 695012, India",+91 97452 05592,76.97463479999999,8.4932169,ChIJx1nu7FG7BTsRZVw0w6HLUbI,OPERATIONAL,https://www.google.com/maps/place/?q=place_id:ChIJx1nu7FG7BTsRZVw0w6HLUbI
"THATTAKAM, Thani Nadan","All Saints Jn, beside All Saints College, Karikkakam, Thiruvananthapuram, Kerala 695007, India",,76.90839489999999,8.4960249,ChIJ54GjnfS9BTsRRDmfDBfrjnY,OPERATIONAL,https://www.google.com/maps/place/?q=place_id:ChIJ54GjnfS9BTsRRDmfDBfrjnY
Thattil puttukada,"HV8R+P8P, Karyavattom, Thiruvananthapuram, Kerala 695581, India",,76.89084799999999,8.566827700000001,ChIJSVMZJQC_BTsRZyfTTqWLxkg,CLOSED_TEMPORARILY,https://www.google.com/maps/place/?q=place_id:ChIJSVMZJQC_BTsRZyfTTqWLxkg
Thattil Puttukada,"HVHV+7VQ, Pullanivila Junction, Thiruvananthapuram, Kerala 695581, India",,76.8947237,8.578215199999999,ChIJh0hhXQC_BTsRV68Hj_JlNO0,OPERATIONAL,https://www.google.com/maps/place/?q=place_id:ChIJh0hhXQC_BTsRV68Hj_JlNO0
Thattil Puttukada,"HWM3+737, Sreekariyam - Pothencode Rd, Chenkottukonam, Thiruvananthapuram, Kerala 695587, India",,76.9026636,8.5831156,ChIJS-dkIgC_BTsRG26LaBNUID0,OPERATIONAL,https://www.google.com/maps/place/?q=place_id:ChIJS-dkIgC_BTsRG26LaBNUID0
Thattu kada.,"HWFG+3G7, Powdikonam, Uliyazhathura, Thiruvananthapuram, Kerala 695588, India",,76.9262786,8.5726876,ChIJXT44dHC5BTsR7JtYyCEXAY0,OPERATIONAL,https://www.google.com/maps/place/?q=place_id:ChIJXT44dHC5BTsR7JtYyCEXAY0
Thattukada,"C2GW+564, Pazhayakadalane, Balaramapuram, Kerala 695501, India",,77.0455779,8.4253825,ChIJlfQEmMivBTsRvoyvp9K4mN4,CLOSED_TEMPORARILY,https://www.google.com/maps/place/?q=place_id:ChIJlfQEmMivBTsRvoyvp9K4mN4
Thattukada,"FWR8+6MR, Chacka, Thiruvananthapuram, Kerala 695024, India",,76.9166391,8.4906065,ChIJ33afYQC9BTsRtIY4p3SVSmw,CLOSED_TEMPORARILY,https://www.google.com/maps/place/?q=place_id:ChIJ33afYQC9BTsRtIY4p3SVSmw
Thattukada,"FWW5+C89, Palayam Airport Rd, Vettukadu, Thiruvananthapuram, Kerala 695007, India",,76.9083689,8.4960434,ChIJe02t-kK9BTsRMipBqqeDLP8,OPERATIONAL,https://www.google.com/maps/place/?q=place_id:ChIJe02t-kK9BTsRMipBqqeDLP8
Thattukada,"GWW4+M3M, Ambady Nagar, Chavadimukku, Amadi Nagar, Sreekaryam, Thiruvananthapuram, Kerala 695016, India",,76.9051776,8.546723,ChIJj_NRCgC_BTsRGinfE-6ouGg,OPERATIONAL,https://www.google.com/maps/place/?q=place_id:ChIJj_NRCgC_BTsRGinfE-6ouGg
Thattukadayile Puttukada,"Sreekanteswaram Temple Rd, Nalumukku, Pazhavangadi, Thiruvananthapuram, Kerala 695023, India",+91 82817 16271,76.94145689999999,8.4881777,ChIJYU3NqZi7BTsR-60AYlDZctk,OPERATIONAL,https://www.google.com/maps/place/?q=place_id:ChIJYU3NqZi7BTsR-60AYlDZctk
The Belgian Waffle Co,"Jyoti Krishna Building, T.C.22/3706(1, Vellayambalam - Sasthamangalam Rd, P.O, Althara Nagar, Vellayambalam, Thiruvananthapuram, Kerala 695010, India",+91 62828 33452,76.9668865,8.5117762,ChIJS_ve-Ny7BTsRyCEQD3--oAg,OPERATIONAL,https://www.google.com/maps/place/?q=place_id:ChIJS_ve-Ny7BTsRyCEQD3--oAg
The Byke Heritage - Puja Samudra | (Pan India Pure Veg Hotel Chain),"Samudra Beach, VP 1, GV Raja Rd, Kovalam, Thiruvananthapuram, Kerala 695527, India",+91 75061 11745,76.97274259999999,8.4016248,ChIJT1U00ZKlBTsRJW6O8kCthN4,OPERATIONAL,https://www.google.com/maps/place/?q=place_id:ChIJT1U00ZKlBTsRJW6O8kCthN4
The Chef's Studio,"Vellar, Vazhamuttom, Thiruvananthapuram, Kerala 695527, India",+91 92880 01155,76.9768161,8.4105197,ChIJi1540aClBTsRzCCLMMbaibY,OPERATIONAL,https://www.google.com/maps/place/?q=place_id:ChIJi1540aClBTsRzCCLMMbaibY
The Chips Shop,"FWFP+66W, NH Bypass Service Rd, Subhash Nagar, Thiruvananthapuram, Kerala 695008, India",,76.9355698,8.4731191,ChIJe58PJ3K7BTsRcp2qnYbZ-QA,CLOSED_TEMPORARILY,https://www.google.com/maps/place/?q=place_id:ChIJe58PJ3K7BTsRcp2qnYbZ-QA
The COOKIES N BITES,"17/4558, Gowreesapattom Rd, Gowreesapattom, Pottakkuzhi, Thiruvananthapuram, Kerala 695035, India",+91 97448 76444,76.9385219,8.5087044,ChIJ100DRXy7BTsRn7vg6rVNP8A,OPERATIONAL,https://www.google.com/maps/place/?q=place_id:ChIJ100DRXy7BTsRn7vg6rVNP8A
The Courtyard,"Samudra Beach, GV Raja Rd, Kovalam, Thiruvananthapuram, Kerala 695527, India",,76.9724991,8.4018822,ChIJe2Uh3WalBTsRBZryXd5TI7w,OPERATIONAL,https://www.google.com/maps/place/?q=place_id:ChIJe2Uh3WalBTsRBZryXd5TI7w
THE DELIGHT,"THE DELIGHT, Mangalapuram Rd, opposite SNDP HALL, Pothencode, Thiruvananthapuram, Kerala 695584, India",+91 95674 99201,76.89536980000001,8.6196183,ChIJRb_QwYLBBTsRYfaJXPM2yCI,OPERATIONAL,https://www.google.com/maps/place/?q=place_id:ChIJRb_QwYLBBTsRYfaJXPM2yCI
The Eatery By Asha,"GXFR+JV8 Netaji Road, Vattiyoorkavu - Kulasekharam Rd, Karimankulam, Thiruvananthapuram, Kerala 695013, India",+91 90745 83091,76.9922716,8.5240372,ChIJefuPegC7BTsRxqk1ttkNDC8,OPERATIONAL,https://www.google.com/maps/place/?q=place_id:ChIJefuPegC7BTsRxqk1ttkNDC8
The Eatery by Asha,"Netaji Rd, Vattiyoorkavu, Thiruvananthapuram, Kerala 695013, India",,76.99225249999999,8.5240896,ChIJSyNKRwC7BTsRCBIhldSWkE8,OPERATIONAL,https://www.google.com/maps/place/?q=place_id:ChIJSyNKRwC7BTsRCBIhldSWkE8
THE G&S KITCHEN,"Vattiyoorkkav-Arappura Rd, Vattiyoorkavu, Thiruvananthapuram, Kerala 695013, India",+91 89218 99891,76.9883814,8.523364599999999,ChIJ-4l-vJS7BTsRNdpuTgrca0U,OPERATIONAL,https://www.google.com/maps/place/?q=place_id:ChIJ-4l-vJS7BTsRNdpuTgrca0U
The Good Bowl,"GWQG+879, Pongumoodu, Thiruvananthapuram, Kerala 695011, India",+91 22 5062 9448,76.9257458,8.5382885,ChIJSeRUQFa5BTsRYbKWLUYJDpE,OPERATIONAL,https://www.google.com/maps/place/?q=place_id:ChIJSeRUQFa5BTsRYbKWLUYJDpE
The Good Bowl,"GXQ8+5XX, NV Nagar, Peroorkada, Thiruvananthapuram, Kerala 695005, India",+91 77363 18122,76.96749009999999,8.5378726,ChIJp_uOxzS5BTsRSZM-JBCkHL8,OPERATIONAL,https://www.google.com/maps/place/?q=place_id:ChIJp_uOxzS5BTsRSZM-JBCkHL8
The Hangar Bar,"International Airport, inside International Airport, Vallakkadavu, Thiruvananthapuram, Kerala 695008, India",+91 98631 53669,76.9223466,8.487222599999999,ChIJGxF3Lw-7BTsRTgcR8Z6AIvY,OPERATIONAL,https://www.google.com/maps/place/?q=place_id:ChIJGxF3Lw-7BTsRTgcR8Z6AIvY
The Heartland Hotel,"The Heartland Hotel, Aristo Rd, near Aristo Junction, Aristo, Thampanoor, Thiruvananthapuram, Kerala 695014, India",+91 75939 39343,76.9547625,8.4889613,ChIJUyLCF8e7BTsRd7ikD8W8_SA,OPERATIONAL,https://www.google.com/maps/place/?q=place_id:ChIJUyLCF8e7BTsRd7ikD8W8_SA
The Manchatti Restaurant,"Puravoorkonam, Vazhayila, Padmanabha Nagar, Vazhayila, Thiruvananthapuram, Kerala 695564, India",+91 96405 09656,76.97450839999999,8.5511787,ChIJAXGY1yK5BTsRtCdWx914nMo,OPERATIONAL,https://www.google.com/maps/place/?q=place_id:ChIJAXGY1yK5BTsRtCdWx914nMo
THE MARROWS RESTAURANT,"vattiyorkavvu bus stop, Mannarakonam - Thoppumukku Rd, near Kerala, Thiruvananthapuram, Kerala 695013, India",+91 95674 19547,76.9903874,8.5269127,ChIJo_tQkpO5BTsR6va6_xoiQYA,OPERATIONAL,https://www.google.com/maps/place/?q=place_id:ChIJo_tQkpO5BTsR6va6_xoiQYA
The Monarch Hotel & Convention Centre,"Sreekariyam - Pothencode Rd, Pothencode P.O., Thiruvananthapuram, Pothencode, Kerala 695584, India",+91 75580 57000,76.8977982,8.6161399,ChIJ-ROzPTfBBTsRRm8FhvG3Br4,OPERATIONAL,https://www.google.com/maps/place/?q=place_id:ChIJ-ROzPTfBBTsRRm8FhvG3Br4
THE OLD SOUL RESTAURANT,"mudavoorpara, Mudavoorpara, Balaramapuram, Kerala 695501, India",+91 89211 67571,77.03530669999999,8.429018899999999,ChIJy7IlwSyvBTsR_E6hJvDZeOQ,OPERATIONAL,https://www.google.com/maps/place/?q=place_id:ChIJy7IlwSyvBTsR_E6hJvDZeOQ
The Olive Restaurant,"O-1, Jawahar Nagar Rd, Bhagavathy Nagar, Kowdiar, Thiruvananthapuram, Kerala 695003, India",+91 90205 45454,76.9650303,8.5176394,ChIJWTuAHGO7BTsR1RGZvDn1q5E,OPERATIONAL,https://www.google.com/maps/place/?q=place_id:ChIJWTuAHGO7BTsR1RGZvDn1q5E
The Pizza Cut,"Gokulam ss, chennilode medical college p.o, GW4G+J75, Kumarapuram, Thiruvananthapuram, Kerala 695011, India",,76.9257244,8.5065118,ChIJ19H72867BTsRnvFLc1uMqUE,CLOSED_TEMPORARILY,https://www.google.com/maps/place/?q=place_id:ChIJ19H72867BTsRnvFLc1uMqUE
The Pop - The Plate Of Perfection,"The pop (The plate of perfection), Near sbi local head office, PO, Kesari Nagar, Poojapura, Thiruvananthapuram, Kerala 695012, India",+91 96455 66515,76.98141319999999,8.496563,ChIJ_1T9SY67BTsRASl-_4Fsdaw,OPERATIONAL,https://www.google.com/maps/place/?q=place_id:ChIJ_1T9SY67BTsRASl-_4Fsdaw
The Popote Stories,"GXWM+XHH, Madavana Ln, Vazhayila, Nettayam, Thiruvananthapuram, Kerala 695564, India",,76.9839728,8.547442499999999,ChIJh4eSSgC5BTsRaAs4hVhBr4k,OPERATIONAL,https://www.google.com/maps/place/?q=place_id:ChIJh4eSSgC5BTsRaAs4hVhBr4k
THE ROADROLER KARIYAVATTOM,"road, opposite INDIAN COFFEE HOUSE, Karyavattom, Kazhakkoottam, Thiruvananthapuram, Kerala 695581, India",,76.88881429999999,8.5666239,ChIJZeMALoG_BTsRmS7myqhZsZ4,OPERATIONAL,https://www.google.com/maps/place/?q=place_id:ChIJZeMALoG_BTsRmS7myqhZsZ4
THE ROADROLER PARUTHIPARA,"opp. Mahatma Gandhi College - Main Block, Sree Nagar, Kesavadasapuram, Thiruvananthapuram, Kerala 695004, India",+91 89210 38756,76.9416279,8.5332162,ChIJA7kowFK5BTsR1IKRlCPOGvI,OPERATIONAL,https://www.google.com/maps/place/?q=place_id:ChIJA7kowFK5BTsR1IKRlCPOGvI
The Royal Biryani Factory,"Cotton Hill Rd, near Canara Bank, Edapazhanji, Thiruvananthapuram, Kerala 695010, India",+91 94436 93664,76.9664816,8.5036808,ChIJDWW6pvi7BTsRHQZmg6HiqIs,OPERATIONAL,https://www.google.com/maps/place/?q=place_id:ChIJDWW6pvi7BTsRHQZmg6HiqIs
The Salad Bistro,"LIC Ln, near LIC E Lane, Pattom, Thiruvananthapuram, Kerala 695004, India",+91 78922 52032,76.9445197,8.5217967,ChIJ7cqR7Aa7BTsR55g9aNygT1o,OPERATIONAL,https://www.google.com/maps/place/?q=place_id:ChIJ7cqR7Aa7BTsR55g9aNygT1o
The Salad Box Technopark,"Manvila, PO, Sreekaryam - Kulathoor Rd, opposite of Madhavavilasom Service Co operative Bank, Kulathoor, Thiruvananthapuram, Kerala 695583, India",+91 99951 41415,76.8932016,8.5429873,ChIJ1xu0-Ha_BTsR3bzYHllmKTE,OPERATIONAL,https://www.google.com/maps/place/?q=place_id:ChIJ1xu0-Ha_BTsR3bzYHllmKTE
THE SILVER CAFE,"Vijay bhavan vadakkumkara veedu, chathalampattukonam vedivachancovil, P.O, Balaramapuram, Pallichal, Kerala 695501, India",+91 95670 56612,77.0392462,8.4350154,ChIJmUjAvMevBTsRfZOjJaSCPgQ,OPERATIONAL,https://www.google.com/maps/place/?q=place_id:ChIJmUjAvMevBTsRfZOjJaSCPgQ
The Social,"HVJH+F2W, Ulloorkonam, Thiruvananthapuram, Kerala 695585, India",,76.8774876,8.5810292,ChIJ8ehfOCG_BTsRcpahXV4wH48,OPERATIONAL,https://www.google.com/maps/place/?q=place_id:ChIJ8ehfOCG_BTsRcpahXV4wH48
The Spice Craft,"C29C+25J, Kaakkamoola, Peringammala, Pallichal, Kerala 695042, India",+91 90616 72611,77.0204375,8.417562499999999,ChIJlacj48WvBTsRcO-xs6Qvm78,OPERATIONAL,https://www.google.com/maps/place/?q=place_id:ChIJlacj48WvBTsRcO-xs6Qvm78
The Tasty World,"Hill View Homes, Puthan Temple, Palace View Rd, opposite Puthuval, P.O, Kesari Nagar, Poojapura, Thiruvananthapuram, Kerala 695012, India",+91 82814 40202,76.9785266,8.490454399999999,ChIJC1ZJdR-7BTsRIJZXbLxw97U,OPERATIONAL,https://www.google.com/maps/place/?q=place_id:ChIJC1ZJdR-7BTsRIJZXbLxw97U
The Terrace Business Hotel,"SS Kovil Rd, Aristo, Thampanoor, Thiruvananthapuram, Kerala 695001, India",+91 471 232 4122,76.95189719999999,8.491115599999999,ChIJDUtuOdS7BTsRcLdnQTlArr4,OPERATIONAL,https://www.google.com/maps/place/?q=place_id:ChIJDUtuOdS7BTsRcLdnQTlArr4
The Travancore Kitchen,"Samithy Nagar, Ambalamukku, Thiruvananthapuram, Kerala 695005, India",,76.9614173,8.5339713,ChIJvSbnp1G5BTsRxdYtP9dKEBQ,CLOSED_TEMPORARILY,https://www.google.com/maps/place/?q=place_id:ChIJvSbnp1G5BTsRxdYtP9dKEBQ
The Yellow Chilli,"Aswathy Complex, Near Narmada Shopping Complex, GXJ6+JW9, Pipeline Rd, Ambalamukku, Thiruvananthapuram, Kerala 695003, India",+91 73561 05999,76.96069729999999,8.5275304,ChIJv_b786-7BTsRsNFkQc8BuBo,OPERATIONAL,https://www.google.com/maps/place/?q=place_id:ChIJv_b786-7BTsRsNFkQc8BuBo
Theeram Hotel,"FWG7+JMP, Valiathope, Thiruvananthapuram, Kerala 695008, India",,76.9142179,8.4765788,ChIJfaJ6ZoG8BTsRQ9hrq_HMKfw,OPERATIONAL,https://www.google.com/maps/place/?q=place_id:ChIJfaJ6ZoG8BTsRQ9hrq_HMKfw
Thekkadam hotel,"Thekkadam Hotel, Karakulam, Thiruvananthapuram, Kerala 695564, India",,76.9902244,8.5671781,ChIJMR-c6Ey5BTsRgNKy1goJ2HQ,OPERATIONAL,https://www.google.com/maps/place/?q=place_id:ChIJMR-c6Ey5BTsRgNKy1goJ2HQ
THEKKEVILAYIL CHAYA PEDIYA,"Kattaikonam - Chengottukonam, near FARMERS BANK, near TRAVANCORE STEEL, Pothencode, Thiruvananthapuram, Kerala 695584, India",+91 96339 04300,76.8964711,8.6123003,ChIJUzAPkWLBBTsRiz1Nn0ObsAQ,OPERATIONAL,https://www.google.com/maps/place/?q=place_id:ChIJUzAPkWLBBTsRiz1Nn0ObsAQ
Thenguvilayil Hotel,"Estate Rd, Vishnu Nagar, Pappanamcode, Thiruvananthapuram, Kerala 695018, India",+91 94465 53943,76.9838888,8.4695356,ChIJXamtW-y6BTsRfbsKDrr8rL8,OPERATIONAL,https://www.google.com/maps/place/?q=place_id:ChIJXamtW-y6BTsRfbsKDrr8rL8
TheSK mandi home,"Konganam, Nedumangad, Kerala 695543, India",,77.0269862,8.5978968,ChIJ9-8012y3BTsRLmzcu-3rsvc,OPERATIONAL,https://www.google.com/maps/place/?q=place_id:ChIJ9-8012y3BTsRLmzcu-3rsvc
Thettikkaattil Fast Food Outdoor Catering and Parcel Service Restaurant,"F2X8+655, Perukavu, Kerala 695573, India",,77.0154728,8.4980221,ChIJucGaYbuxBTsRB9uGq5y97Ng,CLOSED_TEMPORARILY,https://www.google.com/maps/place/?q=place_id:ChIJucGaYbuxBTsRB9uGq5y97Ng
Thira Seafood Café,"149B-Aircargo, Shangumukham, Valiathope, Thiruvananthapuram, Kerala 695008, India",+91 88487 27079,76.91378320000001,8.4771406,ChIJo5lhagC9BTsRgHVmeW7y5FA,OPERATIONAL,https://www.google.com/maps/place/?q=place_id:ChIJo5lhagC9BTsRgHVmeW7y5FA
Thiruvathira Homely Food,"FXQX+38J, Thiruvananthapuram, Kerala 695032, India",,76.99827239999999,8.4876694,ChIJ2T16aQC7BTsRDMBB0dpKJh8,OPERATIONAL,https://www.google.com/maps/place/?q=place_id:ChIJ2T16aQC7BTsRDMBB0dpKJh8
Thoosanila Mini Cafe (തൂശനില മിനി കഫേ),"HX2V+53W, Kachani, Thiruvananthapuram, Kerala 695013, India",,76.9926931,8.5504566,ChIJty8Y81m5BTsRle_GsQmTux4,CLOSED_TEMPORARILY,https://www.google.com/maps/place/?q=place_id:ChIJty8Y81m5BTsRle_GsQmTux4
Thoppady Toddy Shop,"CX98+H9X, Thiruvananthapuram, Kerala 695027, India",,76.9659867,8.418986199999999,ChIJwQH1CqqlBTsRgkPiaRpIh0E,OPERATIONAL,https://www.google.com/maps/place/?q=place_id:ChIJwQH1CqqlBTsRgkPiaRpIh0E
Thottakadu Tea stall,"GWVF+663, Chenthi, Gowari Nagar, Kallampally, Thiruvananthapuram, Kerala 695011, India",,76.92305000000002,8.5430044,ChIJuRTLDsC5BTsRLHRAwlEBt4E,OPERATIONAL,https://www.google.com/maps/place/?q=place_id:ChIJuRTLDsC5BTsRLHRAwlEBt4E
Three Star Hotel,"C2CP+5VR, Ithiyoor, Balaramapuram, Kerala 695501, India",,77.0371346,8.4204838,ChIJqQr8jX-vBTsR824C8E0b93c,CLOSED_TEMPORARILY,https://www.google.com/maps/place/?q=place_id:ChIJqQr8jX-vBTsR824C8E0b93c
Thrikarthika,"Thrikarthika Ncc Road Ambalamukku, Durga Nagar, Peroorkada, Thiruvananthapuram, Kerala 695005, India",+91 97444 04033,76.9600456,8.5412506,ChIJtXT29Ee5BTsR4lWAHRoJm4s,OPERATIONAL,https://www.google.com/maps/place/?q=place_id:ChIJtXT29Ee5BTsR4lWAHRoJm4s
Tice Icecream Shop,"Tice Icecream, Vattiyoorkkav-Arappura Rd, near Compuphoenix Mobileshop, Jn, Karimankulam, Thiruvananthapuram, Kerala 695038, India",+91 70250 84825,76.9870255,8.520137499999999,ChIJ_4Lfy4-7BTsR-hwAXp3BlPI,OPERATIONAL,https://www.google.com/maps/place/?q=place_id:ChIJ_4Lfy4-7BTsR-hwAXp3BlPI
Timely Food,"YMA ROAD, Chacka, Thiruvananthapuram, Kerala 695024, India",,76.9187748,8.4939391,ChIJEybZhy67BTsR_agSLUmdLTQ,CLOSED_TEMPORARILY,https://www.google.com/maps/place/?q=place_id:ChIJEybZhy67BTsR_agSLUmdLTQ
Timotea’s,"Vazhayila Mukkola Rd, Vazhayila, Padmanabha Nagar, Winners Nagar, Peroorkada, Thiruvananthapuram, Kerala 695013, India",+91 79078 19058,76.9713384,8.547555299999999,ChIJBcy2aAC5BTsR_IZHuAnaxQc,OPERATIONAL,https://www.google.com/maps/place/?q=place_id:ChIJBcy2aAC5BTsR_IZHuAnaxQc
Tiramis,"near Sanjeevani Ayurvedha Hospital, Kumarapuram, Thiruvananthapuram, Kerala 695011, India",+91 87140 91782,76.9280945,8.5113641,ChIJWRZTC7O7BTsRHCFcD8Zthuc,OPERATIONAL,https://www.google.com/maps/place/?q=place_id:ChIJWRZTC7O7BTsRHCFcD8Zthuc
Tomato's Bakes and Grills,"106, Nallumuku, Nalumukku, Pettah, Thiruvananthapuram, Kerala 695024, India",+91 94008 88765,76.9336241,8.497035499999999,ChIJb-JT8Qa7BTsR-L4bWeyn3vk,OPERATIONAL,https://www.google.com/maps/place/?q=place_id:ChIJb-JT8Qa7BTsR-L4bWeyn3vk
Top Kitchen & Bakes,"J233+9Q8, Kulavikonam, Pazhavadi, Nedumangad, Kerala 695541, India",+91 77868 00300,77.0043657,8.6035886,ChIJRadla925BTsRTPupVk4O-Kw,OPERATIONAL,https://www.google.com/maps/place/?q=place_id:ChIJRadla925BTsRTPupVk4O-Kw
Trading,"Nsns 44, hidayathu nagar, vandithadam, Pachalloor, Thiruvananthapuram, Kerala 695027, India",,76.9613687,8.4266631,ChIJaSsTfTClBTsR-JX-eflf54c,CLOSED_TEMPORARILY,https://www.google.com/maps/place/?q=place_id:ChIJaSsTfTClBTsR-JX-eflf54c
Traditional Kitchen Restaurant,"Karakulam, Thiruvananthapuram, Kerala 695564, India",+91 62823 29822,76.9828759,8.5619567,ChIJxb3ItYi5BTsRc2vBXIUqypc,OPERATIONAL,https://www.google.com/maps/place/?q=place_id:ChIJxb3ItYi5BTsRc2vBXIUqypc
Trance Restobar,"Maurya Rajadhani Building, General Hospital Rd, Statue, Palayam, Thiruvananthapuram, Kerala 695001, India",+91 95269 77773,76.94621169999999,8.4987631,ChIJb-TB_wK7BTsRm3qkVI_fu1Q,OPERATIONAL,https://www.google.com/maps/place/?q=place_id:ChIJb-TB_wK7BTsRm3qkVI_fu1Q
Transit Lounge,"FWFC+7G6, Domestic, Airport Rd, Vallakkadavu, Thiruvananthapuram, Kerala 695008, India",,76.9212371,8.4731626,ChIJAZ92JQC7BTsRyu5x4ulWqrA,OPERATIONAL,https://www.google.com/maps/place/?q=place_id:ChIJAZ92JQC7BTsRyu5x4ulWqrA
Travancore cafe,"Marutham Royalwings, Palayam Airport Rd, Chacka, Thiruvananthapuram, Kerala 695024, India",,76.91938929999999,8.4892151,ChIJb1WWSAC7BTsRvhGdPeE-6kA,OPERATIONAL,https://www.google.com/maps/place/?q=place_id:ChIJb1WWSAC7BTsRvhGdPeE-6kA
Travancore Cafe,"Travancore Cafe, Anand Nagar Rd, opp. M G College Road, Chempakassery Nagar, Kesavadasapuram, Thiruvananthapuram, Kerala 695004, India",+91 98473 96600,76.9399786,8.5321377,ChIJlxi4lV25BTsR20j9YKkbjbs,OPERATIONAL,https://www.google.com/maps/place/?q=place_id:ChIJlxi4lV25BTsR20j9YKkbjbs
Travancore Delicacies,"Mullans, JNRA 1, Kallattumukku, Manacaud, Thiruvananthapuram, Kerala 695009, India",,76.94968539999999,8.461952799999999,ChIJG-RiFua7BTsRDXgOw3nyD5s,OPERATIONAL,https://www.google.com/maps/place/?q=place_id:ChIJG-RiFua7BTsRDXgOw3nyD5s
TRAVANCORE TASTE,"Thiruvananthapuram, Kerala 695027, India",+91 94950 59598,76.9602355,8.4344813,ChIJt3f4ntakBTsReeQWWEuoACU,OPERATIONAL,https://www.google.com/maps/place/?q=place_id:ChIJt3f4ntakBTsReeQWWEuoACU
TRIPTHI FOOD COURT (CHAPPATHI CENTRE),"Poojappura Main Rd, Cherukara Gardens, Poojapura, Thiruvananthapuram, Kerala 695012, India",+91 99474 13861,76.98250589999999,8.497675599999999,ChIJ__NU98q7BTsRh8v17-U-H7Q,OPERATIONAL,https://www.google.com/maps/place/?q=place_id:ChIJ__NU98q7BTsRh8v17-U-H7Q
Tripthi Tiffins Trivandrum | Homely Food |,"PUNARTHAMLANE, Maruthankuzhi Bridge, Maruthumkuzhi, Thiruvananthapuram, Kerala 695030, India",+91 96339 45151,76.9785687,8.5112957,ChIJseQ8zxO7BTsRzH08elAJ8cg,CLOSED_TEMPORARILY,https://www.google.com/maps/place/?q=place_id:ChIJseQ8zxO7BTsRzH08elAJ8cg
Trivandrum chickens,"near Diego turaf, Aakkulam, Thiruvananthapuram, Kerala 695583, India",+91 85899 82620,76.90474379999999,8.5334906,ChIJx4IAlrK_BTsROT9lSJeMr0o,OPERATIONAL,https://www.google.com/maps/place/?q=place_id:ChIJx4IAlrK_BTsROT9lSJeMr0o
Trivandrum Golf Club Restaurant (BFO),"SAI Trivandrum golf club, Golf Links Rd, Bhagavathy Nagar, Kowdiar, Thiruvananthapuram, Kerala 695003, India",,76.9664289,8.522431599999999,ChIJnW_qm-67BTsRUbNDe-o_8X0,OPERATIONAL,https://www.google.com/maps/place/?q=place_id:ChIJnW_qm-67BTsRUbNDe-o_8X0
Trivanz Food Court – Seafood Restaurant in Trivandrum,"World Market Rd, near LULU MALL, opposite O by Tamara, Anayara, Thiruvananthapuram, Kerala 695029, India",+91 96331 16613,76.90218159999999,8.510116199999999,ChIJv6lYlWK9BTsRbZMfeqd0Qe4,OPERATIONAL,https://www.google.com/maps/place/?q=place_id:ChIJv6lYlWK9BTsRbZMfeqd0Qe4
TRIVIANS THATTUKADA,"opp. Ganapathy Temple, Friends Nagar, Kumarapuram, Thiruvananthapuram, Kerala 695011, India",,76.9273171,8.51381,ChIJNYTKeMS5BTsRb-gl2v44iBY,OPERATIONAL,https://www.google.com/maps/place/?q=place_id:ChIJNYTKeMS5BTsRb-gl2v44iBY
TriviansKitchen restaurant Since 2026,"Thripadappuram Rd, Kulathoor, Thiruvananthapuram, Kerala 695583, India",+91 88488 38954,76.8846657,8.547670799999999,ChIJX96oVfS_BTsRpjeJMYkJS3s,OPERATIONAL,https://www.google.com/maps/place/?q=place_id:ChIJX96oVfS_BTsRpjeJMYkJS3s
TRUCKMAN FOOD STATION,"JX5X+V86, Pazhakutty, Nedumangad, Kerala 695561, India",+91 85929 39671,76.99819459999999,8.609549699999999,ChIJTasKgx65BTsREXi_o4BipDg,CLOSED_TEMPORARILY,https://www.google.com/maps/place/?q=place_id:ChIJTasKgx65BTsREXi_o4BipDg
Turf Cafe,"Ground Floor Haans Apartments NH-66, New Entrance, near, Technopark Phase III Main Rd, Gate, Kulathoor, Thiruvananthapuram, Kerala 695583, India",+91 99950 77280,76.8773598,8.548083,ChIJDVgfd_S-BTsRDrX9PGGPDgA,OPERATIONAL,https://www.google.com/maps/place/?q=place_id:ChIJDVgfd_S-BTsRDrX9PGGPDgA
TURKISH ROLLS AND GRILLS,"Thiruvananthapuram - Ponmudi Rd, Pazhakutty, Kollamkavu, Nedumangad, Kerala 695561, India",+91 94461 38696,76.9971381,8.615679,ChIJ6S5dHTfHBTsRxq2MtDFgrdg,OPERATIONAL,https://www.google.com/maps/place/?q=place_id:ChIJ6S5dHTfHBTsRxq2MtDFgrdg
UDAY SUITES - THE GARDEN HOTEL,"T.C. 34, 757/3, Watts Ln, Shangumukham, Kannanthura, Thiruvananthapuram, Kerala 695007, India",+91 85905 04355,76.911295,8.4836186,ChIJg-yPMHy8BTsRQMiNz0ebWwY,OPERATIONAL,https://www.google.com/maps/place/?q=place_id:ChIJg-yPMHy8BTsRQMiNz0ebWwY
UDAY SURYA,"Near SBI Bank, Poonkulam, Jn, Thiruvananthapuram, Kerala 695522, India",+91 96333 29959,76.9762863,8.422670499999999,ChIJZ14TBh2lBTsRHQeXt7RSCIE,OPERATIONAL,https://www.google.com/maps/place/?q=place_id:ChIJZ14TBh2lBTsRHQeXt7RSCIE
ULLAS HOTEL & CATERING SERVICE,"C2VW+74F, Mukkampalamoodu, Balaramapuram, Kerala 695528, India",,77.045265,8.4432711,ChIJOXPx_1WxBTsRFRePdZhLD1U,OPERATIONAL,https://www.google.com/maps/place/?q=place_id:ChIJOXPx_1WxBTsRFRePdZhLD1U
Umamy Restaurant Thiruvallam,"Thiruvallam Bridge, Thiruvallam, Thiruvananthapuram, Kerala 695027, India",,76.9551328,8.4411163,ChIJFw9334G7BTsR9sIiEl_ZHXY,OPERATIONAL,https://www.google.com/maps/place/?q=place_id:ChIJFw9334G7BTsR9sIiEl_ZHXY
Ummachi's Biriyani,"kunnanpara Street 37/3038-1, Road arikathu veedu, kunnanpara, Tittamangalam, Thiruvananthapuram, Kerala 695013, India",,77.0012012,8.514797699999999,ChIJscEEZZq7BTsRL1KLEndveA4,OPERATIONAL,https://www.google.com/maps/place/?q=place_id:ChIJscEEZZq7BTsRL1KLEndveA4
Ummayude Chicken Fry Kada,"HVVP+686, Kazhakoottam - Kilimanoor Rd, Thiruvananthapuram, Chanthavila, Kerala 695584, India",,76.8857783,8.5930351,ChIJo7UQ0lS_BTsRSsx_sZBY5xs,OPERATIONAL,https://www.google.com/maps/place/?q=place_id:ChIJo7UQ0lS_BTsRSsx_sZBY5xs
Ummees Seafood Restaurant,"GX44+Q9X, Nandavanam, Palayam, Thiruvananthapuram, Kerala 695033, India",,76.95605979999999,8.506962099999999,ChIJx14XEAC7BTsRfL2x06JuWrA,OPERATIONAL,https://www.google.com/maps/place/?q=place_id:ChIJx14XEAC7BTsRfL2x06JuWrA
Ummini Thattu,"CXGP+MC6, Pachalloor Punkulam Rd, Kerala 695522, India",+91 80863 71613,76.98608589999999,8.426659599999999,ChIJ7xIEAAClBTsR5OqVd5RVdXY,OPERATIONAL,https://www.google.com/maps/place/?q=place_id:ChIJ7xIEAAClBTsR5OqVd5RVdXY
Unni Chettan Thauukada,"GXR6+4XC, Civil Station Road, Durga Nagar, Peroorkada, Thiruvananthapuram, Kerala 695005, India",,76.96238149999999,8.5403061,ChIJLzE2CJu5BTsR81q3E6YeATA,CLOSED_TEMPORARILY,https://www.google.com/maps/place/?q=place_id:ChIJLzE2CJu5BTsR81q3E6YeATA
Unni's kitchen,"Oolanpara Junction, Bus Stop, Sasthamangalam - Peroorkada Rd, Oolampara Junction, Devi Nagar, Oolampara, Thiruvananthapuram, Kerala 695005, India",+91 79078 78887,76.9670703,8.5303433,ChIJ6w9kiY65BTsRZuJ7xTtuzC0,OPERATIONAL,https://www.google.com/maps/place/?q=place_id:ChIJ6w9kiY65BTsRZuJ7xTtuzC0
Unnis Food Corner & Tea Shop,"JW8Q+4VJ, Vettinad, Kerala 695028, India",,76.939641,8.6153389,ChIJZS2DqVvHBTsRTgBdwkJVQ3Q,OPERATIONAL,https://www.google.com/maps/place/?q=place_id:ChIJZS2DqVvHBTsRTgBdwkJVQ3Q
Urban Kitchen,"Rohini Buildings, TV nagar, Thirumala, Thiruvananthapuram, Kerala 695006, India",,76.99267340000002,8.502776899999999,ChIJoWFUBO27BTsRUus7LMPmMiU,OPERATIONAL,https://www.google.com/maps/place/?q=place_id:ChIJoWFUBO27BTsRUus7LMPmMiU
Urban Space Restaurant By Barbecue Space,"Kumarapuram, Anayara P.O, TC 95/241-2, Poonthi Rd, opposite Air Force Kendriya Vidyalaya, Venpalavattom, Thiruvananthapuram, Kerala 695029, India",+91 95390 94555,76.9141996,8.5138023,ChIJD6cZzwS9BTsRaJaMydUSXjw,OPERATIONAL,https://www.google.com/maps/place/?q=place_id:ChIJD6cZzwS9BTsRaJaMydUSXjw
USHAS Restaurant,"F247+7VG, Pallichal, Kerala 695020, India",,77.0147063,8.455678599999999,ChIJseOmGAmwBTsR_54nwNbs4Kk,CLOSED_TEMPORARILY,https://www.google.com/maps/place/?q=place_id:ChIJseOmGAmwBTsR_54nwNbs4Kk
Usthad hotel,"FW2Q+5F7, Manickamvilakam, Beemapally, Thiruvananthapuram, Kerala 695008, India",,76.938552,8.4504786,ChIJrfMpNue7BTsRlQusPUuaHm4,OPERATIONAL,https://www.google.com/maps/place/?q=place_id:ChIJrfMpNue7BTsRlQusPUuaHm4
Uthaman chettan nte puttu kada,"Ulloor Junction, Kochulloor, Ulloor, Thiruvananthapuram, Kerala 695011, India",,76.9284512,8.5294977,ChIJyXjbG4y5BTsRxdmzRFq1b58,OPERATIONAL,https://www.google.com/maps/place/?q=place_id:ChIJyXjbG4y5BTsRxdmzRFq1b58
Uthram Restaurant,"Andoorkonam, Kerala 695584, India",+91 96053 20393,76.8772621,8.602858399999999,ChIJk42wUHm_BTsR9z2vtpqoQew,OPERATIONAL,https://www.google.com/maps/place/?q=place_id:ChIJk42wUHm_BTsR9z2vtpqoQew
V P Restaurant,"HX5H+WG4, Enikkara, Thiruvananthapuram, Kerala 695564, India",,76.9788324,8.559773,ChIJg56NibC5BTsR001uD0zmkCs,CLOSED_TEMPORARILY,https://www.google.com/maps/place/?q=place_id:ChIJg56NibC5BTsR001uD0zmkCs
Va Va nte Special Restaurant,"C2X7+2MH, Pallichal, Kerala 695020, India",,77.0143409,8.4474839,ChIJE-HEOACxBTsRn7n_vY9jdpY,OPERATIONAL,https://www.google.com/maps/place/?q=place_id:ChIJE-HEOACxBTsRn7n_vY9jdpY
Vada Kada,"FXCJ+788, Kaimanam, Pappanamcode, Thiruvananthapuram, Kerala 695018, India",,76.98083679999999,8.4706566,ChIJ8zStfO66BTsRvrFnL5Itkdw,OPERATIONAL,https://www.google.com/maps/place/?q=place_id:ChIJ8zStfO66BTsRvrFnL5Itkdw
Vadakkada,"F226+22H, Pravachambalam, Nemom, Kerala 695020, India",,77.0100962,8.4500706,ChIJQybwGAC7BTsRCGcAMXaTOas,CLOSED_TEMPORARILY,https://www.google.com/maps/place/?q=place_id:ChIJQybwGAC7BTsRCGcAMXaTOas
Vadakkan Ruji Catering Events Company,"Kizhakkevilakathu Veedu, Karoor, JWFC+5HF, P.O, Andoorkonam, Thiruvananthapuram, Kerala 695584, India",,76.9214121,8.6229368,ChIJywVbWwDHBTsRTlUaYc4r_v8,OPERATIONAL,https://www.google.com/maps/place/?q=place_id:ChIJywVbWwDHBTsRTlUaYc4r_v8
Valiyakada Brothers Restuarant,"Peroorkada Junction, Peroorkada, Thiruvananthapuram, Kerala 695005, India",+91 98473 65627,76.9663176,8.5372732,ChIJtQ5OvjW5BTsR7YyKZlt-zTc,OPERATIONAL,https://www.google.com/maps/place/?q=place_id:ChIJtQ5OvjW5BTsR7YyKZlt-zTc
Valiyakadayil Resturant,"Valiyakadayil Restaurant, Peroorkada Junction, Peroorkada, Thiruvananthapuram, Kerala 695005, India",+91 93888 99954,76.96620089999999,8.5369423,ChIJ7UuDNJ25BTsRBCo3TsEzglw,OPERATIONAL,https://www.google.com/maps/place/?q=place_id:ChIJ7UuDNJ25BTsRBCo3TsEzglw
valiyathura,"FW7H+R2W, Valiyathura, Thiruvananthapuram, Kerala 695008, India",,76.9275756,8.4646156,ChIJieZ9EQC7BTsRIIRj1Q3pSLE,CLOSED_TEMPORARILY,https://www.google.com/maps/place/?q=place_id:ChIJieZ9EQC7BTsRIIRj1Q3pSLE
VALLY RESTAURANT POONKULAM VELLAYANI TRIVANDRUM,"CXFG+4J, Poonkulam, Thiruvananthapuram, Kerala 695522, India",+91 97442 61314,76.9762391,8.422596,ChIJ3SlXDwClBTsRr_pj25gTPtA,OPERATIONAL,https://www.google.com/maps/place/?q=place_id:ChIJ3SlXDwClBTsRr_pj25gTPtA
VAPPACHI KITCHEN,"Vappachi Kitchen, Surya Rd, Kulavikonam, Pazhavadi, Nedumangad, Kerala 695541, India",+91 85939 31447,77.0040349,8.604042999999999,ChIJUaVk1Ii5BTsRqvOcgSTSiNQ,OPERATIONAL,https://www.google.com/maps/place/?q=place_id:ChIJUaVk1Ii5BTsRqvOcgSTSiNQ
Variety Kattan,"Eanikkara Market, Junction, Enikkara, Thiruvananthapuram, Kerala 695564, India",,76.9810279,8.560873899999999,ChIJkev-Suy5BTsR4IjU7R_yBPg,OPERATIONAL,https://www.google.com/maps/place/?q=place_id:ChIJkev-Suy5BTsR4IjU7R_yBPg
Variety Kitchen,"HV6V+QVH, near Gurumandiram, Pangappara, Thiruvananthapuram, Kerala 695581, India",,76.8952481,8.5616747,ChIJ751rewC_BTsRIFJTths7r8k,OPERATIONAL,https://www.google.com/maps/place/?q=place_id:ChIJ751rewC_BTsRIFJTths7r8k
Variety Thattukada,"A 19, Sreekariyam - Pothencode Rd, Chempazhanthy, Thiruvananthapuram, Kerala 695587, India",,76.90658619999999,8.5723216,ChIJO9gaqii_BTsRNz7Fem64aLk,OPERATIONAL,https://www.google.com/maps/place/?q=place_id:ChIJO9gaqii_BTsRNz7Fem64aLk
Varnam Seafood Restaurant,"Bakery Jct Rd, Near RBI, Nandavanam, Palayam, Thiruvananthapuram, Kerala 695033, India",+91 471 232 0327,76.9535624,8.502534200000001,ChIJFyftkbe7BTsRrcUqPGdzdqI,OPERATIONAL,https://www.google.com/maps/place/?q=place_id:ChIJFyftkbe7BTsRrcUqPGdzdqI
Varshasinte Ruchikootu,"HW85+9XQ, Sreekariyam - Pothencode Rd, Chempazhanthy, Thiruvananthapuram, Kerala 695587, India",,76.9099892,8.5659648,ChIJHwHZSAC_BTsR6d8dRv7A8ZI,OPERATIONAL,https://www.google.com/maps/place/?q=place_id:ChIJHwHZSAC_BTsR6d8dRv7A8ZI
Vasanta Bhavan Restaurant,"HV4G+V3Q, Railway Station Rd, Pallinada, Thiruvananthapuram, Kerala 695582, India",+91 94008 40575,76.8752243,8.557208,ChIJY_A8Mfm_BTsR2M46MRaFQz0,OPERATIONAL,https://www.google.com/maps/place/?q=place_id:ChIJY_A8Mfm_BTsR2M46MRaFQz0
Vasantham Chapathi Corner,"FX22+8VX, Ambalathara, Thiruvananthapuram, Kerala 695026, India",,76.9522229,8.4509131,ChIJ37vcAQC7BTsRid1pv7FF9V8,CLOSED_TEMPORARILY,https://www.google.com/maps/place/?q=place_id:ChIJ37vcAQC7BTsRid1pv7FF9V8
Vasanthi's Veg Kitchen,"Manakkattu Madom, TRRA 206B, Nadakkavu Ln, Ambalamukku, Thiruvananthapuram, Kerala 695003, India",,76.9655239,8.528407,ChIJaTo8_9m5BTsRs40uRjKy9OU,OPERATIONAL,https://www.google.com/maps/place/?q=place_id:ChIJaTo8_9m5BTsRs40uRjKy9OU
Vava Hotel,"GXM3+WJX, Vayilkunnu, Muttada, Velikkunnu, Thiruvananthapuram, Kerala 695043, India",+91 94955 22099,76.954101,8.5348639,ChIJB6u7wXq5BTsRg7xTH9HMkuk,OPERATIONAL,https://www.google.com/maps/place/?q=place_id:ChIJB6u7wXq5BTsRg7xTH9HMkuk
"Vayalil Hotel, Vallakkadavu","FWHM+H3V, Vallakadavu Road, Eanchakkal, Thiruvananthapuram, Kerala 695008, India",,76.9326166,8.4789698,ChIJyfnrzkK7BTsRnCdsMFQg1HE,OPERATIONAL,https://www.google.com/maps/place/?q=place_id:ChIJyfnrzkK7BTsRnCdsMFQg1HE
"Vayalil Restaurant, The Finedine, eanchakkal","Thiruvananthapuram Byp, opposite SBI ATM, Eanchakkal, Thiruvananthapuram, Kerala 695008, India",+91 96336 79707,76.9337583,8.4799692,ChIJBTqy0oK7BTsRRcQ5MPRS784,OPERATIONAL,https://www.google.com/maps/place/?q=place_id:ChIJBTqy0oK7BTsRRcQ5MPRS784
Vazhathopil Family Restaurant,"VAZHATHOPPIL, Nettayam, Thiruvananthapuram, Kerala 695013, India",+91 62828 23862,76.9905832,8.5354066,ChIJj6y8pa25BTsROwE_utSO2l8,OPERATIONAL,https://www.google.com/maps/place/?q=place_id:ChIJj6y8pa25BTsROwE_utSO2l8
Vazhiyidam,"C22H+3M2, Kattachalkuzhi Mangalattukonam Rd, Kattachalkuzhi, Venganoor, Kerala 695501, India",,77.0291795,8.400149599999999,ChIJEY_2VgCvBTsRrozh5tQlsrE,OPERATIONAL,https://www.google.com/maps/place/?q=place_id:ChIJEY_2VgCvBTsRrozh5tQlsrE
Vedhika's Restaurant,"G2QF+C88, Puliyarakonam, Vilappil, Kerala 695573, India",+91 77362 04565,77.0219596,8.538614299999999,ChIJc4qG1Q-3BTsReP8Hjlpfmwo,OPERATIONAL,https://www.google.com/maps/place/?q=place_id:ChIJc4qG1Q-3BTsReP8Hjlpfmwo
Veer Beera Momos,"FWJ7+42J, Vallakkadavu, Thiruvananthapuram, Kerala 695007, India",,76.9127606,8.480416199999999,ChIJ_VclZwC9BTsRP1hv-yvRc20,OPERATIONAL,https://www.google.com/maps/place/?q=place_id:ChIJ_VclZwC9BTsRP1hv-yvRc20
Veerappan Thattukada (VFC),"Manikkavilakom, Poonthura, Thiruvananthapuram, Kerala 695026, India",+91 98952 43476,76.9427443,8.4483302,ChIJ9UqULfu7BTsRRBi3EF3Dwwc,OPERATIONAL,https://www.google.com/maps/place/?q=place_id:ChIJ9UqULfu7BTsRRBi3EF3Dwwc
VEG & NONVEG FAMILY RESTAURANT,"Chanthavila, Kerala 695585, India",,76.87792929999999,8.587603,ChIJWd5BVXO_BTsRNQkWbXLYFJM,OPERATIONAL,https://www.google.com/maps/place/?q=place_id:ChIJWd5BVXO_BTsRNQkWbXLYFJM
Vegeatz,"opp. Govt Fort Hospital, Fort, Nalumukku, Pazhavangadi, Thiruvananthapuram, Kerala 695008, India",+91 75984 76671,76.94093819999999,8.486624899999999,ChIJibuseG27BTsR4A4oE_4p-hg,OPERATIONAL,https://www.google.com/maps/place/?q=place_id:ChIJibuseG27BTsR4A4oE_4p-hg
VENCODE. JUNCTION,"HXVC+7Q6, Venkode, Kerala 695028, India",,76.9718972,8.5931613,ChIJmSfaXte5BTsRDQ2eCYs3mhU,OPERATIONAL,https://www.google.com/maps/place/?q=place_id:ChIJmSfaXte5BTsRDQ2eCYs3mhU
Venkadesa Bhavan,"FWMR+5P6, West Nada, Fort, Swathi Nagar, Pazhavangadi, Thiruvananthapuram, Kerala 695023, India",,76.9417674,8.482908000000002,ChIJrxE9BaC7BTsRTSpgdgkdAvs,OPERATIONAL,https://www.google.com/maps/place/?q=place_id:ChIJrxE9BaC7BTsRTSpgdgkdAvs
Vigneshwara Brahmins Restaurant,"FWHV+GJ2, Anaval Street, Puthen Street, Manacaud, Thiruvananthapuram, Kerala 695009, India",,76.944006,8.478766499999999,ChIJhWnuBAu7BTsRaMhSo0bBW5w,OPERATIONAL,https://www.google.com/maps/place/?q=place_id:ChIJhWnuBAu7BTsRaMhSo0bBW5w
VIJAY HOTEL,"HX4W+52R, Maruthankuzhi - Kachani Rd, Kachani, Thiruvananthapuram, Kerala 695564, India",,76.9950178,8.5554948,ChIJwQ0gIh-5BTsR6EkdeNC2MvE,OPERATIONAL,https://www.google.com/maps/place/?q=place_id:ChIJwQ0gIh-5BTsR6EkdeNC2MvE
VIJAYA HOTEL,"G2P9+V36, Puliyarakonam, Vilappil, Kerala 695573, India",,77.01765329999999,8.5371521,ChIJ3fGvubm3BTsR5Crwjr0eCaI,OPERATIONAL,https://www.google.com/maps/place/?q=place_id:ChIJ3fGvubm3BTsR5Crwjr0eCaI
Vijayannan's Thattukada,"GX66+XQV, Kanaga Nagar Rd, Kanaka Nagar, Vellayambalam, Thiruvananthapuram, Kerala 695003, India",,76.96193319999999,8.5124816,ChIJTRrx_sy7BTsRoWX0R10kIcg,OPERATIONAL,https://www.google.com/maps/place/?q=place_id:ChIJTRrx_sy7BTsRoWX0R10kIcg
Vikraman tea shop,"CX5R+7FF, Muttakkad, Venganoor, Kerala 695523, India",,76.9911679,8.4081897,ChIJlzIQjbGlBTsR7atXB5HVZpQ,OPERATIONAL,https://www.google.com/maps/place/?q=place_id:ChIJlzIQjbGlBTsR7atXB5HVZpQ
Villa Maya,"No-120 Palayam Airport Road Near, MUTHOOT SKY CHEF, Perunthanni, Vallakkadavu, Thiruvananthapuram, Kerala 695008, India",+91 471 257 8901,76.937029,8.481900999999999,ChIJL2mD7XW7BTsR1hJP__FqJPQ,OPERATIONAL,https://www.google.com/maps/place/?q=place_id:ChIJL2mD7XW7BTsR1hJP__FqJPQ
Village Kitchen,"9XWM+6R9, Kovalam Rd, Vizhinjam, Kovalam, Venganoor, Kerala 695527, India",,76.9846244,8.3955348,ChIJQ-1sjgWlBTsR0t_lietT8vA,OPERATIONAL,https://www.google.com/maps/place/?q=place_id:ChIJQ-1sjgWlBTsR0t_lietT8vA
Vinayaka Thattukada,"C289+7J5, near CSI Church, Peringammala, Pallichal, Kerala 695042, India",,77.0191043,8.415625799999999,ChIJsTSfUgCvBTsRclYpwqLzXQM,OPERATIONAL,https://www.google.com/maps/place/?q=place_id:ChIJsTSfUgCvBTsRclYpwqLzXQM
Vindhya's Homely food,"Vijay bhavan vadakkumkara veedu, chathalampattukonam vedivachancovil, P.O, Balaramapuram, Pallichal, Kerala 695501, India",,77.03939679999999,8.4351219,ChIJfa5hRQCvBTsRsN0IFAS3xM4,OPERATIONAL,https://www.google.com/maps/place/?q=place_id:ChIJfa5hRQCvBTsRsN0IFAS3xM4
Vintage Punjabi Dhaba,"Kovalam Beach Rd, Venganoor, Thiruvananthapuram, Kerala 695527, India",+91 62821 53822,76.9799101,8.3957094,ChIJXzlhtvelBTsRQ-8YX944Szk,OPERATIONAL,https://www.google.com/maps/place/?q=place_id:ChIJXzlhtvelBTsRQ-8YX944Szk
Vipanchika വിപഞ്ചിക തട്ടുകട,"Peroorkada Mannanthala Rd, Mukkolakkal, Thiruvananthapuram, Kerala 695015, India",+91 92070 22433,76.9524033,8.564530399999999,ChIJ_3v7e5y5BTsR_fNNsX24ZUc,OPERATIONAL,https://www.google.com/maps/place/?q=place_id:ChIJ_3v7e5y5BTsR_fNNsX24ZUc
Vishferz cattery,"GWXC+449, Gowari Nagar, Sreekaryam, Thiruvananthapuram, Kerala 695017, India",+91 73565 72707,76.9203714,8.5477917,ChIJt8RQon-5BTsRG83wdkVgvrw,OPERATIONAL,https://www.google.com/maps/place/?q=place_id:ChIJt8RQon-5BTsRG83wdkVgvrw
Vishnu,"Tc Ch, Thiruvananthapuram, Pothencode, Kerala 695584, India",,76.8893908,8.6148215,ChIJ5QQZaKbBBTsROYZzu89kI9I,OPERATIONAL,https://www.google.com/maps/place/?q=place_id:ChIJ5QQZaKbBBTsROYZzu89kI9I
Vishnu Hotel Nadan Pazham Kanji,"Bund Rd, Killipalam, Karamana, Thiruvananthapuram, Kerala 695002, India",+91 96333 83139,76.9584933,8.4805446,ChIJcYHy1ga7BTsRfSYoK6Hn5lE,OPERATIONAL,https://www.google.com/maps/place/?q=place_id:ChIJcYHy1ga7BTsRfSYoK6Hn5lE
Vishnu Thattukada,"FXHM+J5W, Kesavadev Road, Shastri Nagar, Poojapura, Thiruvananthapuram, Kerala 695012, India",,76.9829494,8.4791104,ChIJz0l6TQC7BTsRInSiO610uMs,OPERATIONAL,https://www.google.com/maps/place/?q=place_id:ChIJz0l6TQC7BTsRInSiO610uMs
Vishnu's Cafe,"Pravachambalam, Thiruvananthapuram, Pallichal, Kerala 695020, India",+91 95445 48414,77.013837,8.4480603,ChIJOxjne_GxBTsRR40TKJcdw-A,OPERATIONAL,https://www.google.com/maps/place/?q=place_id:ChIJOxjne_GxBTsRR40TKJcdw-A
Vismaya Hotel,"C23F+JWW, Kattachalkuzhi, Kottukal, Venganoor, Kerala 695501, India",+91 96561 17637,77.02483,8.404121,ChIJxzidfZyvBTsRSUUVxpJcNlw,OPERATIONAL,https://www.google.com/maps/place/?q=place_id:ChIJxzidfZyvBTsRSUUVxpJcNlw
Vismaya Hotel,"C23G+F7P, Kattachalkuzhi, Kottukal, Venganoor, Kerala 695501, India",,77.0257108,8.403717799999999,ChIJTbBzLACvBTsRv4KwopUniW8,OPERATIONAL,https://www.google.com/maps/place/?q=place_id:ChIJTbBzLACvBTsRv4KwopUniW8
Vismaya Nadan Thattukada & Catering Service,"opp. Chudukaadu Temple, Pachalloor, Thiruvananthapuram, Kerala 695027, India",+91 90373 16031,76.9615493,8.425559999999999,ChIJg7MgQQqlBTsRi6I3n-4Iht4,CLOSED_TEMPORARILY,https://www.google.com/maps/place/?q=place_id:ChIJg7MgQQqlBTsRi6I3n-4Iht4
VIVACE VENTURES,"TBITEZ SHOP, Pangappara, Thiruvananthapuram, Kerala 695581, India",+91 62824 53089,76.8952923,8.5615174,ChIJk946squ_BTsRItJs3UucGI4,OPERATIONAL,https://www.google.com/maps/place/?q=place_id:ChIJk946squ_BTsRItJs3UucGI4
Vivin Luxury Suites,"Palayam Airport Rd, Pattoor, Thiruvananthapuram, Kerala 695024, India",+91 471 274 2888,76.9358697,8.4974407,ChIJqRqLRZG7BTsRYIHFD3k6Ewg,OPERATIONAL,https://www.google.com/maps/place/?q=place_id:ChIJqRqLRZG7BTsRYIHFD3k6Ewg
Vizhinjam fresh,"GX7Q+V9F, PTP Nagar, Arappuramukku, Thiruvananthapuram, Kerala 695038, India",,76.98843719999999,8.5146965,ChIJpRMjiKW7BTsRQcYeZgs22Uc,CLOSED_TEMPORARILY,https://www.google.com/maps/place/?q=place_id:ChIJpRMjiKW7BTsRQcYeZgs22Uc
Vizhinjam Fresh,"Valikode koppam Road, Thiruvananthapuram, Nedumangad, Kerala 695541, India",,76.993944,8.5992787,ChIJn1HZFS25BTsRehcH4lYsH3s,OPERATIONAL,https://www.google.com/maps/place/?q=place_id:ChIJn1HZFS25BTsRehcH4lYsH3s
Vizhinjam Live On Chuttameen,"Vellaar jn, Vizhinjam, Thiruvananthapuram, Kerala 695527, India",+91 88488 82414,76.97629839999999,8.4072374,ChIJyaHCZXClBTsRAFstwmIJepk,OPERATIONAL,https://www.google.com/maps/place/?q=place_id:ChIJyaHCZXClBTsRAFstwmIJepk
VIZHINJAM SEA FOOD,"Balaramapuram, Kerala 695501, India",,77.038159,8.427573299999999,ChIJMb8Q7MOvBTsRGgrmQy6-Gus,OPERATIONAL,https://www.google.com/maps/place/?q=place_id:ChIJMb8Q7MOvBTsRGgrmQy6-Gus
VK GROUPS - Fresh Fish,"near Assumption Curch, Vallakkadavu, Thiruvananthapuram, Kerala 695008, India",,76.9319228,8.4580845,ChIJH71u22e7BTsRKurr2vgjTE0,OPERATIONAL,https://www.google.com/maps/place/?q=place_id:ChIJH71u22e7BTsRKurr2vgjTE0
Vm Cafe,"Valiyaveli, Thyvilakam House, Veli, Thiruvananthapuram, Kerala 695021, India",,76.8787438,8.520056199999999,ChIJYfrmpGK9BTsR-tnNnKF8CJA,OPERATIONAL,https://www.google.com/maps/place/?q=place_id:ChIJYfrmpGK9BTsR-tnNnKF8CJA
VS Fast Food and Catering,"Kollor Road, Medical College, Kannammoola, Thiruvananthapuram, Kerala 695035, India",+91 93878 25070,76.9366242,8.5049076,ChIJVzKuQ-u7BTsRaqjGjR7F2p4,OPERATIONAL,https://www.google.com/maps/place/?q=place_id:ChIJVzKuQ-u7BTsRaqjGjR7F2p4
VS fresh,"Medical College, Kollor Road, Kannammoola, Thiruvananthapuram, Kerala 695035, India",+91 99614 25070,76.9364566,8.5047053,ChIJLU7u53i7BTsRqfpLuEzyyEk,CLOSED_TEMPORARILY,https://www.google.com/maps/place/?q=place_id:ChIJLU7u53i7BTsRqfpLuEzyyEk
Water Authority Canteen,"ticoba TC 6/1627 (1, PTP P.O, near Kerala Water Authority, PTP Nagar, Arappuramukku, Thiruvananthapuram, Kerala 695038, India",,76.9883543,8.5117044,ChIJWYvs4W67BTsRaGw_jH9v9DE,OPERATIONAL,https://www.google.com/maps/place/?q=place_id:ChIJWYvs4W67BTsRaGw_jH9v9DE
"WE FIVE SEA FOOD RESTAURANT, BAKERS AND CATERS","84/3443/1, NH BY PASS, Eanchakkal, Thiruvananthapuram, Kerala 695008, India",,76.9354796,8.478629800000002,ChIJB59FSwC7BTsRKCnOTuL3zrw,CLOSED_TEMPORARILY,https://www.google.com/maps/place/?q=place_id:ChIJB59FSwC7BTsRKCnOTuL3zrw
Wellness Restaurant,"Sasthamangalam, Thiruvananthapuram, Kerala 695010, India",+91 99472 99569,76.97301929999999,8.5100232,ChIJnfP4Ixu7BTsREORpV5h-WhQ,OPERATIONAL,https://www.google.com/maps/place/?q=place_id:ChIJnfP4Ixu7BTsREORpV5h-WhQ
Wings Chicken Shop,"Vettinad, Thiruvananthapuram, Kerala 695028, India",,76.93975259999999,8.6138104,ChIJP63WZqDHBTsRousH_axmXRk,CLOSED_TEMPORARILY,https://www.google.com/maps/place/?q=place_id:ChIJP63WZqDHBTsRousH_axmXRk
Wok Town,"BUILDING NO P, DEVI BUILDINGS, P 22/199, Pravachambalam, PRAVACHAMBALAM, Pallichal, Kerala 695020, India",,77.0112475,8.448991099999999,ChIJqR5HCFaxBTsRC3rA3oz8V50,OPERATIONAL,https://www.google.com/maps/place/?q=place_id:ChIJqR5HCFaxBTsRC3rA3oz8V50
WOW Chicken,"No SF/16A, Mall of Travancore, Chakai, Eanchakkal, Thiruvananthapuram, Kerala 695024, India",+91 471 405 2113,76.9260884,8.487355599999999,ChIJt4Cq5Gu7BTsRvz5g7Dw-Nv0,OPERATIONAL,https://www.google.com/maps/place/?q=place_id:ChIJt4Cq5Gu7BTsRvz5g7Dw-Nv0
Wow! Momo,"MG Road, Kailash Nagar, Vivekananda Nagar, Pattom, Thiruvananthapuram, Kerala 695004, India",+91 70446 81790,76.9388965,8.5274682,ChIJ2xKKioW5BTsRdRIiuxvTT-s,OPERATIONAL,https://www.google.com/maps/place/?q=place_id:ChIJ2xKKioW5BTsRdRIiuxvTT-s
Wow! Momo,"No TC 5, 3606, near Medical College, Chenthi, Pongumoodu, Thiruvananthapuram, Kerala 695011, India",+91 98361 98361,76.9221401,8.544804,ChIJc7MKdgC5BTsRYCR8YVvopOM,OPERATIONAL,https://www.google.com/maps/place/?q=place_id:ChIJc7MKdgC5BTsRYCR8YVvopOM
Wrap A Loop,"Pullenvila Towers, Plamoodu - Thekkamoodu Rd, Vrindavan Gardens, Pattom, Thiruvananthapuram, Kerala 695004, India",+91 96338 76751,76.9440521,8.5163465,ChIJVbwLp_27BTsRDqOU9P1xEn8,OPERATIONAL,https://www.google.com/maps/place/?q=place_id:ChIJVbwLp_27BTsRDqOU9P1xEn8
Yummy cloudy kitchen,"C2GW+57J, Pazhayakadalane, Balaramapuram, Kerala 695501, India",,77.0456268,8.4254628,ChIJ2ZP1IhOvBTsR67VYAElgmqM,CLOSED_TEMPORARILY,https://www.google.com/maps/place/?q=place_id:ChIJ2ZP1IhOvBTsR67VYAElgmqM
Yummy Spot,"GWP5+4QW, Cheruvaikkal, Thiruvananthapuram, Kerala 695017, India",+91 70125 23636,76.9094531,8.5353625,ChIJiUqawWq_BTsRjcock3hmN90,OPERATIONAL,https://www.google.com/maps/place/?q=place_id:ChIJiUqawWq_BTsRjcock3hmN90
YUMMY SPOT BIRIYANI,"Ulloor - Akkulam Rd, opp. SBI, Prasanth Nagar, Pulayanarkotta, Thiruvananthapuram, Kerala 695011, India",+91 79072 53745,76.9129875,8.522795,ChIJp2Rr6-O9BTsRa-nPuWUwFfA,OPERATIONAL,https://www.google.com/maps/place/?q=place_id:ChIJp2Rr6-O9BTsRa-nPuWUwFfA
Zahar FOOD QUARTERS,"Kerala 695541, India",,77.04389019999999,8.592226000000002,ChIJEe9SEbi3BTsRJ3vWFEBnIAk,OPERATIONAL,https://www.google.com/maps/place/?q=place_id:ChIJEe9SEbi3BTsRJ3vWFEBnIAk
ZAIKA Restaurant,"JX8X+229, Pazhakutty, Nedumangad, Kerala 695561, India",+91 88481 14008,76.9975912,8.6150415,ChIJ69O4YwHHBTsRYcJrAzPEYf4,OPERATIONAL,https://www.google.com/maps/place/?q=place_id:ChIJ69O4YwHHBTsRYcJrAzPEYf4
Zain Restaurant,"Rotary junction, Cherukara Gardens, Poojapura, Thiruvananthapuram, Kerala 695012, India",+91 77362 28886,76.9806408,8.4970914,ChIJH69GVwK7BTsRx-SPX0_3aik,OPERATIONAL,https://www.google.com/maps/place/?q=place_id:ChIJH69GVwK7BTsRx-SPX0_3aik
Zam Zam Halal Chicken,"FW8H+999, Vallakkadavu, Thiruvananthapuram, Kerala 695008, India",+91 98479 10222,76.92847309999999,8.465912699999999,ChIJQ3lk4WW7BTsRwa_aKmAGrdM,OPERATIONAL,https://www.google.com/maps/place/?q=place_id:ChIJQ3lk4WW7BTsRwa_aKmAGrdM
Zam Zam Hotel,"1, Pachalloor Punkulam Rd, Thiruvallam, Thiruvananthapuram, Kerala 695027, India",+91 95672 49274,76.963573,8.4341485,ChIJs_CED9akBTsRZS7y5yQKvmk,OPERATIONAL,https://www.google.com/maps/place/?q=place_id:ChIJs_CED9akBTsRZS7y5yQKvmk
Zam Zam Iyya Restaurant,"Saleem Arcade, Valicode, Nedumangad, Kerala 695541, India",+91 90484 02548,76.9962121,8.6008873,ChIJ7y71sxG4BTsRbC6Y5dKuxb0,OPERATIONAL,https://www.google.com/maps/place/?q=place_id:ChIJ7y71sxG4BTsRbC6Y5dKuxb0
Zam Zam Restaurant,"opp. MLA Hostel, University of Kerala Senate House Campus, Palayam, Thiruvananthapuram, Kerala 695034, India",+91 98099 98080,76.94978540000001,8.5035385,ChIJofE3hri7BTsRAIPxl2Wb8kU,OPERATIONAL,https://www.google.com/maps/place/?q=place_id:ChIJofE3hri7BTsRAIPxl2Wb8kU
Zam Zam Restaurant,"NH Bypass Between Kunnil, &, Infosys, Kulathoor, Thiruvananthapuram, Kerala 695583, India",+91 98099 98080,76.8855731,8.5304434,ChIJ_7zPKsy_BTsRTSAC6hXw574,OPERATIONAL,https://www.google.com/maps/place/?q=place_id:ChIJ_7zPKsy_BTsRTSAC6hXw574
Zam Zam Restaurants YMR,"YMR Nandancode Road, YMR Jct, Nanthancodu, Thiruvananthapuram, Kerala 695003, India",+91 98099 98080,76.9511988,8.5192406,ChIJcc-dg9q7BTsRwy1vpSnrspg,OPERATIONAL,https://www.google.com/maps/place/?q=place_id:ChIJcc-dg9q7BTsRwy1vpSnrspg
Zam Zam take away,"Paruthikuzhy, Thiruvananthapuram, Kerala 695009, India",+91 97460 69947,76.9428142,8.4583469,ChIJraQBoT-7BTsR3lhoCx8EGck,OPERATIONAL,https://www.google.com/maps/place/?q=place_id:ChIJraQBoT-7BTsR3lhoCx8EGck
Zaytoon by malabar Family Restaurant,"Manacaud, Thiruvananthapuram, Kerala 695009, India",+91 96336 26706,76.9474371,8.473549499999999,ChIJc5iCunO7BTsR33XGB44gwQA,OPERATIONAL,https://www.google.com/maps/place/?q=place_id:ChIJc5iCunO7BTsR33XGB44gwQA
ZEIT MEHRAZ DINE RESTAURANT,"https://maps.app.goo.gl/gB392DBSAp8SgUtU7, Punalal, Thiruvananthapuram - Thenmala Rd, Nedumangad, Kerala 695541, India",+91 73061 06600,76.99826240000002,8.6045039,ChIJOeJIFgC5BTsRztPLBJzJrks,OPERATIONAL,https://www.google.com/maps/place/?q=place_id:ChIJOeJIFgC5BTsRztPLBJzJrks
ZROOZ FAMILY RESTAURANT,"ZROOZ Family Restaurant, near Juma Masjid, Sreekariyam Junction, Sreekaryam, Thiruvananthapuram, Kerala 695017, India",+91 81292 45467,76.91674569999999,8.5490727,ChIJPd2PfAC_BTsR_5h_V1ChMsQ,OPERATIONAL,https://www.google.com/maps/place/?q=place_id:ChIJPd2PfAC_BTsR_5h_V1ChMsQ
Zulfi food products,"FXCQ+9GW, Satyan Nagar, Pappanamcode, Thiruvananthapuram, Kerala 695019, India",,76.9888402,8.4709832,ChIJTSMzGgC7BTsRNrEdPPlwP4M,OPERATIONAL,https://www.google.com/maps/place/?q=place_id:ChIJTSMzGgC7BTsRNrEdPPlwP4M
അളിയൻസ് തട്ടുകട,"FWF9+VRV, Valiathope, Thiruvananthapuram, Kerala 695008, India",,76.9195901,8.474780599999999,ChIJ06FUZgC7BTsRa9z0oJVUPdA,CLOSED_TEMPORARILY,https://www.google.com/maps/place/?q=place_id:ChIJ06FUZgC7BTsRa9z0oJVUPdA
ഒരു നാടൻ പെരട്ടു കട. Oru nadan perattu kada,"C2CC+QJ5, Pallichal - Vizhinjam Rd, Peringammala, Pallichal, Kerala 695042, India",,77.0216093,8.4218928,ChIJnT5_KACvBTsR-WWd73zQQdE,OPERATIONAL,https://www.google.com/maps/place/?q=place_id:ChIJnT5_KACvBTsR-WWd73zQQdE
കണ്ണൂസ് ഹോട്ടൽ,"Malayinkeezh, Kerala 695570, India",,77.0369668,8.4790452,ChIJdRuxRQCxBTsRBzl8eMNyeDY,OPERATIONAL,https://www.google.com/maps/place/?q=place_id:ChIJdRuxRQCxBTsRBzl8eMNyeDY
കപ്പയും കാന്താരിയും,"CXJC+73W, Thiruvananthapuram, Kerala 695027, India",,76.9701948,8.430729099999999,ChIJo1poXwClBTsR1igZiqkPFwU,CLOSED_TEMPORARILY,https://www.google.com/maps/place/?q=place_id:ChIJo1poXwClBTsR1igZiqkPFwU
കല്യാണി കാറ്ററിംഗ് വെങ്ങാനൂർ,"9XVX+83X, Vizhinjam, Venganoor, Kerala 695523, India",,76.99773239999999,8.393352499999999,ChIJWZnho5ylBTsRdebIpsm5Ju0,OPERATIONAL,https://www.google.com/maps/place/?q=place_id:ChIJWZnho5ylBTsRdebIpsm5Ju0
കാവ്നടയിൽ തട്ടുകട,"J234+2M4, Pazhavadi, Nedumangad, Kerala 695541, India",,77.00671129999999,8.602500599999999,ChIJo3ZgDgC5BTsRl-KJsitlzu8,CLOSED_TEMPORARILY,https://www.google.com/maps/place/?q=place_id:ChIJo3ZgDgC5BTsRl-KJsitlzu8
ചായ പീടിക,"Mannanthala, Thiruvananthapuram, Kerala 695015, India",,76.9435511,8.559650099999999,ChIJT4LYNpm5BTsRNzaxZrnG-5A,CLOSED_TEMPORARILY,https://www.google.com/maps/place/?q=place_id:ChIJT4LYNpm5BTsRNzaxZrnG-5A
തട്ടുകട,"GV6W+FP6 Railway Station, near Kochiveli, Kochuveli, Thiruvananthapuram, Kerala 695021, India",,76.89680729999999,8.511139199999999,ChIJl7m3QpG9BTsRtIez4i0HOC8,OPERATIONAL,https://www.google.com/maps/place/?q=place_id:ChIJl7m3QpG9BTsRtIez4i0HOC8
നടാൻ കടയും വീട്ടിലെ ഊണും,"Pachalloor, paravila Pachalloor, road, Vazhamuttom, Thiruvananthapuram, Kerala 695027, India",,76.9684522,8.418097999999999,ChIJ9zrytHGlBTsRiVC4e44IExM,OPERATIONAL,https://www.google.com/maps/place/?q=place_id:ChIJ9zrytHGlBTsRiVC4e44IExM
നാടൻ കടയും വീട്ടിലെ ഊണും,"Pachalloor Pachalloor to, Thuppanathu Kavu Sree Rajarajeswari Temple, Vazhamuttom, root, Pachalloor, Thiruvananthapuram, Kerala 695027, India",,76.96142549999999,8.4266349,ChIJr8ghQE2lBTsR3T1ulFk_sdg,OPERATIONAL,https://www.google.com/maps/place/?q=place_id:ChIJr8ghQE2lBTsR3T1ulFk_sdg
പാതിരാ കോയി,"1090, Pachalloor, Thiruvananthapuram, Kerala 695027, India",,76.9640491,8.433659800000001,ChIJGznmeiylBTsRQfmhVaTvkns,CLOSED_TEMPORARILY,https://www.google.com/maps/place/?q=place_id:ChIJGznmeiylBTsRQfmhVaTvkns
പൊന്നൂസ് ഹോട്ടൽ,"HVVM+3R4, Chanthavila, Kerala 695584, India",,76.88456649999999,8.5926317,ChIJiwWy5W2_BTsRsQcZ1EL38YE,OPERATIONAL,https://www.google.com/maps/place/?q=place_id:ChIJiwWy5W2_BTsRsQcZ1EL38YE
ഫാമിലി റെസ്റ്റോറെന്റ്,"Peyad, Kerala 695573, India",,77.00963589999999,8.5114275,ChIJYT5RHQq6BTsRUE5qa7W7Ams,OPERATIONAL,https://www.google.com/maps/place/?q=place_id:ChIJYT5RHQq6BTsRUE5qa7W7Ams
ബേബി അമ്മച്ചിയുടെ കട Baby Ammachiyude Kada,"HW7X+WW2, Near, Government Press Rd, Mannanthala, Thiruvananthapuram, Kerala 695015, India",,76.9496369,8.5646904,ChIJC9StKgC5BTsRkm_kg7Az1HU,OPERATIONAL,https://www.google.com/maps/place/?q=place_id:ChIJC9StKgC5BTsRkm_kg7Az1HU
മുളകുപാടം,"KS Rd, Vizhinjam, Thiruvananthapuram, Kovalam, Kerala 695527, India",,76.9816507,8.406889099999999,ChIJpScZDXWlBTsRAPweHpbi-aA,CLOSED_TEMPORARILY,https://www.google.com/maps/place/?q=place_id:ChIJpScZDXWlBTsRAPweHpbi-aA
രുചിക്കൂട്ട് ഹോട്ടൽ,"FXFG+JWR, Kaimanam, Pappanamcode, Thiruvananthapuram, Kerala 695018, India",,76.9772787,8.474117,ChIJ8SiYegC7BTsRiOtoeGcWuVE,CLOSED_TEMPORARILY,https://www.google.com/maps/place/?q=place_id:ChIJ8SiYegC7BTsRiOtoeGcWuVE
രുചിയിടം തട്ടുകട,"Gandhipuram, Thiruvananthapuram, Kerala 695017, India",+91 70256 18361,76.9058809,8.5608792,ChIJvUWiZAC_BTsRM_HjLhkEau0,OPERATIONAL,https://www.google.com/maps/place/?q=place_id:ChIJvUWiZAC_BTsRM_HjLhkEau0
വളവിൽ തട്ടുകട,"H2VX+9QF, Thiruvananthapuram, Uzhamalakkal, Kerala 695541, India",+91 93494 87754,77.04943589999999,8.593433899999999,ChIJMVKWase3BTsRlkG2M9RKqtw,OPERATIONAL,https://www.google.com/maps/place/?q=place_id:ChIJMVKWase3BTsRlkG2M9RKqtw
വീട്ടിലെ ഊണ്,"48/1147, Ambalathara, Thiruvananthapuram, Kerala 695026, India",,76.95129419999999,8.452298299999999,ChIJYTELMIu7BTsRFk0QxsRfuGs,OPERATIONAL,https://www.google.com/maps/place/?q=place_id:ChIJYTELMIu7BTsRFk0QxsRfuGs
ശിവഗംഗ ഹോട്ടൽ,"H242+PM2, Kachani Aruvikkara Rd, Kerala 695564, India",,77.00163959999999,8.5567659,ChIJoWA_ANu5BTsRHYq35S-9zx0,OPERATIONAL,https://www.google.com/maps/place/?q=place_id:ChIJoWA_ANu5BTsRHYq35S-9zx0
ശ്രീഭദ്ര നാടൻ തട്ടുകട,"Pallichal, Kerala 695020, India",,77.01708289999999,8.4433086,ChIJW2eaPQKwBTsR5NNpdDX8iF0,OPERATIONAL,https://www.google.com/maps/place/?q=place_id:ChIJW2eaPQKwBTsR5NNpdDX8iF0
ഹായ് തട്ടുകട- നാടൻ കോഴി പേരട്ട്,"92XF+XJ7, Vizhinjam, Kovalam, Venganoor, Kerala 695501, India",,77.0240474,8.399906099999999,ChIJWasUv3OvBTsRXnrC3XiUwe4,OPERATIONAL,https://www.google.com/maps/place/?q=place_id:ChIJWasUv3OvBTsRXnrC3XiUwe4
ഹോട്ടൽ കൃഷ്ണ,"J266+CQX, Nedumangad Karipoor Rd, Nedumangad, Kerala 695541, India",,77.0119888,8.6111161,ChIJv2z2oP-3BTsRTEHcWPvX9QA,OPERATIONAL,https://www.google.com/maps/place/?q=place_id:ChIJv2z2oP-3BTsRTEHcWPvX9QA
ഹോട്ടൽ നാരായണ,"Maruthoorkadavu, Thiruvananthapuram, Kerala 695026, India",,76.9556685,8.4523716,ChIJTW9ipyW7BTsRFhT6T-EJAV0,OPERATIONAL,https://www.google.com/maps/place/?q=place_id:ChIJTW9ipyW7BTsRFhT6T-EJAV0
ഹോട്ടൽ ഫാസ്റ്റ് ഫുഡ്,"Karakkamandapam, Sathya Nagar, Thiruvananthapuram, Kerala 695020, India",,76.9899511,8.464970899999999,ChIJ--h0AZW6BTsRhh17qxrNuRA,OPERATIONAL,https://www.google.com/maps/place/?q=place_id:ChIJ--h0AZW6BTsRhh17qxrNuRA
ഹോട്ടൽ ശ്രീകുമാർ,"Pachalloor Punkulam Rd, Poonkulam, Thiruvananthapuram, Kerala 695522, India",,76.97596419999999,8.422919,ChIJtSG_yjylBTsR9aE64i_zaaQ,OPERATIONAL,https://www.google.com/maps/place/?q=place_id:ChIJtSG_yjylBTsR9aE64i_zaaQ
🍲 Ruby’s Kitchen 🍲 4 Veggies Lover,"Kulathoor, Thiruvananthapuram, Kerala 695583, India",+91 95395 32401,76.8896361,8.537122799999999,ChIJy2dr_Ja_BTsR7cpCtaasLoM,OPERATIONAL,https://www.google.com/maps/place/?q=place_id:ChIJy2dr_Ja_BTsR7cpCtaasLoM
